{"type":"FeatureCollection","features":[{"type":"Feature","properties":{"entityId":"504403158281321768","name":"Hex and Highwater Port","tier":8,"has_bank":1,"has_market":1,"has_waystone":1},"geometry":{"type":"Point","coordinates":[11170,13869]}},{"type":"Feature","properties":{"entityId":"504403158281332451","name":"Urgport","tier":4,"has_bank":1,"has_market":0,"has_waystone":1},"geometry":{"type":"Point","coordinates":[13203,14110]}},{"type":"Feature","properties":{"entityId":"504403158296495497","name":"Vermilion Forge","tier":8,"has_bank":1,"has_market":0,"has_waystone":1},"geometry":{"type":"Point","coordinates":[14481,12408]}},{"type":"Feature","properties":{"entityId":"504403158281424561","name":"Legitimate Trading Post","tier":7,"has_bank":1,"has_market":1,"has_waystone":1},"geometry":{"type":"Point","coordinates":[11440,11445]}},{"type":"Feature","properties":{"entityId":"504403158281425799","name":"Marquisate of Golden Blossoms","tier":6,"has_bank":1,"has_market":0,"has_waystone":1},"geometry":{"type":"Point","coordinates":[13275,14733]}},{"type":"Feature","properties":{"entityId":"504403158281530795","name":"Legitimate Emarium Exchange","tier":4,"has_bank":1,"has_market":1,"has_waystone":1},"geometry":{"type":"Point","coordinates":[9558,11394]}},{"type":"Feature","properties":{"entityId":"504403158281548412","name":"Aretia","tier":4,"has_bank":1,"has_market":1,"has_waystone":1},"geometry":{"type":"Point","coordinates":[12439,12165]}},{"type":"Feature","properties":{"entityId":"504403158281946677","name":"Glitter Garden","tier":6,"has_bank":1,"has_market":1,"has_waystone":1},"geometry":{"type":"Point","coordinates":[13335,12586]}},{"type":"Feature","properties":{"entityId":"504403158282023474","name":"Oceanside","tier":4,"has_bank":1,"has_market":1,"has_waystone":1},"geometry":{"type":"Point","coordinates":[8822,14604]}},{"type":"Feature","properties":{"entityId":"504403158282033690","name":"The Unseen University","tier":4,"has_bank":1,"has_market":0,"has_waystone":1},"geometry":{"type":"Point","coordinates":[12572,11778]}},{"type":"Feature","properties":{"entityId":"504403158282050714","name":"Southpoint","tier":4,"has_bank":1,"has_market":1,"has_waystone":1},"geometry":{"type":"Point","coordinates":[9748,8607]}},{"type":"Feature","properties":{"entityId":"504403158282167515","name":"Blackblood Isle","tier":2,"has_bank":1,"has_market":0,"has_waystone":0},"geometry":{"type":"Point","coordinates":[10248,14828]}},{"type":"Feature","properties":{"entityId":"504403158282178663","name":"Botany Bay","tier":4,"has_bank":1,"has_market":0,"has_waystone":1},"geometry":{"type":"Point","coordinates":[10848,14580]}},{"type":"Feature","properties":{"entityId":"504403158282342507","name":"Ubsala","tier":5,"has_bank":1,"has_market":1,"has_waystone":1},"geometry":{"type":"Point","coordinates":[10002,13956]}},{"type":"Feature","properties":{"entityId":"504403158296533265","name":"Mourningdale","tier":4,"has_bank":1,"has_market":0,"has_waystone":1},"geometry":{"type":"Point","coordinates":[12837,14905]}},{"type":"Feature","properties":{"entityId":"504403158285875038","name":"Zul Aman","tier":6,"has_bank":1,"has_market":1,"has_waystone":1},"geometry":{"type":"Point","coordinates":[14928,11370]}},{"type":"Feature","properties":{"entityId":"504403158282932656","name":"Brisbane","tier":4,"has_bank":1,"has_market":1,"has_waystone":1},"geometry":{"type":"Point","coordinates":[9317,12504]}},{"type":"Feature","properties":{"entityId":"504403158282951254","name":"Knights Who Say Ni","tier":7,"has_bank":1,"has_market":1,"has_waystone":1},"geometry":{"type":"Point","coordinates":[9299,14246]}},{"type":"Feature","properties":{"entityId":"504403158331222692","name":"Pardranor","tier":3,"has_bank":0,"has_market":0,"has_waystone":1},"geometry":{"type":"Point","coordinates":[11025,9053]}},{"type":"Feature","properties":{"entityId":"504403158285403211","name":"Owl Canyon","tier":4,"has_bank":1,"has_market":0,"has_waystone":1},"geometry":{"type":"Point","coordinates":[11601,13758]}},{"type":"Feature","properties":{"entityId":"504403158283469374","name":"BeePort Reborn","tier":4,"has_bank":1,"has_market":0,"has_waystone":1},"geometry":{"type":"Point","coordinates":[14980,13341]}},{"type":"Feature","properties":{"entityId":"504403158283765700","name":"Deus Vult","tier":7,"has_bank":1,"has_market":1,"has_waystone":1},"geometry":{"type":"Point","coordinates":[13232,10945]}},{"type":"Feature","properties":{"entityId":"504403158283767235","name":"Rock Kollective","tier":5,"has_bank":1,"has_market":0,"has_waystone":1},"geometry":{"type":"Point","coordinates":[13167,14004]}},{"type":"Feature","properties":{"entityId":"504403158296053899","name":"Port Herbia","tier":3,"has_bank":0,"has_market":0,"has_waystone":1},"geometry":{"type":"Point","coordinates":[10642,9043]}},{"type":"Feature","properties":{"entityId":"504403158293283986","name":"Noodles","tier":6,"has_bank":1,"has_market":0,"has_waystone":1},"geometry":{"type":"Point","coordinates":[13029,9096]}},{"type":"Feature","properties":{"entityId":"504403158283893801","name":"Buzzzz Stop","tier":4,"has_bank":0,"has_market":0,"has_waystone":1},"geometry":{"type":"Point","coordinates":[9942,11368]}},{"type":"Feature","properties":{"entityId":"504403158283929716","name":"Hamburg","tier":4,"has_bank":1,"has_market":1,"has_waystone":1},"geometry":{"type":"Point","coordinates":[10812,11586]}},{"type":"Feature","properties":{"entityId":"504403158327555639","name":"house of ehh","tier":3,"has_bank":0,"has_market":0,"has_waystone":1},"geometry":{"type":"Point","coordinates":[8542,10887]}},{"type":"Feature","properties":{"entityId":"504403158334658504","name":"AkinGhra","tier":3,"has_bank":1,"has_market":0,"has_waystone":1},"geometry":{"type":"Point","coordinates":[10290,11380]}},{"type":"Feature","properties":{"entityId":"504403158284215983","name":"Cape of Good Hope","tier":2,"has_bank":0,"has_market":0,"has_waystone":1},"geometry":{"type":"Point","coordinates":[11693,8158]}},{"type":"Feature","properties":{"entityId":"504403158319261679","name":"Legitimate Lake Cervid","tier":3,"has_bank":1,"has_market":0,"has_waystone":1},"geometry":{"type":"Point","coordinates":[9757,9741]}},{"type":"Feature","properties":{"entityId":"504403158284518324","name":"Merbraltar","tier":2,"has_bank":1,"has_market":0,"has_waystone":1},"geometry":{"type":"Point","coordinates":[14178,13205]}},{"type":"Feature","properties":{"entityId":"504403158284602509","name":"Capital of Hellsing","tier":4,"has_bank":1,"has_market":1,"has_waystone":1},"geometry":{"type":"Point","coordinates":[12064,12299]}},{"type":"Feature","properties":{"entityId":"504403158284646887","name":"GreenWood","tier":6,"has_bank":1,"has_market":1,"has_waystone":1},"geometry":{"type":"Point","coordinates":[12140,11521]}},{"type":"Feature","properties":{"entityId":"504403158284778685","name":"Catnip","tier":3,"has_bank":1,"has_market":0,"has_waystone":1},"geometry":{"type":"Point","coordinates":[13343,10026]}},{"type":"Feature","properties":{"entityId":"504403158284851451","name":"Claimed area (N: 4479, E: 3761)","tier":4,"has_bank":1,"has_market":0,"has_waystone":1},"geometry":{"type":"Point","coordinates":[11285,13437]}},{"type":"Feature","properties":{"entityId":"504403158284857252","name":"Average","tier":4,"has_bank":1,"has_market":0,"has_waystone":1},"geometry":{"type":"Point","coordinates":[10676,10389]}},{"type":"Feature","properties":{"entityId":"504403158328478857","name":"Linyak","tier":2,"has_bank":1,"has_market":0,"has_waystone":0},"geometry":{"type":"Point","coordinates":[12525,9507]}},{"type":"Feature","properties":{"entityId":"504403158290660742","name":"Isengard","tier":4,"has_bank":1,"has_market":0,"has_waystone":1},"geometry":{"type":"Point","coordinates":[10845,12720]}},{"type":"Feature","properties":{"entityId":"504403158285276414","name":"The Socially Awkward","tier":4,"has_bank":1,"has_market":1,"has_waystone":1},"geometry":{"type":"Point","coordinates":[8546,12868]}},{"type":"Feature","properties":{"entityId":"504403158285422045","name":"Port Sarim","tier":3,"has_bank":1,"has_market":0,"has_waystone":1},"geometry":{"type":"Point","coordinates":[10332,12037]}},{"type":"Feature","properties":{"entityId":"504403158285441980","name":"River Rock","tier":4,"has_bank":1,"has_market":0,"has_waystone":1},"geometry":{"type":"Point","coordinates":[13653,10879]}},{"type":"Feature","properties":{"entityId":"504403158285681261","name":"BimbaLand","tier":4,"has_bank":1,"has_market":1,"has_waystone":1},"geometry":{"type":"Point","coordinates":[10279,14029]}},{"type":"Feature","properties":{"entityId":"504403158331598893","name":"Apex","tier":2,"has_bank":0,"has_market":0,"has_waystone":0},"geometry":{"type":"Point","coordinates":[11169,10860]}},{"type":"Feature","properties":{"entityId":"504403158285891916","name":"T5 Mining and Fishing","tier":5,"has_bank":1,"has_market":0,"has_waystone":1},"geometry":{"type":"Point","coordinates":[12481,14968]}},{"type":"Feature","properties":{"entityId":"504403158285987394","name":"Legitimate Fight Club","tier":2,"has_bank":1,"has_market":0,"has_waystone":1},"geometry":{"type":"Point","coordinates":[12589,9640]}},{"type":"Feature","properties":{"entityId":"504403158286004455","name":"Legitimate Side Project","tier":3,"has_bank":0,"has_market":0,"has_waystone":0},"geometry":{"type":"Point","coordinates":[10210,10920]}},{"type":"Feature","properties":{"entityId":"504403158342725647","name":"Birdemic2","tier":2,"has_bank":1,"has_market":0,"has_waystone":0},"geometry":{"type":"Point","coordinates":[13325,10299]}},{"type":"Feature","properties":{"entityId":"504403158287189087","name":"Sentinel Bay","tier":4,"has_bank":1,"has_market":0,"has_waystone":1},"geometry":{"type":"Point","coordinates":[13174,12039]}},{"type":"Feature","properties":{"entityId":"504403158286125527","name":"Sea Gate","tier":6,"has_bank":1,"has_market":1,"has_waystone":1},"geometry":{"type":"Point","coordinates":[13247,9691]}},{"type":"Feature","properties":{"entityId":"504403158286145818","name":"RK North Elevator","tier":1,"has_bank":0,"has_market":0,"has_waystone":0},"geometry":{"type":"Point","coordinates":[13293,14131]}},{"type":"Feature","properties":{"entityId":"504403158286530509","name":"RK South Elevator","tier":1,"has_bank":0,"has_market":0,"has_waystone":0},"geometry":{"type":"Point","coordinates":[13299,13878]}},{"type":"Feature","properties":{"entityId":"504403158333723798","name":"Kobolds Porthole","tier":2,"has_bank":1,"has_market":0,"has_waystone":0},"geometry":{"type":"Point","coordinates":[13094,11327]}},{"type":"Feature","properties":{"entityId":"504403158338867184","name":"Claimed area (N: 3745, E: 3499)","tier":2,"has_bank":0,"has_market":0,"has_waystone":0},"geometry":{"type":"Point","coordinates":[10500,11236]}},{"type":"Feature","properties":{"entityId":"504403158286875353","name":"Grand Dukedom of Thornes","tier":5,"has_bank":1,"has_market":0,"has_waystone":1},"geometry":{"type":"Point","coordinates":[10903,13079]}},{"type":"Feature","properties":{"entityId":"504403158286894446","name":"Dolltopia","tier":4,"has_bank":1,"has_market":1,"has_waystone":1},"geometry":{"type":"Point","coordinates":[12474,11887]}},{"type":"Feature","properties":{"entityId":"504403158332660970","name":"Compromise","tier":2,"has_bank":0,"has_market":0,"has_waystone":0},"geometry":{"type":"Point","coordinates":[10665,13459]}},{"type":"Feature","properties":{"entityId":"504403158287211815","name":"The Barking Ground","tier":2,"has_bank":1,"has_market":0,"has_waystone":0},"geometry":{"type":"Point","coordinates":[10040,11192]}},{"type":"Feature","properties":{"entityId":"504403158300479414","name":"Brinehaven Rest","tier":4,"has_bank":1,"has_market":1,"has_waystone":1},"geometry":{"type":"Point","coordinates":[8167,13401]}},{"type":"Feature","properties":{"entityId":"504403158308867168","name":"Metal For Mettle","tier":3,"has_bank":1,"has_market":0,"has_waystone":1},"geometry":{"type":"Point","coordinates":[8685,13543]}},{"type":"Feature","properties":{"entityId":"504403158340200093","name":"RockWood","tier":3,"has_bank":1,"has_market":0,"has_waystone":1},"geometry":{"type":"Point","coordinates":[12808,12825]}},{"type":"Feature","properties":{"entityId":"504403158287614322","name":"Cave of Caerbannog","tier":2,"has_bank":0,"has_market":0,"has_waystone":1},"geometry":{"type":"Point","coordinates":[9139,13823]}},{"type":"Feature","properties":{"entityId":"504403158288449543","name":"SENDAI","tier":3,"has_bank":1,"has_market":0,"has_waystone":1},"geometry":{"type":"Point","coordinates":[8809,9699]}},{"type":"Feature","properties":{"entityId":"504403158314563713","name":"Cervtide","tier":4,"has_bank":1,"has_market":0,"has_waystone":1},"geometry":{"type":"Point","coordinates":[9489,10278]}},{"type":"Feature","properties":{"entityId":"504403158336868478","name":"Little Hextown","tier":4,"has_bank":1,"has_market":0,"has_waystone":1},"geometry":{"type":"Point","coordinates":[11290,13851]}},{"type":"Feature","properties":{"entityId":"504403158288771779","name":"New Chinook Landing","tier":3,"has_bank":1,"has_market":0,"has_waystone":1},"geometry":{"type":"Point","coordinates":[11878,12639]}},{"type":"Feature","properties":{"entityId":"504403158290885570","name":"Legitimate Port Alpha","tier":3,"has_bank":1,"has_market":0,"has_waystone":1},"geometry":{"type":"Point","coordinates":[12342,9102]}},{"type":"Feature","properties":{"entityId":"504403158288842052","name":"New Order","tier":4,"has_bank":1,"has_market":0,"has_waystone":1},"geometry":{"type":"Point","coordinates":[13739,12245]}},{"type":"Feature","properties":{"entityId":"504403158288875065","name":"Port Zarim","tier":3,"has_bank":1,"has_market":0,"has_waystone":1},"geometry":{"type":"Point","coordinates":[11188,14154]}},{"type":"Feature","properties":{"entityId":"504403158308379684","name":"Rock Harbor","tier":4,"has_bank":1,"has_market":1,"has_waystone":1},"geometry":{"type":"Point","coordinates":[14106,14124]}},{"type":"Feature","properties":{"entityId":"504403158310535731","name":"Sailaway Kitty","tier":4,"has_bank":1,"has_market":1,"has_waystone":1},"geometry":{"type":"Point","coordinates":[12006,11700]}},{"type":"Feature","properties":{"entityId":"504403158289303602","name":"Cliffside UC","tier":4,"has_bank":1,"has_market":1,"has_waystone":1},"geometry":{"type":"Point","coordinates":[8752,11913]}},{"type":"Feature","properties":{"entityId":"504403158307802624","name":"Bleeding Foxfire Shrine","tier":3,"has_bank":1,"has_market":0,"has_waystone":1},"geometry":{"type":"Point","coordinates":[14513,11083]}},{"type":"Feature","properties":{"entityId":"504403158310632728","name":"Istaria","tier":5,"has_bank":1,"has_market":0,"has_waystone":1},"geometry":{"type":"Point","coordinates":[10008,10242]}},{"type":"Feature","properties":{"entityId":"504403158289374878","name":"R7 T3 Dungeon W","tier":2,"has_bank":1,"has_market":0,"has_waystone":1},"geometry":{"type":"Point","coordinates":[8780,13352]}},{"type":"Feature","properties":{"entityId":"504403158338197727","name":"West Introvert Hunting Outpost","tier":2,"has_bank":1,"has_market":0,"has_waystone":1},"geometry":{"type":"Point","coordinates":[8212,9129]}},{"type":"Feature","properties":{"entityId":"504403158289514836","name":"Kasaland","tier":3,"has_bank":1,"has_market":0,"has_waystone":1},"geometry":{"type":"Point","coordinates":[9836,14147]}},{"type":"Feature","properties":{"entityId":"504403158319623874","name":"Legitimate Danger Pines","tier":4,"has_bank":1,"has_market":1,"has_waystone":1},"geometry":{"type":"Point","coordinates":[9120,9348]}},{"type":"Feature","properties":{"entityId":"504403158306842087","name":"Pyrelite Cave","tier":3,"has_bank":0,"has_market":0,"has_waystone":1},"geometry":{"type":"Point","coordinates":[10021,8831]}},{"type":"Feature","properties":{"entityId":"504403158333314569","name":"Brooknook","tier":3,"has_bank":0,"has_market":0,"has_waystone":1},"geometry":{"type":"Point","coordinates":[8528,8960]}},{"type":"Feature","properties":{"entityId":"504403158290666636","name":"Viscounty of the Velvet Rose","tier":4,"has_bank":0,"has_market":0,"has_waystone":1},"geometry":{"type":"Point","coordinates":[10919,12776]}},{"type":"Feature","properties":{"entityId":"504403158290684079","name":"Barony of the Vibrant Fields","tier":4,"has_bank":0,"has_market":0,"has_waystone":1},"geometry":{"type":"Point","coordinates":[10710,12890]}},{"type":"Feature","properties":{"entityId":"504403158290727501","name":"County of The Shattered Misricorde","tier":4,"has_bank":0,"has_market":0,"has_waystone":1},"geometry":{"type":"Point","coordinates":[10767,13134]}},{"type":"Feature","properties":{"entityId":"504403158290922299","name":"RavenStoop","tier":5,"has_bank":1,"has_market":1,"has_waystone":1},"geometry":{"type":"Point","coordinates":[11215,12517]}},{"type":"Feature","properties":{"entityId":"504403158291415273","name":"Lumethis Cove","tier":2,"has_bank":1,"has_market":0,"has_waystone":1},"geometry":{"type":"Point","coordinates":[15033,10651]}},{"type":"Feature","properties":{"entityId":"504403158343022728","name":"Bricks and Minifigs owes me","tier":2,"has_bank":0,"has_market":0,"has_waystone":0},"geometry":{"type":"Point","coordinates":[11043,13997]}},{"type":"Feature","properties":{"entityId":"504403158291357448","name":"Birdemic","tier":2,"has_bank":1,"has_market":0,"has_waystone":1},"geometry":{"type":"Point","coordinates":[14156,11985]}},{"type":"Feature","properties":{"entityId":"504403158291417571","name":"Peace Corps","tier":3,"has_bank":1,"has_market":0,"has_waystone":1},"geometry":{"type":"Point","coordinates":[10654,10134]}},{"type":"Feature","properties":{"entityId":"504403158330750005","name":"Claimed area (N: 4074, E: 3500)","tier":2,"has_bank":0,"has_market":0,"has_waystone":0},"geometry":{"type":"Point","coordinates":[10499,12223]}},{"type":"Feature","properties":{"entityId":"504403158344033234","name":"Dapplehold","tier":2,"has_bank":1,"has_market":0,"has_waystone":0},"geometry":{"type":"Point","coordinates":[10811,12234]}},{"type":"Feature","properties":{"entityId":"504403158292675196","name":"Veridian Reach","tier":5,"has_bank":1,"has_market":0,"has_waystone":1},"geometry":{"type":"Point","coordinates":[8812,12862]}},{"type":"Feature","properties":{"entityId":"504403158303127332","name":"Death Mountain","tier":1,"has_bank":0,"has_market":0,"has_waystone":0},"geometry":{"type":"Point","coordinates":[11563,13923]}},{"type":"Feature","properties":{"entityId":"504403158292819246","name":"Ravenwatch","tier":5,"has_bank":1,"has_market":0,"has_waystone":1},"geometry":{"type":"Point","coordinates":[8260,10239]}},{"type":"Feature","properties":{"entityId":"504403158330620803","name":"Cult of the Pyrelite Cave","tier":3,"has_bank":1,"has_market":0,"has_waystone":1},"geometry":{"type":"Point","coordinates":[10237,9104]}},{"type":"Feature","properties":{"entityId":"504403158293352179","name":"Boulder Redoubt","tier":5,"has_bank":1,"has_market":0,"has_waystone":1},"geometry":{"type":"Point","coordinates":[13318,13276]}},{"type":"Feature","properties":{"entityId":"504403158311462446","name":"Kyane Zephyros","tier":2,"has_bank":0,"has_market":0,"has_waystone":0},"geometry":{"type":"Point","coordinates":[13432,13035]}},{"type":"Feature","properties":{"entityId":"504403158293683784","name":"Burnouts T7 Dungeon","tier":2,"has_bank":1,"has_market":0,"has_waystone":1},"geometry":{"type":"Point","coordinates":[14561,10055]}},{"type":"Feature","properties":{"entityId":"504403158293778390","name":"Mistveil Falls","tier":5,"has_bank":1,"has_market":1,"has_waystone":1},"geometry":{"type":"Point","coordinates":[11248,12900]}},{"type":"Feature","properties":{"entityId":"504403158293962536","name":"Luminite Falls","tier":5,"has_bank":1,"has_market":1,"has_waystone":1},"geometry":{"type":"Point","coordinates":[12328,14289]}},{"type":"Feature","properties":{"entityId":"504403158294495993","name":"Mistcloak Gully","tier":4,"has_bank":1,"has_market":0,"has_waystone":1},"geometry":{"type":"Point","coordinates":[13951,12549]}},{"type":"Feature","properties":{"entityId":"504403158295880572","name":"Camp Emerald","tier":4,"has_bank":1,"has_market":0,"has_waystone":1},"geometry":{"type":"Point","coordinates":[10207,9555]}},{"type":"Feature","properties":{"entityId":"504403158339882483","name":"Hope World","tier":2,"has_bank":0,"has_market":0,"has_waystone":0},"geometry":{"type":"Point","coordinates":[13020,12383]}},{"type":"Feature","properties":{"entityId":"504403158338337404","name":"Earldom of Crimson Tides","tier":2,"has_bank":0,"has_market":0,"has_waystone":0},"geometry":{"type":"Point","coordinates":[13349,14677]}},{"type":"Feature","properties":{"entityId":"504403158307137079","name":"LEGITIMATE FARMERS CO OP","tier":4,"has_bank":1,"has_market":0,"has_waystone":0},"geometry":{"type":"Point","coordinates":[11284,11469]}},{"type":"Feature","properties":{"entityId":"504403158310520183","name":"Hyena Haven","tier":2,"has_bank":0,"has_market":0,"has_waystone":0},"geometry":{"type":"Point","coordinates":[10055,9988]}},{"type":"Feature","properties":{"entityId":"504403158295194897","name":"Altar of Virexal","tier":3,"has_bank":0,"has_market":0,"has_waystone":1},"geometry":{"type":"Point","coordinates":[11667,12798]}},{"type":"Feature","properties":{"entityId":"504403158331486951","name":"Tide Island","tier":4,"has_bank":1,"has_market":0,"has_waystone":1},"geometry":{"type":"Point","coordinates":[8454,14523]}},{"type":"Feature","properties":{"entityId":"504403158296107806","name":"Ametheist City","tier":4,"has_bank":1,"has_market":0,"has_waystone":1},"geometry":{"type":"Point","coordinates":[8335,13766]}},{"type":"Feature","properties":{"entityId":"504403158322992788","name":"Wild West","tier":4,"has_bank":1,"has_market":0,"has_waystone":1},"geometry":{"type":"Point","coordinates":[8213,14239]}},{"type":"Feature","properties":{"entityId":"504403158296382851","name":"Schwubdiwubs","tier":3,"has_bank":1,"has_market":0,"has_waystone":0},"geometry":{"type":"Point","coordinates":[9674,13786]}},{"type":"Feature","properties":{"entityId":"504403158296393822","name":"Ships Peak","tier":3,"has_bank":0,"has_market":0,"has_waystone":1},"geometry":{"type":"Point","coordinates":[12357,10548]}},{"type":"Feature","properties":{"entityId":"504403158296438745","name":"StenMarken","tier":2,"has_bank":1,"has_market":0,"has_waystone":1},"geometry":{"type":"Point","coordinates":[10179,14950]}},{"type":"Feature","properties":{"entityId":"504403158325587424","name":"Bala Ged","tier":2,"has_bank":1,"has_market":0,"has_waystone":1},"geometry":{"type":"Point","coordinates":[13758,9522]}},{"type":"Feature","properties":{"entityId":"504403158330757774","name":"Forests of Embryzil","tier":3,"has_bank":1,"has_market":0,"has_waystone":1},"geometry":{"type":"Point","coordinates":[12903,11006]}},{"type":"Feature","properties":{"entityId":"504403158297072381","name":"Pyrameade","tier":2,"has_bank":1,"has_market":0,"has_waystone":1},"geometry":{"type":"Point","coordinates":[14653,9255]}},{"type":"Feature","properties":{"entityId":"504403158313278136","name":"Mists of Frigga Fen","tier":5,"has_bank":1,"has_market":1,"has_waystone":1},"geometry":{"type":"Point","coordinates":[13376,11256]}},{"type":"Feature","properties":{"entityId":"504403158299839337","name":"Hyrule","tier":5,"has_bank":1,"has_market":1,"has_waystone":1},"geometry":{"type":"Point","coordinates":[11441,13905]}},{"type":"Feature","properties":{"entityId":"504403158299135473","name":"Boater Port","tier":3,"has_bank":0,"has_market":0,"has_waystone":0},"geometry":{"type":"Point","coordinates":[10907,11764]}},{"type":"Feature","properties":{"entityId":"504403158340402920","name":"The Waking Woods of Veilmaar","tier":2,"has_bank":1,"has_market":0,"has_waystone":0},"geometry":{"type":"Point","coordinates":[14079,11744]}},{"type":"Feature","properties":{"entityId":"504403158300478271","name":"Ilithua","tier":2,"has_bank":1,"has_market":0,"has_waystone":0},"geometry":{"type":"Point","coordinates":[13045,11488]}},{"type":"Feature","properties":{"entityId":"504403158316034860","name":"AzureCoast","tier":4,"has_bank":1,"has_market":0,"has_waystone":1},"geometry":{"type":"Point","coordinates":[12094,12754]}},{"type":"Feature","properties":{"entityId":"504403158301007083","name":"Maple Lake Hunting Outpost","tier":2,"has_bank":1,"has_market":0,"has_waystone":1},"geometry":{"type":"Point","coordinates":[8725,13803]}},{"type":"Feature","properties":{"entityId":"504403158321000658","name":"Nowhere Yet","tier":2,"has_bank":0,"has_market":0,"has_waystone":1},"geometry":{"type":"Point","coordinates":[12526,9916]}},{"type":"Feature","properties":{"entityId":"504403158301217822","name":"HISPANIA","tier":5,"has_bank":1,"has_market":0,"has_waystone":1},"geometry":{"type":"Point","coordinates":[10916,9475]}},{"type":"Feature","properties":{"entityId":"504403158301726114","name":"Legitimate Hell","tier":3,"has_bank":1,"has_market":0,"has_waystone":1},"geometry":{"type":"Point","coordinates":[13524,11278]}},{"type":"Feature","properties":{"entityId":"504403158341977843","name":"Introvert Mountain","tier":2,"has_bank":1,"has_market":0,"has_waystone":1},"geometry":{"type":"Point","coordinates":[11425,13523]}},{"type":"Feature","properties":{"entityId":"504403158301913258","name":"Legitimate Jungle Wrath","tier":4,"has_bank":1,"has_market":1,"has_waystone":1},"geometry":{"type":"Point","coordinates":[14200,9237]}},{"type":"Feature","properties":{"entityId":"504403158340945883","name":"Apartment 25","tier":2,"has_bank":0,"has_market":0,"has_waystone":1},"geometry":{"type":"Point","coordinates":[11389,8377]}},{"type":"Feature","properties":{"entityId":"504403158301769376","name":"Brineshard","tier":3,"has_bank":1,"has_market":0,"has_waystone":0},"geometry":{"type":"Point","coordinates":[10238,10679]}},{"type":"Feature","properties":{"entityId":"504403158301850817","name":"DriftWood Harbor","tier":3,"has_bank":0,"has_market":0,"has_waystone":0},"geometry":{"type":"Point","coordinates":[11144,8607]}},{"type":"Feature","properties":{"entityId":"504403158318010820","name":"The Hole","tier":6,"has_bank":1,"has_market":0,"has_waystone":1},"geometry":{"type":"Point","coordinates":[9639,9230]}},{"type":"Feature","properties":{"entityId":"504403158336891693","name":"GoatLand of Oz","tier":2,"has_bank":1,"has_market":0,"has_waystone":1},"geometry":{"type":"Point","coordinates":[10750,13803]}},{"type":"Feature","properties":{"entityId":"504403158304149489","name":"SouthPort","tier":3,"has_bank":1,"has_market":0,"has_waystone":1},"geometry":{"type":"Point","coordinates":[9446,12228]}},{"type":"Feature","properties":{"entityId":"504403158306194184","name":"Fiole","tier":4,"has_bank":1,"has_market":0,"has_waystone":1},"geometry":{"type":"Point","coordinates":[11732,14240]}},{"type":"Feature","properties":{"entityId":"504403158306318066","name":"Mieux","tier":3,"has_bank":0,"has_market":0,"has_waystone":1},"geometry":{"type":"Point","coordinates":[13215,15126]}},{"type":"Feature","properties":{"entityId":"504403158306313839","name":"The Pines","tier":3,"has_bank":1,"has_market":0,"has_waystone":1},"geometry":{"type":"Point","coordinates":[9507,11040]}},{"type":"Feature","properties":{"entityId":"504403158309035762","name":"Saltport","tier":2,"has_bank":0,"has_market":0,"has_waystone":1},"geometry":{"type":"Point","coordinates":[10240,14721]}},{"type":"Feature","properties":{"entityId":"504403158309606931","name":"Neverland","tier":8,"has_bank":1,"has_market":1,"has_waystone":1},"geometry":{"type":"Point","coordinates":[11802,8831]}},{"type":"Feature","properties":{"entityId":"504403158310126935","name":"Broken Rock Landing","tier":3,"has_bank":1,"has_market":0,"has_waystone":1},"geometry":{"type":"Point","coordinates":[14244,13388]}},{"type":"Feature","properties":{"entityId":"504403158310296671","name":"Hex Dredging Cooperative","tier":3,"has_bank":1,"has_market":0,"has_waystone":1},"geometry":{"type":"Point","coordinates":[8605,8415]}},{"type":"Feature","properties":{"entityId":"504403158336762007","name":"7th Sign Left","tier":2,"has_bank":0,"has_market":0,"has_waystone":0},"geometry":{"type":"Point","coordinates":[11260,13743]}},{"type":"Feature","properties":{"entityId":"504403158314121223","name":"Fadrex","tier":2,"has_bank":0,"has_market":0,"has_waystone":0},"geometry":{"type":"Point","coordinates":[12651,14850]}},{"type":"Feature","properties":{"entityId":"504403158315632981","name":"Oasis","tier":3,"has_bank":1,"has_market":0,"has_waystone":1},"geometry":{"type":"Point","coordinates":[13724,9631]}},{"type":"Feature","properties":{"entityId":"504403158322474351","name":"Cult of the Ferralith Cave","tier":3,"has_bank":1,"has_market":0,"has_waystone":0},"geometry":{"type":"Point","coordinates":[11829,8615]}},{"type":"Feature","properties":{"entityId":"504403158322308869","name":"Stella Fortuna","tier":3,"has_bank":1,"has_market":0,"has_waystone":1},"geometry":{"type":"Point","coordinates":[9038,14355]}},{"type":"Feature","properties":{"entityId":"504403158322272285","name":"West Introvert Trading Company","tier":4,"has_bank":1,"has_market":1,"has_waystone":1},"geometry":{"type":"Point","coordinates":[8192,12827]}},{"type":"Feature","properties":{"entityId":"504403158322419175","name":"Sylvestris","tier":3,"has_bank":1,"has_market":0,"has_waystone":1},"geometry":{"type":"Point","coordinates":[10069,9459]}},{"type":"Feature","properties":{"entityId":"504403158323161954","name":"Ashgrove Keep","tier":4,"has_bank":1,"has_market":0,"has_waystone":1},"geometry":{"type":"Point","coordinates":[12360,12108]}},{"type":"Feature","properties":{"entityId":"504403158324042550","name":"Company of Merchant Adventurers","tier":3,"has_bank":0,"has_market":0,"has_waystone":0},"geometry":{"type":"Point","coordinates":[11947,11184]}},{"type":"Feature","properties":{"entityId":"504403158326053484","name":"BalduCity","tier":4,"has_bank":0,"has_market":0,"has_waystone":1},"geometry":{"type":"Point","coordinates":[14838,9536]}},{"type":"Feature","properties":{"entityId":"504403158326159793","name":"BuldouweansParadies","tier":2,"has_bank":0,"has_market":0,"has_waystone":0},"geometry":{"type":"Point","coordinates":[14886,9708]}},{"type":"Feature","properties":{"entityId":"504403158326861081","name":"Mosscap Hollow","tier":3,"has_bank":0,"has_market":0,"has_waystone":1},"geometry":{"type":"Point","coordinates":[12253,9632]}},{"type":"Feature","properties":{"entityId":"504403158327277689","name":"Hellavos","tier":3,"has_bank":1,"has_market":0,"has_waystone":1},"geometry":{"type":"Point","coordinates":[11571,9321]}},{"type":"Feature","properties":{"entityId":"504403158327388061","name":"Claimed area (N: 3572, E: 4353)","tier":3,"has_bank":1,"has_market":0,"has_waystone":0},"geometry":{"type":"Point","coordinates":[13059,10715]}},{"type":"Feature","properties":{"entityId":"504403158328263026","name":"Cult of the False Ferralith Cave","tier":2,"has_bank":0,"has_market":0,"has_waystone":0},"geometry":{"type":"Point","coordinates":[12005,8854]}},{"type":"Feature","properties":{"entityId":"504403158331245421","name":"Claimed area (N: 3529, E: 3508)","tier":1,"has_bank":0,"has_market":0,"has_waystone":0},"geometry":{"type":"Point","coordinates":[10526,10588]}},{"type":"Feature","properties":{"entityId":"504403158331512581","name":"Foosha Village","tier":3,"has_bank":1,"has_market":0,"has_waystone":1},"geometry":{"type":"Point","coordinates":[10689,8662]}},{"type":"Feature","properties":{"entityId":"504403158334209111","name":"Claimed area (N: 4385, E: 4789)","tier":2,"has_bank":0,"has_market":0,"has_waystone":0},"geometry":{"type":"Point","coordinates":[14367,13155]}},{"type":"Feature","properties":{"entityId":"504403158335272403","name":"Temple Hall","tier":3,"has_bank":1,"has_market":0,"has_waystone":0},"geometry":{"type":"Point","coordinates":[10395,13557]}},{"type":"Feature","properties":{"entityId":"504403158335805427","name":"Nectar Orchard","tier":2,"has_bank":1,"has_market":0,"has_waystone":1},"geometry":{"type":"Point","coordinates":[10823,13519]}},{"type":"Feature","properties":{"entityId":"504403158336227960","name":"Fairfox Farm","tier":3,"has_bank":0,"has_market":0,"has_waystone":0},"geometry":{"type":"Point","coordinates":[14860,13247]}},{"type":"Feature","properties":{"entityId":"504403158336322195","name":"Greenwater Bay","tier":2,"has_bank":0,"has_market":0,"has_waystone":0},"geometry":{"type":"Point","coordinates":[9880,14250]}},{"type":"Feature","properties":{"entityId":"504403158337304924","name":"T5 Hunting Heaven","tier":3,"has_bank":1,"has_market":0,"has_waystone":0},"geometry":{"type":"Point","coordinates":[10930,13945]}},{"type":"Feature","properties":{"entityId":"504403158337311767","name":"The Menagerie","tier":2,"has_bank":1,"has_market":0,"has_waystone":1},"geometry":{"type":"Point","coordinates":[10087,10648]}},{"type":"Feature","properties":{"entityId":"576460752317422194","name":"Burnout Bay","tier":9,"has_bank":1,"has_market":1,"has_waystone":1},"geometry":{"type":"Point","coordinates":[20673,10632]}},{"type":"Feature","properties":{"entityId":"576460752317424636","name":"Tortuga Prime","tier":8,"has_bank":1,"has_market":1,"has_waystone":1},"geometry":{"type":"Point","coordinates":[19294,11583]}},{"type":"Feature","properties":{"entityId":"576460752317569190","name":"The Kollective","tier":7,"has_bank":1,"has_market":1,"has_waystone":1},"geometry":{"type":"Point","coordinates":[17682,10644]}},{"type":"Feature","properties":{"entityId":"576460752317771604","name":"Darkthorn","tier":6,"has_bank":1,"has_market":1,"has_waystone":1},"geometry":{"type":"Point","coordinates":[20942,10090]}},{"type":"Feature","properties":{"entityId":"576460752317497461","name":"GunmaMaebashi","tier":3,"has_bank":1,"has_market":0,"has_waystone":1},"geometry":{"type":"Point","coordinates":[20126,14789]}},{"type":"Feature","properties":{"entityId":"576460752319627582","name":"Pandamonium","tier":3,"has_bank":1,"has_market":0,"has_waystone":1},"geometry":{"type":"Point","coordinates":[17816,12884]}},{"type":"Feature","properties":{"entityId":"576460752317500524","name":"Aurelia","tier":7,"has_bank":1,"has_market":1,"has_waystone":1},"geometry":{"type":"Point","coordinates":[18651,9823]}},{"type":"Feature","properties":{"entityId":"576460752317541270","name":"Rivermeade","tier":7,"has_bank":1,"has_market":1,"has_waystone":1},"geometry":{"type":"Point","coordinates":[18577,10611]}},{"type":"Feature","properties":{"entityId":"576460752412950523","name":"Claimed area (N: 3597, E: 5894)","tier":1,"has_bank":0,"has_market":0,"has_waystone":0},"geometry":{"type":"Point","coordinates":[17682,10791]}},{"type":"Feature","properties":{"entityId":"576460752319415164","name":"BitCraft","tier":7,"has_bank":1,"has_market":1,"has_waystone":1},"geometry":{"type":"Point","coordinates":[17412,12726]}},{"type":"Feature","properties":{"entityId":"576460752317556013","name":"Drasilia","tier":6,"has_bank":1,"has_market":1,"has_waystone":1},"geometry":{"type":"Point","coordinates":[18102,13916]}},{"type":"Feature","properties":{"entityId":"576460752317570321","name":"La Reunion","tier":7,"has_bank":1,"has_market":1,"has_waystone":1},"geometry":{"type":"Point","coordinates":[17268,10256]}},{"type":"Feature","properties":{"entityId":"576460752317575436","name":"Twin Falls","tier":6,"has_bank":1,"has_market":1,"has_waystone":1},"geometry":{"type":"Point","coordinates":[20545,14198]}},{"type":"Feature","properties":{"entityId":"576460752317648180","name":"The Yoshi Island","tier":4,"has_bank":1,"has_market":1,"has_waystone":1},"geometry":{"type":"Point","coordinates":[17130,10874]}},{"type":"Feature","properties":{"entityId":"576460752317654569","name":"Port Bruges","tier":5,"has_bank":1,"has_market":1,"has_waystone":1},"geometry":{"type":"Point","coordinates":[18463,10113]}},{"type":"Feature","properties":{"entityId":"576460752317672631","name":"Cheese Town","tier":5,"has_bank":1,"has_market":1,"has_waystone":1},"geometry":{"type":"Point","coordinates":[17099,9490]}},{"type":"Feature","properties":{"entityId":"576460752317674470","name":"Birds of a Feather","tier":7,"has_bank":1,"has_market":1,"has_waystone":1},"geometry":{"type":"Point","coordinates":[20219,10242]}},{"type":"Feature","properties":{"entityId":"576460752317677220","name":"Emberleaf","tier":6,"has_bank":1,"has_market":1,"has_waystone":1},"geometry":{"type":"Point","coordinates":[20403,10128]}},{"type":"Feature","properties":{"entityId":"576460752317722595","name":"Floathaven","tier":6,"has_bank":1,"has_market":1,"has_waystone":1},"geometry":{"type":"Point","coordinates":[16898,10450]}},{"type":"Feature","properties":{"entityId":"576460752317767504","name":"The Black Lodge","tier":4,"has_bank":1,"has_market":1,"has_waystone":1},"geometry":{"type":"Point","coordinates":[19443,9387]}},{"type":"Feature","properties":{"entityId":"576460752317776343","name":"Wildguard","tier":5,"has_bank":1,"has_market":1,"has_waystone":1},"geometry":{"type":"Point","coordinates":[18037,11069]}},{"type":"Feature","properties":{"entityId":"576460752317790245","name":"Hexed Oak Hideaway","tier":5,"has_bank":1,"has_market":1,"has_waystone":1},"geometry":{"type":"Point","coordinates":[19970,13050]}},{"type":"Feature","properties":{"entityId":"576460752322169810","name":"My little Paradise","tier":3,"has_bank":1,"has_market":0,"has_waystone":1},"geometry":{"type":"Point","coordinates":[18688,14161]}},{"type":"Feature","properties":{"entityId":"576460752317807474","name":"The Pink Flamingo","tier":6,"has_bank":1,"has_market":1,"has_waystone":1},"geometry":{"type":"Point","coordinates":[17769,9887]}},{"type":"Feature","properties":{"entityId":"576460752317837882","name":"The Oxbow","tier":5,"has_bank":1,"has_market":1,"has_waystone":1},"geometry":{"type":"Point","coordinates":[18331,10377]}},{"type":"Feature","properties":{"entityId":"576460752318231163","name":"Pokemon Island","tier":3,"has_bank":1,"has_market":0,"has_waystone":1},"geometry":{"type":"Point","coordinates":[16119,13890]}},{"type":"Feature","properties":{"entityId":"576460752317842181","name":"Alpineish","tier":4,"has_bank":1,"has_market":0,"has_waystone":1},"geometry":{"type":"Point","coordinates":[20976,14154]}},{"type":"Feature","properties":{"entityId":"576460752317904304","name":"Wine Town","tier":5,"has_bank":1,"has_market":0,"has_waystone":1},"geometry":{"type":"Point","coordinates":[18560,8740]}},{"type":"Feature","properties":{"entityId":"576460752317915890","name":"Valyria","tier":6,"has_bank":1,"has_market":1,"has_waystone":1},"geometry":{"type":"Point","coordinates":[18127,12873]}},{"type":"Feature","properties":{"entityId":"576460752317917745","name":"KYOTO","tier":5,"has_bank":1,"has_market":1,"has_waystone":1},"geometry":{"type":"Point","coordinates":[18627,9629]}},{"type":"Feature","properties":{"entityId":"576460752317944442","name":"Angels Venture","tier":5,"has_bank":1,"has_market":1,"has_waystone":1},"geometry":{"type":"Point","coordinates":[18157,10485]}},{"type":"Feature","properties":{"entityId":"576460752318201062","name":"Tavernhearth","tier":5,"has_bank":1,"has_market":1,"has_waystone":1},"geometry":{"type":"Point","coordinates":[20572,12515]}},{"type":"Feature","properties":{"entityId":"576460752322002574","name":"Cat Island","tier":2,"has_bank":0,"has_market":0,"has_waystone":0},"geometry":{"type":"Point","coordinates":[17848,14304]}},{"type":"Feature","properties":{"entityId":"576460752318030286","name":"Mystic Illusion T7 Cave","tier":3,"has_bank":1,"has_market":0,"has_waystone":1},"geometry":{"type":"Point","coordinates":[22559,13650]}},{"type":"Feature","properties":{"entityId":"576460752323275951","name":"Fiber Collection Site","tier":5,"has_bank":1,"has_market":0,"has_waystone":1},"geometry":{"type":"Point","coordinates":[17673,9645]}},{"type":"Feature","properties":{"entityId":"576460752318216928","name":"Seabrook","tier":4,"has_bank":1,"has_market":1,"has_waystone":1},"geometry":{"type":"Point","coordinates":[19414,8165]}},{"type":"Feature","properties":{"entityId":"576460752318313779","name":"Dragonsdale Market","tier":6,"has_bank":1,"has_market":1,"has_waystone":1},"geometry":{"type":"Point","coordinates":[20538,12086]}},{"type":"Feature","properties":{"entityId":"576460752318341033","name":"Kilika","tier":4,"has_bank":1,"has_market":0,"has_waystone":1},"geometry":{"type":"Point","coordinates":[18213,10936]}},{"type":"Feature","properties":{"entityId":"576460752321672866","name":"Lower La Noscea","tier":3,"has_bank":1,"has_market":0,"has_waystone":1},"geometry":{"type":"Point","coordinates":[16607,8851]}},{"type":"Feature","properties":{"entityId":"576460752318399023","name":"Oath Keep","tier":5,"has_bank":1,"has_market":1,"has_waystone":1},"geometry":{"type":"Point","coordinates":[18884,14193]}},{"type":"Feature","properties":{"entityId":"576460752318431733","name":"Earthforged Foundry","tier":5,"has_bank":1,"has_market":1,"has_waystone":1},"geometry":{"type":"Point","coordinates":[21933,13192]}},{"type":"Feature","properties":{"entityId":"576460752318494108","name":"StormHaven","tier":3,"has_bank":1,"has_market":0,"has_waystone":1},"geometry":{"type":"Point","coordinates":[20507,14667]}},{"type":"Feature","properties":{"entityId":"576460752318545662","name":"Heatherwood Hollow","tier":4,"has_bank":1,"has_market":0,"has_waystone":1},"geometry":{"type":"Point","coordinates":[15940,13017]}},{"type":"Feature","properties":{"entityId":"576460752318702467","name":"Sand Kollective","tier":2,"has_bank":1,"has_market":0,"has_waystone":1},"geometry":{"type":"Point","coordinates":[16542,10697]}},{"type":"Feature","properties":{"entityId":"576460752318840236","name":"Parliament of Owls","tier":3,"has_bank":1,"has_market":0,"has_waystone":1},"geometry":{"type":"Point","coordinates":[17329,11392]}},{"type":"Feature","properties":{"entityId":"576460752332163204","name":"Dresden","tier":4,"has_bank":1,"has_market":0,"has_waystone":1},"geometry":{"type":"Point","coordinates":[18441,13933]}},{"type":"Feature","properties":{"entityId":"576460752318934969","name":"Sacred Grove","tier":6,"has_bank":1,"has_market":1,"has_waystone":1},"geometry":{"type":"Point","coordinates":[16380,13703]}},{"type":"Feature","properties":{"entityId":"576460752318941475","name":"Musketeers Respite","tier":4,"has_bank":1,"has_market":1,"has_waystone":1},"geometry":{"type":"Point","coordinates":[18471,12498]}},{"type":"Feature","properties":{"entityId":"576460752318945788","name":"Far Harbor","tier":3,"has_bank":1,"has_market":0,"has_waystone":1},"geometry":{"type":"Point","coordinates":[18275,14320]}},{"type":"Feature","properties":{"entityId":"576460752318954681","name":"Moose Bog Canada 2026","tier":5,"has_bank":1,"has_market":1,"has_waystone":1},"geometry":{"type":"Point","coordinates":[17336,13099]}},{"type":"Feature","properties":{"entityId":"576460752319116684","name":"Brewlight","tier":4,"has_bank":1,"has_market":1,"has_waystone":1},"geometry":{"type":"Point","coordinates":[21129,9670]}},{"type":"Feature","properties":{"entityId":"576460752319111610","name":"Whitegate","tier":4,"has_bank":1,"has_market":1,"has_waystone":1},"geometry":{"type":"Point","coordinates":[20537,10178]}},{"type":"Feature","properties":{"entityId":"576460752319200646","name":"CHIBA","tier":5,"has_bank":1,"has_market":1,"has_waystone":1},"geometry":{"type":"Point","coordinates":[17746,10893]}},{"type":"Feature","properties":{"entityId":"576460752320154896","name":"Wubs Riverside Residence","tier":4,"has_bank":1,"has_market":1,"has_waystone":1},"geometry":{"type":"Point","coordinates":[17025,11711]}},{"type":"Feature","properties":{"entityId":"576460752412037860","name":"The Cursed Forest","tier":1,"has_bank":0,"has_market":0,"has_waystone":0},"geometry":{"type":"Point","coordinates":[20014,13173]}},{"type":"Feature","properties":{"entityId":"576460752398331958","name":"Far Point","tier":2,"has_bank":0,"has_market":0,"has_waystone":1},"geometry":{"type":"Point","coordinates":[19627,14933]}},{"type":"Feature","properties":{"entityId":"576460752319366553","name":"The Litterbox","tier":6,"has_bank":1,"has_market":0,"has_waystone":1},"geometry":{"type":"Point","coordinates":[15861,11475]}},{"type":"Feature","properties":{"entityId":"576460752364241545","name":"R8 NE Jungle","tier":3,"has_bank":1,"has_market":0,"has_waystone":1},"geometry":{"type":"Point","coordinates":[17895,10358]}},{"type":"Feature","properties":{"entityId":"576460752319403391","name":"Alberta City of the Merchant Guild","tier":4,"has_bank":1,"has_market":1,"has_waystone":1},"geometry":{"type":"Point","coordinates":[18929,11650]}},{"type":"Feature","properties":{"entityId":"576460752319408635","name":"NorthFall","tier":4,"has_bank":1,"has_market":0,"has_waystone":1},"geometry":{"type":"Point","coordinates":[20579,14326]}},{"type":"Feature","properties":{"entityId":"576460752319645664","name":"2Falls1Mine","tier":4,"has_bank":0,"has_market":0,"has_waystone":1},"geometry":{"type":"Point","coordinates":[21376,13479]}},{"type":"Feature","properties":{"entityId":"576460752319714114","name":"Winterfell","tier":3,"has_bank":1,"has_market":0,"has_waystone":1},"geometry":{"type":"Point","coordinates":[20601,10060]}},{"type":"Feature","properties":{"entityId":"576460752382483655","name":"R8 Eastern Desert","tier":3,"has_bank":1,"has_market":0,"has_waystone":1},"geometry":{"type":"Point","coordinates":[22052,10093]}},{"type":"Feature","properties":{"entityId":"576460752320052518","name":"hinoki","tier":4,"has_bank":1,"has_market":1,"has_waystone":1},"geometry":{"type":"Point","coordinates":[20920,8940]}},{"type":"Feature","properties":{"entityId":"576460752320066420","name":"Avaritia Virtuosa","tier":2,"has_bank":1,"has_market":0,"has_waystone":1},"geometry":{"type":"Point","coordinates":[21867,12455]}},{"type":"Feature","properties":{"entityId":"576460752328750469","name":"Pink Pony Club","tier":4,"has_bank":1,"has_market":1,"has_waystone":1},"geometry":{"type":"Point","coordinates":[20425,9952]}},{"type":"Feature","properties":{"entityId":"576460752320246728","name":"Lake Laogai","tier":4,"has_bank":1,"has_market":1,"has_waystone":1},"geometry":{"type":"Point","coordinates":[20246,12678]}},{"type":"Feature","properties":{"entityId":"576460752320314631","name":"Nawiedzony Fort","tier":6,"has_bank":1,"has_market":1,"has_waystone":1},"geometry":{"type":"Point","coordinates":[20473,11599]}},{"type":"Feature","properties":{"entityId":"576460752386166914","name":"R8 Autumn Dng","tier":3,"has_bank":1,"has_market":0,"has_waystone":1},"geometry":{"type":"Point","coordinates":[19250,9332]}},{"type":"Feature","properties":{"entityId":"576460752320471592","name":"Upthere","tier":3,"has_bank":1,"has_market":0,"has_waystone":1},"geometry":{"type":"Point","coordinates":[16769,14186]}},{"type":"Feature","properties":{"entityId":"576460752320710368","name":"Silverwood","tier":5,"has_bank":1,"has_market":0,"has_waystone":1},"geometry":{"type":"Point","coordinates":[18254,11606]}},{"type":"Feature","properties":{"entityId":"576460752372224869","name":"Fairgrounds","tier":3,"has_bank":1,"has_market":0,"has_waystone":1},"geometry":{"type":"Point","coordinates":[18687,10788]}},{"type":"Feature","properties":{"entityId":"576460752333130619","name":"Decatur","tier":4,"has_bank":0,"has_market":1,"has_waystone":1},"geometry":{"type":"Point","coordinates":[19378,10393]}},{"type":"Feature","properties":{"entityId":"576460752321083457","name":"Amberleaf North Hunting Grounds","tier":4,"has_bank":1,"has_market":0,"has_waystone":1},"geometry":{"type":"Point","coordinates":[19295,8916]}},{"type":"Feature","properties":{"entityId":"576460752321269300","name":"Hammertown","tier":3,"has_bank":1,"has_market":0,"has_waystone":1},"geometry":{"type":"Point","coordinates":[18782,8324]}},{"type":"Feature","properties":{"entityId":"576460752379333177","name":"Claimed area (N: 3804, E: 5980)","tier":2,"has_bank":0,"has_market":0,"has_waystone":0},"geometry":{"type":"Point","coordinates":[17941,11413]}},{"type":"Feature","properties":{"entityId":"576460752363759152","name":"Sakura","tier":3,"has_bank":1,"has_market":0,"has_waystone":1},"geometry":{"type":"Point","coordinates":[17981,10027]}},{"type":"Feature","properties":{"entityId":"576460752321379673","name":"Cairdeas City","tier":4,"has_bank":1,"has_market":0,"has_waystone":1},"geometry":{"type":"Point","coordinates":[19428,12206]}},{"type":"Feature","properties":{"entityId":"576460752327163458","name":"Sosnowiec","tier":6,"has_bank":1,"has_market":0,"has_waystone":1},"geometry":{"type":"Point","coordinates":[19801,13882]}},{"type":"Feature","properties":{"entityId":"576460752321506415","name":"HAKODATE","tier":2,"has_bank":0,"has_market":0,"has_waystone":0},"geometry":{"type":"Point","coordinates":[20224,9120]}},{"type":"Feature","properties":{"entityId":"576460752321574425","name":"Idlewood","tier":3,"has_bank":1,"has_market":0,"has_waystone":1},"geometry":{"type":"Point","coordinates":[19104,10193]}},{"type":"Feature","properties":{"entityId":"576460752321602291","name":"The Swallows Nest","tier":3,"has_bank":1,"has_market":0,"has_waystone":1},"geometry":{"type":"Point","coordinates":[20368,14709]}},{"type":"Feature","properties":{"entityId":"576460752412948840","name":"Claimed area (N: 3578, E: 5937)","tier":1,"has_bank":0,"has_market":0,"has_waystone":0},"geometry":{"type":"Point","coordinates":[17810,10734]}},{"type":"Feature","properties":{"entityId":"576460752322724644","name":"Zoinkswood Camp","tier":3,"has_bank":1,"has_market":0,"has_waystone":1},"geometry":{"type":"Point","coordinates":[16633,11484]}},{"type":"Feature","properties":{"entityId":"576460752405761850","name":"At your Cervus","tier":2,"has_bank":0,"has_market":0,"has_waystone":1},"geometry":{"type":"Point","coordinates":[20914,9399]}},{"type":"Feature","properties":{"entityId":"576460752322792550","name":"Dead Devonia","tier":2,"has_bank":0,"has_market":0,"has_waystone":0},"geometry":{"type":"Point","coordinates":[17186,9345]}},{"type":"Feature","properties":{"entityId":"576460752322015147","name":"Deaths Hole","tier":3,"has_bank":1,"has_market":0,"has_waystone":1},"geometry":{"type":"Point","coordinates":[17803,13474]}},{"type":"Feature","properties":{"entityId":"576460752326171594","name":"Mythicus","tier":5,"has_bank":1,"has_market":1,"has_waystone":1},"geometry":{"type":"Point","coordinates":[19132,10712]}},{"type":"Feature","properties":{"entityId":"576460752322202208","name":"Sanguine","tier":3,"has_bank":1,"has_market":0,"has_waystone":1},"geometry":{"type":"Point","coordinates":[16025,12800]}},{"type":"Feature","properties":{"entityId":"576460752346653686","name":"Emberleaf Harbour","tier":4,"has_bank":1,"has_market":0,"has_waystone":1},"geometry":{"type":"Point","coordinates":[20240,9927]}},{"type":"Feature","properties":{"entityId":"576460752322366625","name":"Arcadia","tier":4,"has_bank":1,"has_market":0,"has_waystone":1},"geometry":{"type":"Point","coordinates":[18784,10245]}},{"type":"Feature","properties":{"entityId":"576460752410924112","name":"WhimsyLux","tier":1,"has_bank":0,"has_market":0,"has_waystone":0},"geometry":{"type":"Point","coordinates":[18639,9034]}},{"type":"Feature","properties":{"entityId":"576460752322803232","name":"Moonshade Hollow","tier":6,"has_bank":1,"has_market":1,"has_waystone":1},"geometry":{"type":"Point","coordinates":[17094,10169]}},{"type":"Feature","properties":{"entityId":"576460752328485419","name":"Mystic Safari","tier":3,"has_bank":1,"has_market":0,"has_waystone":1},"geometry":{"type":"Point","coordinates":[16917,10632]}},{"type":"Feature","properties":{"entityId":"576460752322826382","name":"Tinkers Cove","tier":2,"has_bank":0,"has_market":0,"has_waystone":0},"geometry":{"type":"Point","coordinates":[18955,11886]}},{"type":"Feature","properties":{"entityId":"576460752322903547","name":"Treehouse","tier":5,"has_bank":1,"has_market":0,"has_waystone":1},"geometry":{"type":"Point","coordinates":[19224,13703]}},{"type":"Feature","properties":{"entityId":"576460752344676505","name":"Emberholt","tier":2,"has_bank":1,"has_market":0,"has_waystone":0},"geometry":{"type":"Point","coordinates":[19811,11396]}},{"type":"Feature","properties":{"entityId":"576460752323120614","name":"Emberleaf Farm and Mine T1","tier":2,"has_bank":0,"has_market":0,"has_waystone":0},"geometry":{"type":"Point","coordinates":[20310,10151]}},{"type":"Feature","properties":{"entityId":"576460752323205757","name":"Medlauki","tier":5,"has_bank":1,"has_market":0,"has_waystone":1},"geometry":{"type":"Point","coordinates":[17712,14567]}},{"type":"Feature","properties":{"entityId":"576460752323301073","name":"Oakford Croft","tier":6,"has_bank":1,"has_market":1,"has_waystone":1},"geometry":{"type":"Point","coordinates":[19282,12159]}},{"type":"Feature","properties":{"entityId":"576460752357865386","name":"Hideout","tier":3,"has_bank":1,"has_market":0,"has_waystone":1},"geometry":{"type":"Point","coordinates":[17550,10996]}},{"type":"Feature","properties":{"entityId":"576460752323755058","name":"Malibu Bay","tier":4,"has_bank":1,"has_market":1,"has_waystone":1},"geometry":{"type":"Point","coordinates":[20389,10979]}},{"type":"Feature","properties":{"entityId":"576460752358178307","name":"Poest yyln Office","tier":2,"has_bank":1,"has_market":0,"has_waystone":1},"geometry":{"type":"Point","coordinates":[22933,10701]}},{"type":"Feature","properties":{"entityId":"576460752404313491","name":"Northern Pines","tier":1,"has_bank":0,"has_market":0,"has_waystone":0},"geometry":{"type":"Point","coordinates":[17298,12942]}},{"type":"Feature","properties":{"entityId":"576460752324187649","name":"Blue Sky Mine","tier":4,"has_bank":1,"has_market":0,"has_waystone":1},"geometry":{"type":"Point","coordinates":[21294,13533]}},{"type":"Feature","properties":{"entityId":"576460752324578057","name":"Flatland","tier":2,"has_bank":1,"has_market":0,"has_waystone":1},"geometry":{"type":"Point","coordinates":[20274,9440]}},{"type":"Feature","properties":{"entityId":"576460752324210170","name":"Aurum","tier":7,"has_bank":1,"has_market":0,"has_waystone":1},"geometry":{"type":"Point","coordinates":[22425,13636]}},{"type":"Feature","properties":{"entityId":"576460752324728585","name":"Silverwaters","tier":4,"has_bank":1,"has_market":1,"has_waystone":1},"geometry":{"type":"Point","coordinates":[19955,13699]}},{"type":"Feature","properties":{"entityId":"576460752324737180","name":"The Alleyway","tier":4,"has_bank":1,"has_market":0,"has_waystone":0},"geometry":{"type":"Point","coordinates":[19917,13148]}},{"type":"Feature","properties":{"entityId":"576460752331854706","name":"Tortuga Pyrelite Boundry","tier":2,"has_bank":0,"has_market":0,"has_waystone":0},"geometry":{"type":"Point","coordinates":[19137,11460]}},{"type":"Feature","properties":{"entityId":"576460752331861341","name":"Tortuga Crossroads","tier":2,"has_bank":0,"has_market":0,"has_waystone":0},"geometry":{"type":"Point","coordinates":[19515,11730]}},{"type":"Feature","properties":{"entityId":"576460752361220900","name":"Crimson Enclave","tier":4,"has_bank":1,"has_market":0,"has_waystone":1},"geometry":{"type":"Point","coordinates":[18891,10600]}},{"type":"Feature","properties":{"entityId":"576460752325334316","name":"Hook River Kitchen","tier":3,"has_bank":1,"has_market":0,"has_waystone":1},"geometry":{"type":"Point","coordinates":[19251,11868]}},{"type":"Feature","properties":{"entityId":"576460752367593883","name":"Poopy McPoop","tier":3,"has_bank":1,"has_market":0,"has_waystone":1},"geometry":{"type":"Point","coordinates":[18459,11815]}},{"type":"Feature","properties":{"entityId":"576460752325343262","name":"Retirement Home","tier":4,"has_bank":1,"has_market":0,"has_waystone":1},"geometry":{"type":"Point","coordinates":[20304,9750]}},{"type":"Feature","properties":{"entityId":"576460752383327429","name":"Deer Zone","tier":3,"has_bank":1,"has_market":0,"has_waystone":1},"geometry":{"type":"Point","coordinates":[17602,12195]}},{"type":"Feature","properties":{"entityId":"576460752326081273","name":"Kenshiro","tier":3,"has_bank":0,"has_market":0,"has_waystone":0},"geometry":{"type":"Point","coordinates":[17467,10643]}},{"type":"Feature","properties":{"entityId":"576460752334532592","name":"Wispmeade","tier":4,"has_bank":1,"has_market":0,"has_waystone":1},"geometry":{"type":"Point","coordinates":[18475,10608]}},{"type":"Feature","properties":{"entityId":"576460752327647967","name":"Stagmeade","tier":4,"has_bank":1,"has_market":0,"has_waystone":1},"geometry":{"type":"Point","coordinates":[19416,10247]}},{"type":"Feature","properties":{"entityId":"576460752326633366","name":"Jungle Crack","tier":2,"has_bank":0,"has_market":0,"has_waystone":1},"geometry":{"type":"Point","coordinates":[17274,8407]}},{"type":"Feature","properties":{"entityId":"576460752386278356","name":"Paras T6 Fish and Fish","tier":6,"has_bank":1,"has_market":0,"has_waystone":1},"geometry":{"type":"Point","coordinates":[15983,9632]}},{"type":"Feature","properties":{"entityId":"576460752326786827","name":"Hulk Cheeks","tier":3,"has_bank":0,"has_market":0,"has_waystone":1},"geometry":{"type":"Point","coordinates":[17704,11427]}},{"type":"Feature","properties":{"entityId":"576460752352789851","name":"Evo Catie","tier":3,"has_bank":1,"has_market":0,"has_waystone":0},"geometry":{"type":"Point","coordinates":[18297,10263]}},{"type":"Feature","properties":{"entityId":"576460752326916057","name":"pgt Zabludilovka","tier":5,"has_bank":1,"has_market":0,"has_waystone":1},"geometry":{"type":"Point","coordinates":[18023,10573]}},{"type":"Feature","properties":{"entityId":"576460752327387768","name":"El Imperio Espaniol","tier":4,"has_bank":1,"has_market":0,"has_waystone":1},"geometry":{"type":"Point","coordinates":[17929,13427]}},{"type":"Feature","properties":{"entityId":"576460752328663815","name":"Crossroads","tier":3,"has_bank":1,"has_market":0,"has_waystone":1},"geometry":{"type":"Point","coordinates":[18395,10714]}},{"type":"Feature","properties":{"entityId":"576460752398028241","name":"BandleCity","tier":2,"has_bank":0,"has_market":0,"has_waystone":0},"geometry":{"type":"Point","coordinates":[18580,9310]}},{"type":"Feature","properties":{"entityId":"576460752327677003","name":"NoBirdNoLife","tier":4,"has_bank":1,"has_market":0,"has_waystone":1},"geometry":{"type":"Point","coordinates":[19787,9882]}},{"type":"Feature","properties":{"entityId":"576460752362501341","name":"Arbors Rest","tier":5,"has_bank":1,"has_market":1,"has_waystone":1},"geometry":{"type":"Point","coordinates":[18801,8652]}},{"type":"Feature","properties":{"entityId":"576460752356616731","name":"Thanos Cheeks","tier":2,"has_bank":0,"has_market":0,"has_waystone":1},"geometry":{"type":"Point","coordinates":[20943,12684]}},{"type":"Feature","properties":{"entityId":"576460752384663144","name":"HANADA II","tier":3,"has_bank":1,"has_market":0,"has_waystone":1},"geometry":{"type":"Point","coordinates":[16875,9210]}},{"type":"Feature","properties":{"entityId":"576460752328830159","name":"THE Pirate Bay","tier":4,"has_bank":1,"has_market":1,"has_waystone":1},"geometry":{"type":"Point","coordinates":[18950,12118]}},{"type":"Feature","properties":{"entityId":"576460752377709344","name":"Ferralith Cheeks","tier":2,"has_bank":1,"has_market":0,"has_waystone":0},"geometry":{"type":"Point","coordinates":[20517,10416]}},{"type":"Feature","properties":{"entityId":"576460752328633949","name":"Celestial Crossing","tier":4,"has_bank":1,"has_market":0,"has_waystone":1},"geometry":{"type":"Point","coordinates":[16921,13329]}},{"type":"Feature","properties":{"entityId":"576460752328725670","name":"Kingdom of Mild Inconvenience","tier":3,"has_bank":1,"has_market":0,"has_waystone":1},"geometry":{"type":"Point","coordinates":[19381,13118]}},{"type":"Feature","properties":{"entityId":"576460752328731553","name":"Salty Spitoon","tier":4,"has_bank":1,"has_market":1,"has_waystone":1},"geometry":{"type":"Point","coordinates":[21741,14538]}},{"type":"Feature","properties":{"entityId":"576460752328752180","name":"YORU no MURA","tier":6,"has_bank":1,"has_market":1,"has_waystone":1},"geometry":{"type":"Point","coordinates":[16066,10856]}},{"type":"Feature","properties":{"entityId":"576460752371791122","name":"Zou","tier":3,"has_bank":1,"has_market":0,"has_waystone":1},"geometry":{"type":"Point","coordinates":[17167,12471]}},{"type":"Feature","properties":{"entityId":"576460752329192930","name":"solo camping","tier":2,"has_bank":1,"has_market":0,"has_waystone":0},"geometry":{"type":"Point","coordinates":[18761,9668]}},{"type":"Feature","properties":{"entityId":"576460752330207793","name":"Duskfall Kingsorrow","tier":5,"has_bank":1,"has_market":0,"has_waystone":1},"geometry":{"type":"Point","coordinates":[21370,10401]}},{"type":"Feature","properties":{"entityId":"576460752411589095","name":"Star Magi Mystery School","tier":1,"has_bank":0,"has_market":0,"has_waystone":0},"geometry":{"type":"Point","coordinates":[18916,11195]}},{"type":"Feature","properties":{"entityId":"576460752329889435","name":"Honeymeade","tier":5,"has_bank":1,"has_market":1,"has_waystone":1},"geometry":{"type":"Point","coordinates":[17338,8867]}},{"type":"Feature","properties":{"entityId":"576460752330513186","name":"Troskovice","tier":6,"has_bank":1,"has_market":1,"has_waystone":1},"geometry":{"type":"Point","coordinates":[17730,11068]}},{"type":"Feature","properties":{"entityId":"576460752330762179","name":"Blackwater","tier":6,"has_bank":1,"has_market":1,"has_waystone":1},"geometry":{"type":"Point","coordinates":[20538,11899]}},{"type":"Feature","properties":{"entityId":"576460752409040178","name":"Claimed area (N: 3438, E: 5840)","tier":1,"has_bank":0,"has_market":0,"has_waystone":0},"geometry":{"type":"Point","coordinates":[17521,10315]}},{"type":"Feature","properties":{"entityId":"576460752331353444","name":"Amberleaf South Hunting Grounds","tier":4,"has_bank":1,"has_market":0,"has_waystone":1},"geometry":{"type":"Point","coordinates":[19290,8518]}},{"type":"Feature","properties":{"entityId":"576460752331629638","name":"USPS Office","tier":4,"has_bank":1,"has_market":1,"has_waystone":1},"geometry":{"type":"Point","coordinates":[18563,10182]}},{"type":"Feature","properties":{"entityId":"576460752351496898","name":"JAPAN CLAM","tier":2,"has_bank":1,"has_market":0,"has_waystone":0},"geometry":{"type":"Point","coordinates":[17995,11732]}},{"type":"Feature","properties":{"entityId":"576460752411283684","name":"Kilika Road","tier":2,"has_bank":0,"has_market":0,"has_waystone":0},"geometry":{"type":"Point","coordinates":[18294,10980]}},{"type":"Feature","properties":{"entityId":"576460752332508288","name":"Descendia","tier":3,"has_bank":1,"has_market":0,"has_waystone":1},"geometry":{"type":"Point","coordinates":[19240,14723]}},{"type":"Feature","properties":{"entityId":"576460752332764572","name":"Lumenara","tier":3,"has_bank":1,"has_market":0,"has_waystone":0},"geometry":{"type":"Point","coordinates":[18835,9816]}},{"type":"Feature","properties":{"entityId":"576460752401009563","name":"Claimed area (N: 3941, E: 7243)","tier":1,"has_bank":0,"has_market":0,"has_waystone":0},"geometry":{"type":"Point","coordinates":[21730,11823]}},{"type":"Feature","properties":{"entityId":"576460752334102541","name":"Riverwatch","tier":4,"has_bank":1,"has_market":1,"has_waystone":1},"geometry":{"type":"Point","coordinates":[18142,11293]}},{"type":"Feature","properties":{"entityId":"576460752334284947","name":"Wild Frontier T5 Hunting Outpost","tier":5,"has_bank":1,"has_market":0,"has_waystone":1},"geometry":{"type":"Point","coordinates":[19512,14558]}},{"type":"Feature","properties":{"entityId":"576460752368389988","name":"Farming Sage","tier":3,"has_bank":0,"has_market":0,"has_waystone":0},"geometry":{"type":"Point","coordinates":[18548,9872]}},{"type":"Feature","properties":{"entityId":"576460752342568224","name":"Hoots Jute","tier":2,"has_bank":1,"has_market":0,"has_waystone":1},"geometry":{"type":"Point","coordinates":[19865,14240]}},{"type":"Feature","properties":{"entityId":"576460752335788572","name":"Tortuga Bayside Retreat","tier":1,"has_bank":0,"has_market":0,"has_waystone":0},"geometry":{"type":"Point","coordinates":[19221,11703]}},{"type":"Feature","properties":{"entityId":"576460752335437523","name":"Freesia","tier":3,"has_bank":1,"has_market":0,"has_waystone":1},"geometry":{"type":"Point","coordinates":[20194,13961]}},{"type":"Feature","properties":{"entityId":"576460752367292915","name":"Kingdom of Mild Disappointment","tier":2,"has_bank":0,"has_market":0,"has_waystone":0},"geometry":{"type":"Point","coordinates":[19395,13321]}},{"type":"Feature","properties":{"entityId":"576460752400178418","name":"Hogsmeade","tier":2,"has_bank":1,"has_market":0,"has_waystone":1},"geometry":{"type":"Point","coordinates":[19327,11960]}},{"type":"Feature","properties":{"entityId":"576460752336071968","name":"Atlanta","tier":2,"has_bank":0,"has_market":0,"has_waystone":0},"geometry":{"type":"Point","coordinates":[19200,10549]}},{"type":"Feature","properties":{"entityId":"576460752336117242","name":"Druid Hills","tier":2,"has_bank":0,"has_market":0,"has_waystone":0},"geometry":{"type":"Point","coordinates":[19254,10314]}},{"type":"Feature","properties":{"entityId":"576460752336320907","name":"Oathbound Farmstead","tier":3,"has_bank":0,"has_market":0,"has_waystone":0},"geometry":{"type":"Point","coordinates":[18985,14217]}},{"type":"Feature","properties":{"entityId":"576460752336402392","name":"Shallowshore","tier":3,"has_bank":1,"has_market":0,"has_waystone":1},"geometry":{"type":"Point","coordinates":[17886,10579]}},{"type":"Feature","properties":{"entityId":"576460752336460928","name":"The Town That Never Was","tier":5,"has_bank":1,"has_market":1,"has_waystone":1},"geometry":{"type":"Point","coordinates":[18922,13250]}},{"type":"Feature","properties":{"entityId":"576460752336557234","name":"Kattegat Dock","tier":4,"has_bank":1,"has_market":0,"has_waystone":1},"geometry":{"type":"Point","coordinates":[20583,10682]}},{"type":"Feature","properties":{"entityId":"576460752386771369","name":"Slavic Tavern","tier":4,"has_bank":0,"has_market":0,"has_waystone":1},"geometry":{"type":"Point","coordinates":[17561,11749]}},{"type":"Feature","properties":{"entityId":"576460752412551680","name":"keehc","tier":1,"has_bank":0,"has_market":0,"has_waystone":0},"geometry":{"type":"Point","coordinates":[20640,10441]}},{"type":"Feature","properties":{"entityId":"576460752336829950","name":"R8 4th Temple","tier":2,"has_bank":1,"has_market":0,"has_waystone":1},"geometry":{"type":"Point","coordinates":[16891,9630]}},{"type":"Feature","properties":{"entityId":"576460752374864148","name":"Emberleaf Logging Camp","tier":3,"has_bank":1,"has_market":0,"has_waystone":1},"geometry":{"type":"Point","coordinates":[19920,10655]}},{"type":"Feature","properties":{"entityId":"576460752393261241","name":"Burning farm","tier":2,"has_bank":1,"has_market":0,"has_waystone":0},"geometry":{"type":"Point","coordinates":[20836,10701]}},{"type":"Feature","properties":{"entityId":"576460752381694240","name":"Warm and Approachable","tier":4,"has_bank":1,"has_market":0,"has_waystone":1},"geometry":{"type":"Point","coordinates":[18097,11644]}},{"type":"Feature","properties":{"entityId":"576460752337168844","name":"Virtual Japan","tier":2,"has_bank":1,"has_market":0,"has_waystone":1},"geometry":{"type":"Point","coordinates":[16379,14489]}},{"type":"Feature","properties":{"entityId":"576460752337187238","name":"Ember Gardens","tier":2,"has_bank":0,"has_market":0,"has_waystone":0},"geometry":{"type":"Point","coordinates":[18546,9436]}},{"type":"Feature","properties":{"entityId":"576460752396764518","name":"SSSH  Super Secret Smelting Hub","tier":2,"has_bank":1,"has_market":0,"has_waystone":1},"geometry":{"type":"Point","coordinates":[18895,11094]}},{"type":"Feature","properties":{"entityId":"576460752366634505","name":"Bizarre Bazaar","tier":2,"has_bank":1,"has_market":0,"has_waystone":1},"geometry":{"type":"Point","coordinates":[16274,14636]}},{"type":"Feature","properties":{"entityId":"576460752410122103","name":"Rivermeade North","tier":1,"has_bank":0,"has_market":0,"has_waystone":0},"geometry":{"type":"Point","coordinates":[18593,10751]}},{"type":"Feature","properties":{"entityId":"576460752337866309","name":"EPIC","tier":7,"has_bank":1,"has_market":1,"has_waystone":1},"geometry":{"type":"Point","coordinates":[16034,10625]}},{"type":"Feature","properties":{"entityId":"576460752404182065","name":"Future Valyrian Farm","tier":2,"has_bank":0,"has_market":0,"has_waystone":0},"geometry":{"type":"Point","coordinates":[18166,12765]}},{"type":"Feature","properties":{"entityId":"576460752374794258","name":"The Compost Bin","tier":4,"has_bank":1,"has_market":1,"has_waystone":1},"geometry":{"type":"Point","coordinates":[19320,8742]}},{"type":"Feature","properties":{"entityId":"576460752362483824","name":"Carcosa","tier":3,"has_bank":1,"has_market":0,"has_waystone":1},"geometry":{"type":"Point","coordinates":[22120,12642]}},{"type":"Feature","properties":{"entityId":"576460752338710670","name":"Eywa","tier":6,"has_bank":1,"has_market":1,"has_waystone":1},"geometry":{"type":"Point","coordinates":[19605,10545]}},{"type":"Feature","properties":{"entityId":"576460752339288028","name":"Task Town T1 and 2","tier":3,"has_bank":1,"has_market":0,"has_waystone":1},"geometry":{"type":"Point","coordinates":[19882,11181]}},{"type":"Feature","properties":{"entityId":"576460752358189577","name":"Darkthorn Crossing","tier":2,"has_bank":1,"has_market":0,"has_waystone":0},"geometry":{"type":"Point","coordinates":[20918,9866]}},{"type":"Feature","properties":{"entityId":"576460752349889372","name":"Scilla Luciliae","tier":4,"has_bank":0,"has_market":0,"has_waystone":0},"geometry":{"type":"Point","coordinates":[19951,13249]}},{"type":"Feature","properties":{"entityId":"576460752410927055","name":"Claimed area (N: 3662, E: 6625)","tier":2,"has_bank":0,"has_market":0,"has_waystone":0},"geometry":{"type":"Point","coordinates":[19874,10986]}},{"type":"Feature","properties":{"entityId":"576460752406836838","name":"Claimed area (N: 3054, E: 7108)","tier":2,"has_bank":0,"has_market":0,"has_waystone":0},"geometry":{"type":"Point","coordinates":[21323,9163]}},{"type":"Feature","properties":{"entityId":"576460752372089590","name":"Tanagra","tier":5,"has_bank":1,"has_market":1,"has_waystone":1},"geometry":{"type":"Point","coordinates":[19643,12080]}},{"type":"Feature","properties":{"entityId":"576460752340201642","name":"Cazadores de la Luz Hunter T5","tier":5,"has_bank":1,"has_market":0,"has_waystone":1},"geometry":{"type":"Point","coordinates":[19751,14650]}},{"type":"Feature","properties":{"entityId":"576460752412554464","name":"Tou","tier":1,"has_bank":0,"has_market":0,"has_waystone":0},"geometry":{"type":"Point","coordinates":[20816,10593]}},{"type":"Feature","properties":{"entityId":"576460752365564905","name":"R8 SW Jungle","tier":3,"has_bank":1,"has_market":0,"has_waystone":1},"geometry":{"type":"Point","coordinates":[16080,9785]}},{"type":"Feature","properties":{"entityId":"576460752404312084","name":"Corner Pocket","tier":1,"has_bank":0,"has_market":0,"has_waystone":0},"geometry":{"type":"Point","coordinates":[17385,12890]}},{"type":"Feature","properties":{"entityId":"576460752383063272","name":"Onion Town","tier":2,"has_bank":1,"has_market":0,"has_waystone":0},"geometry":{"type":"Point","coordinates":[19363,9945]}},{"type":"Feature","properties":{"entityId":"576460752386538151","name":"JD Camp","tier":2,"has_bank":0,"has_market":0,"has_waystone":0},"geometry":{"type":"Point","coordinates":[18958,9881]}},{"type":"Feature","properties":{"entityId":"576460752370709067","name":"Claimed area (N: 3791, E: 6711)","tier":2,"has_bank":0,"has_market":0,"has_waystone":0},"geometry":{"type":"Point","coordinates":[20135,11373]}},{"type":"Feature","properties":{"entityId":"576460752342313020","name":"Pyrocreek","tier":3,"has_bank":1,"has_market":0,"has_waystone":1},"geometry":{"type":"Point","coordinates":[20596,13599]}},{"type":"Feature","properties":{"entityId":"576460752404310627","name":"Here Be Pines","tier":1,"has_bank":0,"has_market":0,"has_waystone":0},"geometry":{"type":"Point","coordinates":[17260,12827]}},{"type":"Feature","properties":{"entityId":"576460752412450921","name":"Serenity","tier":2,"has_bank":1,"has_market":0,"has_waystone":0},"geometry":{"type":"Point","coordinates":[19729,11514]}},{"type":"Feature","properties":{"entityId":"576460752342760668","name":"Erebor","tier":6,"has_bank":1,"has_market":0,"has_waystone":1},"geometry":{"type":"Point","coordinates":[21460,13023]}},{"type":"Feature","properties":{"entityId":"576460752360594108","name":"Nowhere","tier":5,"has_bank":1,"has_market":0,"has_waystone":1},"geometry":{"type":"Point","coordinates":[16108,9255]}},{"type":"Feature","properties":{"entityId":"576460752343038251","name":"Emberleaf Mine T2","tier":2,"has_bank":0,"has_market":0,"has_waystone":1},"geometry":{"type":"Point","coordinates":[19987,10075]}},{"type":"Feature","properties":{"entityId":"576460752343278885","name":"Sunnydale","tier":4,"has_bank":1,"has_market":0,"has_waystone":1},"geometry":{"type":"Point","coordinates":[19294,14362]}},{"type":"Feature","properties":{"entityId":"576460752343607780","name":"Knightts","tier":3,"has_bank":1,"has_market":0,"has_waystone":0},"geometry":{"type":"Point","coordinates":[19120,14505]}},{"type":"Feature","properties":{"entityId":"576460752344050083","name":"Luna","tier":4,"has_bank":1,"has_market":1,"has_waystone":1},"geometry":{"type":"Point","coordinates":[19233,13883]}},{"type":"Feature","properties":{"entityId":"576460752392699343","name":"PyramidOfTheSun dot Love","tier":2,"has_bank":1,"has_market":0,"has_waystone":1},"geometry":{"type":"Point","coordinates":[16617,10314]}},{"type":"Feature","properties":{"entityId":"576460752344425714","name":"Fields of Yggdrasil","tier":4,"has_bank":1,"has_market":0,"has_waystone":0},"geometry":{"type":"Point","coordinates":[18082,13811]}},{"type":"Feature","properties":{"entityId":"576460752344559022","name":"Eternal Meadows Tavern","tier":4,"has_bank":1,"has_market":1,"has_waystone":1},"geometry":{"type":"Point","coordinates":[19709,14853]}},{"type":"Feature","properties":{"entityId":"576460752362248890","name":"PitStop NowHere","tier":5,"has_bank":0,"has_market":0,"has_waystone":1},"geometry":{"type":"Point","coordinates":[16005,9367]}},{"type":"Feature","properties":{"entityId":"576460752345379874","name":"Meszkowa Polana","tier":4,"has_bank":1,"has_market":0,"has_waystone":1},"geometry":{"type":"Point","coordinates":[20308,11240]}},{"type":"Feature","properties":{"entityId":"576460752345416299","name":"Pooped Out Pond","tier":3,"has_bank":1,"has_market":0,"has_waystone":1},"geometry":{"type":"Point","coordinates":[20493,10625]}},{"type":"Feature","properties":{"entityId":"576460752403225503","name":"Beckworth","tier":2,"has_bank":1,"has_market":0,"has_waystone":0},"geometry":{"type":"Point","coordinates":[20273,11367]}},{"type":"Feature","properties":{"entityId":"576460752350493357","name":"Helping Hands","tier":5,"has_bank":1,"has_market":1,"has_waystone":1},"geometry":{"type":"Point","coordinates":[19001,12914]}},{"type":"Feature","properties":{"entityId":"576460752368127815","name":"Lawmas Landing","tier":3,"has_bank":1,"has_market":0,"has_waystone":1},"geometry":{"type":"Point","coordinates":[16322,11722]}},{"type":"Feature","properties":{"entityId":"576460752368665069","name":"Brick City","tier":3,"has_bank":1,"has_market":0,"has_waystone":1},"geometry":{"type":"Point","coordinates":[21385,9849]}},{"type":"Feature","properties":{"entityId":"576460752351010203","name":"Pound Town","tier":4,"has_bank":1,"has_market":1,"has_waystone":1},"geometry":{"type":"Point","coordinates":[17515,13437]}},{"type":"Feature","properties":{"entityId":"576460752350925883","name":"Blackthorn Canopy","tier":2,"has_bank":0,"has_market":0,"has_waystone":1},"geometry":{"type":"Point","coordinates":[17425,8570]}},{"type":"Feature","properties":{"entityId":"576460752351186494","name":"UMB Desert Fun","tier":2,"has_bank":0,"has_market":0,"has_waystone":1},"geometry":{"type":"Point","coordinates":[22440,11748]}},{"type":"Feature","properties":{"entityId":"576460752409333285","name":"Top R8","tier":2,"has_bank":1,"has_market":0,"has_waystone":1},"geometry":{"type":"Point","coordinates":[19830,14976]}},{"type":"Feature","properties":{"entityId":"576460752355373829","name":"Tortuga East","tier":2,"has_bank":0,"has_market":0,"has_waystone":0},"geometry":{"type":"Point","coordinates":[19440,11532]}},{"type":"Feature","properties":{"entityId":"576460752355411746","name":"Tortuga North","tier":1,"has_bank":0,"has_market":0,"has_waystone":0},"geometry":{"type":"Point","coordinates":[19354,11745]}},{"type":"Feature","properties":{"entityId":"576460752355461621","name":"Tortuga Riverside Docks","tier":2,"has_bank":0,"has_market":0,"has_waystone":0},"geometry":{"type":"Point","coordinates":[19287,11394]}},{"type":"Feature","properties":{"entityId":"576460752355490167","name":"Tortuga Western Road","tier":2,"has_bank":0,"has_market":0,"has_waystone":0},"geometry":{"type":"Point","coordinates":[19206,11526]}},{"type":"Feature","properties":{"entityId":"576460752355615271","name":"sawara","tier":2,"has_bank":1,"has_market":0,"has_waystone":1},"geometry":{"type":"Point","coordinates":[20665,12030]}},{"type":"Feature","properties":{"entityId":"576460752356372863","name":"Tortuga Docks","tier":1,"has_bank":0,"has_market":0,"has_waystone":0},"geometry":{"type":"Point","coordinates":[19122,11598]}},{"type":"Feature","properties":{"entityId":"576460752374248435","name":"Carp Mason Dungeon","tier":2,"has_bank":1,"has_market":0,"has_waystone":1},"geometry":{"type":"Point","coordinates":[19627,12255]}},{"type":"Feature","properties":{"entityId":"576460752357010607","name":"Place","tier":3,"has_bank":1,"has_market":0,"has_waystone":1},"geometry":{"type":"Point","coordinates":[17909,10944]}},{"type":"Feature","properties":{"entityId":"576460752357385057","name":"Riddleton","tier":4,"has_bank":1,"has_market":1,"has_waystone":1},"geometry":{"type":"Point","coordinates":[18175,11437]}},{"type":"Feature","properties":{"entityId":"576460752360638394","name":"Overlook Pass","tier":3,"has_bank":1,"has_market":0,"has_waystone":1},"geometry":{"type":"Point","coordinates":[20061,14364]}},{"type":"Feature","properties":{"entityId":"576460752357687033","name":"Pledge","tier":3,"has_bank":0,"has_market":0,"has_waystone":0},"geometry":{"type":"Point","coordinates":[18859,14045]}},{"type":"Feature","properties":{"entityId":"576460752358224018","name":"Crossroad Starry Night","tier":2,"has_bank":1,"has_market":0,"has_waystone":1},"geometry":{"type":"Point","coordinates":[21730,10701]}},{"type":"Feature","properties":{"entityId":"576460752409840772","name":"BC Island Coast","tier":2,"has_bank":0,"has_market":0,"has_waystone":1},"geometry":{"type":"Point","coordinates":[17487,12804]}},{"type":"Feature","properties":{"entityId":"576460752360230025","name":"Stonecrop PS","tier":3,"has_bank":1,"has_market":0,"has_waystone":1},"geometry":{"type":"Point","coordinates":[16345,9445]}},{"type":"Feature","properties":{"entityId":"576460752410847427","name":"Overthere","tier":2,"has_bank":0,"has_market":0,"has_waystone":0},"geometry":{"type":"Point","coordinates":[16201,9287]}},{"type":"Feature","properties":{"entityId":"576460752412115942","name":"Costa del Sol","tier":2,"has_bank":1,"has_market":0,"has_waystone":0},"geometry":{"type":"Point","coordinates":[20242,14352]}},{"type":"Feature","properties":{"entityId":"576460752384461358","name":"R8 Northern T3 Dng","tier":3,"has_bank":1,"has_market":0,"has_waystone":1},"geometry":{"type":"Point","coordinates":[17954,13719]}},{"type":"Feature","properties":{"entityId":"576460752361437557","name":"Du Pont","tier":2,"has_bank":1,"has_market":0,"has_waystone":0},"geometry":{"type":"Point","coordinates":[20291,11729]}},{"type":"Feature","properties":{"entityId":"576460752408410279","name":"Fishers Hollow","tier":2,"has_bank":0,"has_market":0,"has_waystone":1},"geometry":{"type":"Point","coordinates":[18816,12326]}},{"type":"Feature","properties":{"entityId":"576460752362727137","name":"Cervus Station","tier":4,"has_bank":1,"has_market":0,"has_waystone":1},"geometry":{"type":"Point","coordinates":[18729,9520]}},{"type":"Feature","properties":{"entityId":"576460752403430223","name":"Flatlands","tier":2,"has_bank":0,"has_market":0,"has_waystone":1},"geometry":{"type":"Point","coordinates":[16356,12942]}},{"type":"Feature","properties":{"entityId":"576460752364393054","name":"Red Panda Den","tier":3,"has_bank":1,"has_market":0,"has_waystone":1},"geometry":{"type":"Point","coordinates":[20127,8828]}},{"type":"Feature","properties":{"entityId":"576460752364536326","name":"City Limits","tier":4,"has_bank":1,"has_market":1,"has_waystone":1},"geometry":{"type":"Point","coordinates":[18901,11461]}},{"type":"Feature","properties":{"entityId":"576460752385943320","name":"ohayou","tier":2,"has_bank":0,"has_market":0,"has_waystone":0},"geometry":{"type":"Point","coordinates":[16405,12091]}},{"type":"Feature","properties":{"entityId":"576460752398200371","name":"Portland","tier":3,"has_bank":1,"has_market":0,"has_waystone":0},"geometry":{"type":"Point","coordinates":[17358,9881]}},{"type":"Feature","properties":{"entityId":"576460752383203649","name":"THE PIT","tier":3,"has_bank":1,"has_market":0,"has_waystone":0},"geometry":{"type":"Point","coordinates":[18589,10005]}},{"type":"Feature","properties":{"entityId":"576460752373417726","name":"Paras","tier":2,"has_bank":1,"has_market":0,"has_waystone":1},"geometry":{"type":"Point","coordinates":[18703,10611]}},{"type":"Feature","properties":{"entityId":"576460752404316713","name":"Pines TBD","tier":1,"has_bank":0,"has_market":0,"has_waystone":0},"geometry":{"type":"Point","coordinates":[17311,12707]}},{"type":"Feature","properties":{"entityId":"576460752392657422","name":"LandWeavers Hollow","tier":2,"has_bank":0,"has_market":0,"has_waystone":0},"geometry":{"type":"Point","coordinates":[19673,11961]}},{"type":"Feature","properties":{"entityId":"576460752404794038","name":"Emaport","tier":2,"has_bank":0,"has_market":0,"has_waystone":1},"geometry":{"type":"Point","coordinates":[20510,9102]}},{"type":"Feature","properties":{"entityId":"576460752410792373","name":"Hexite Exchange","tier":2,"has_bank":0,"has_market":0,"has_waystone":1},"geometry":{"type":"Point","coordinates":[19689,9398]}},{"type":"Feature","properties":{"entityId":"576460752376444764","name":"Dead Wood","tier":4,"has_bank":1,"has_market":0,"has_waystone":1},"geometry":{"type":"Point","coordinates":[21996,11997]}},{"type":"Feature","properties":{"entityId":"576460752376673407","name":"DIG HERE ELEVATION 105","tier":2,"has_bank":0,"has_market":0,"has_waystone":0},"geometry":{"type":"Point","coordinates":[17112,12798]}},{"type":"Feature","properties":{"entityId":"576460752376719285","name":"Idlebrook N 3432 E 6611","tier":4,"has_bank":1,"has_market":1,"has_waystone":1},"geometry":{"type":"Point","coordinates":[19833,10295]}},{"type":"Feature","properties":{"entityId":"576460752376812720","name":"Rivendell","tier":6,"has_bank":1,"has_market":1,"has_waystone":1},"geometry":{"type":"Point","coordinates":[15871,13371]}},{"type":"Feature","properties":{"entityId":"576460752376902405","name":"Forcsy","tier":4,"has_bank":1,"has_market":0,"has_waystone":1},"geometry":{"type":"Point","coordinates":[18484,13351]}},{"type":"Feature","properties":{"entityId":"576460752409896073","name":"The Goat","tier":2,"has_bank":1,"has_market":0,"has_waystone":1},"geometry":{"type":"Point","coordinates":[20680,13195]}},{"type":"Feature","properties":{"entityId":"576460752377373285","name":"Seelie Point","tier":3,"has_bank":1,"has_market":0,"has_waystone":1},"geometry":{"type":"Point","coordinates":[15985,13569]}},{"type":"Feature","properties":{"entityId":"576460752400288159","name":"Waterfork","tier":3,"has_bank":1,"has_market":0,"has_waystone":0},"geometry":{"type":"Point","coordinates":[18342,13047]}},{"type":"Feature","properties":{"entityId":"576460752379640397","name":"Ygdrassil","tier":3,"has_bank":1,"has_market":0,"has_waystone":1},"geometry":{"type":"Point","coordinates":[19865,13356]}},{"type":"Feature","properties":{"entityId":"576460752385461490","name":"Bold Dominion","tier":4,"has_bank":1,"has_market":0,"has_waystone":1},"geometry":{"type":"Point","coordinates":[19747,9158]}},{"type":"Feature","properties":{"entityId":"576460752401841942","name":"Arleebo","tier":2,"has_bank":0,"has_market":0,"has_waystone":0},"geometry":{"type":"Point","coordinates":[18636,11726]}},{"type":"Feature","properties":{"entityId":"576460752390573241","name":"Kingdom of Mild Disturbances","tier":2,"has_bank":0,"has_market":0,"has_waystone":0},"geometry":{"type":"Point","coordinates":[17382,13678]}},{"type":"Feature","properties":{"entityId":"576460752380454551","name":"The Bakery","tier":4,"has_bank":1,"has_market":0,"has_waystone":1},"geometry":{"type":"Point","coordinates":[18862,11744]}},{"type":"Feature","properties":{"entityId":"576460752402926409","name":"Highgarden","tier":2,"has_bank":1,"has_market":0,"has_waystone":0},"geometry":{"type":"Point","coordinates":[21064,12108]}},{"type":"Feature","properties":{"entityId":"576460752410949276","name":"Claimed area (N: 3587, E: 6815)","tier":2,"has_bank":0,"has_market":0,"has_waystone":0},"geometry":{"type":"Point","coordinates":[20445,10761]}},{"type":"Feature","properties":{"entityId":"576460752380893825","name":"Abaddon","tier":3,"has_bank":0,"has_market":0,"has_waystone":0},"geometry":{"type":"Point","coordinates":[17788,10624]}},{"type":"Feature","properties":{"entityId":"576460752380916708","name":"The Cape of Moderate Expectations","tier":3,"has_bank":1,"has_market":0,"has_waystone":0},"geometry":{"type":"Point","coordinates":[19491,12640]}},{"type":"Feature","properties":{"entityId":"576460752414752860","name":"Claimed area (N: 2891, E: 7210)","tier":2,"has_bank":0,"has_market":0,"has_waystone":0},"geometry":{"type":"Point","coordinates":[21631,8674]}},{"type":"Feature","properties":{"entityId":"576460752381916185","name":"Bridgerton","tier":3,"has_bank":0,"has_market":0,"has_waystone":1},"geometry":{"type":"Point","coordinates":[20197,10435]}},{"type":"Feature","properties":{"entityId":"576460752382053116","name":"The Grove","tier":3,"has_bank":1,"has_market":0,"has_waystone":1},"geometry":{"type":"Point","coordinates":[19362,13458]}},{"type":"Feature","properties":{"entityId":"576460752390606623","name":"Helper Smelter T2 Cave","tier":3,"has_bank":1,"has_market":0,"has_waystone":1},"geometry":{"type":"Point","coordinates":[21895,13803]}},{"type":"Feature","properties":{"entityId":"576460752383262414","name":"Tideholm","tier":2,"has_bank":1,"has_market":0,"has_waystone":1},"geometry":{"type":"Point","coordinates":[18350,10051]}},{"type":"Feature","properties":{"entityId":"576460752412553319","name":"Nurb","tier":1,"has_bank":0,"has_market":0,"has_waystone":0},"geometry":{"type":"Point","coordinates":[20742,10536]}},{"type":"Feature","properties":{"entityId":"576460752412555853","name":"YAB","tier":1,"has_bank":0,"has_market":0,"has_waystone":0},"geometry":{"type":"Point","coordinates":[20761,10780]}},{"type":"Feature","properties":{"entityId":"576460752412285279","name":"R8 Welcome Center","tier":3,"has_bank":1,"has_market":0,"has_waystone":1},"geometry":{"type":"Point","coordinates":[18511,8467]}},{"type":"Feature","properties":{"entityId":"576460752393661877","name":"StormWind","tier":3,"has_bank":0,"has_market":0,"has_waystone":0},"geometry":{"type":"Point","coordinates":[18124,13217]}},{"type":"Feature","properties":{"entityId":"576460752393771122","name":"Santa Fe de Bogota","tier":2,"has_bank":0,"has_market":0,"has_waystone":0},"geometry":{"type":"Point","coordinates":[20627,10269]}},{"type":"Feature","properties":{"entityId":"576460752394418573","name":"EPIC Farmlands","tier":3,"has_bank":0,"has_market":0,"has_waystone":0},"geometry":{"type":"Point","coordinates":[16114,10503]}},{"type":"Feature","properties":{"entityId":"576460752394584766","name":"Hungrys Pantry","tier":2,"has_bank":0,"has_market":0,"has_waystone":0},"geometry":{"type":"Point","coordinates":[18522,13234]}},{"type":"Feature","properties":{"entityId":"576460752396384680","name":"Ixworth","tier":3,"has_bank":1,"has_market":0,"has_waystone":0},"geometry":{"type":"Point","coordinates":[18774,9948]}},{"type":"Feature","properties":{"entityId":"576460752395258320","name":"Black Plague","tier":2,"has_bank":1,"has_market":0,"has_waystone":1},"geometry":{"type":"Point","coordinates":[19731,10560]}},{"type":"Feature","properties":{"entityId":"576460752396825776","name":"Port Serene","tier":2,"has_bank":1,"has_market":0,"has_waystone":0},"geometry":{"type":"Point","coordinates":[18375,10155]}},{"type":"Feature","properties":{"entityId":"576460752397100831","name":"Dragonsand","tier":2,"has_bank":0,"has_market":0,"has_waystone":1},"geometry":{"type":"Point","coordinates":[16483,10376]}},{"type":"Feature","properties":{"entityId":"576460752398544407","name":"Stargarden N 3155 E 6675","tier":2,"has_bank":1,"has_market":0,"has_waystone":1},"geometry":{"type":"Point","coordinates":[20025,9465]}},{"type":"Feature","properties":{"entityId":"576460752409195560","name":"Shatterday Glassery","tier":2,"has_bank":1,"has_market":0,"has_waystone":1},"geometry":{"type":"Point","coordinates":[18448,10827]}},{"type":"Feature","properties":{"entityId":"576460752400330141","name":"My tip burns","tier":3,"has_bank":0,"has_market":0,"has_waystone":1},"geometry":{"type":"Point","coordinates":[21730,8681]}},{"type":"Feature","properties":{"entityId":"576460752400338408","name":"Moreore","tier":2,"has_bank":1,"has_market":0,"has_waystone":0},"geometry":{"type":"Point","coordinates":[18691,9986]}},{"type":"Feature","properties":{"entityId":"576460752401116944","name":"Mediocria","tier":4,"has_bank":1,"has_market":0,"has_waystone":1},"geometry":{"type":"Point","coordinates":[20057,12652]}},{"type":"Feature","properties":{"entityId":"576460752403679980","name":"Claimed area (N: 3336, E: 6300)","tier":1,"has_bank":0,"has_market":0,"has_waystone":0},"geometry":{"type":"Point","coordinates":[18899,10009]}},{"type":"Feature","properties":{"entityId":"576460752403841034","name":"Tear of the desert","tier":3,"has_bank":1,"has_market":0,"has_waystone":1},"geometry":{"type":"Point","coordinates":[21479,11388]}},{"type":"Feature","properties":{"entityId":"576460752404184495","name":"Valyrian road","tier":2,"has_bank":0,"has_market":0,"has_waystone":0},"geometry":{"type":"Point","coordinates":[18317,12892]}},{"type":"Feature","properties":{"entityId":"576460752404258767","name":"Hightower","tier":2,"has_bank":0,"has_market":0,"has_waystone":0},"geometry":{"type":"Point","coordinates":[18136,12984]}},{"type":"Feature","properties":{"entityId":"576460752404260525","name":"Claimed area (N: 4335, E: 6009)","tier":2,"has_bank":0,"has_market":0,"has_waystone":0},"geometry":{"type":"Point","coordinates":[18029,13004]}},{"type":"Feature","properties":{"entityId":"576460752404285321","name":"New Kattegat","tier":3,"has_bank":1,"has_market":0,"has_waystone":1},"geometry":{"type":"Point","coordinates":[16664,9794]}},{"type":"Feature","properties":{"entityId":"576460752404326808","name":"Hamlet","tier":2,"has_bank":1,"has_market":0,"has_waystone":0},"geometry":{"type":"Point","coordinates":[18435,10000]}},{"type":"Feature","properties":{"entityId":"576460752404844640","name":"TC Longterm Project","tier":2,"has_bank":1,"has_market":0,"has_waystone":1},"geometry":{"type":"Point","coordinates":[17716,14400]}},{"type":"Feature","properties":{"entityId":"576460752407196343","name":"Claimed area (N: 3364, E: 7622)","tier":2,"has_bank":0,"has_market":0,"has_waystone":0},"geometry":{"type":"Point","coordinates":[22865,10091]}},{"type":"Feature","properties":{"entityId":"576460752414601893","name":"Bowerstone","tier":2,"has_bank":0,"has_market":0,"has_waystone":0},"geometry":{"type":"Point","coordinates":[19203,10414]}},{"type":"Feature","properties":{"entityId":"576460752408271801","name":"Dateko","tier":3,"has_bank":0,"has_market":0,"has_waystone":0},"geometry":{"type":"Point","coordinates":[20368,10612]}},{"type":"Feature","properties":{"entityId":"648518346354109256","name":"Xeltrassan Nexus","tier":8,"has_bank":1,"has_market":1,"has_waystone":1},"geometry":{"type":"Point","coordinates":[26953,14049]}},{"type":"Feature","properties":{"entityId":"648518346354108076","name":"Lutece","tier":7,"has_bank":1,"has_market":1,"has_waystone":1},"geometry":{"type":"Point","coordinates":[27070,14155]}},{"type":"Feature","properties":{"entityId":"648518346354192694","name":"Solspire","tier":6,"has_bank":1,"has_market":1,"has_waystone":1},"geometry":{"type":"Point","coordinates":[25605,11676]}},{"type":"Feature","properties":{"entityId":"648518346354446795","name":"Myralune","tier":7,"has_bank":1,"has_market":1,"has_waystone":1},"geometry":{"type":"Point","coordinates":[27232,11775]}},{"type":"Feature","properties":{"entityId":"648518346354211707","name":"Burmecia","tier":7,"has_bank":1,"has_market":1,"has_waystone":1},"geometry":{"type":"Point","coordinates":[26386,12063]}},{"type":"Feature","properties":{"entityId":"648518346354215822","name":"Coq au Ricard","tier":5,"has_bank":1,"has_market":0,"has_waystone":1},"geometry":{"type":"Point","coordinates":[25660,13592]}},{"type":"Feature","properties":{"entityId":"648518346354242466","name":"Macelia","tier":4,"has_bank":1,"has_market":0,"has_waystone":1},"geometry":{"type":"Point","coordinates":[23996,15087]}},{"type":"Feature","properties":{"entityId":"648518346354290172","name":"Yozhik Holm","tier":6,"has_bank":1,"has_market":1,"has_waystone":1},"geometry":{"type":"Point","coordinates":[28458,12924]}},{"type":"Feature","properties":{"entityId":"648518346354306726","name":"Twin Pines Mall","tier":6,"has_bank":1,"has_market":1,"has_waystone":1},"geometry":{"type":"Point","coordinates":[29294,13821]}},{"type":"Feature","properties":{"entityId":"648518346354349732","name":"Wraths Sting T6 Cave","tier":6,"has_bank":1,"has_market":0,"has_waystone":1},"geometry":{"type":"Point","coordinates":[30003,13282]}},{"type":"Feature","properties":{"entityId":"648518346354418765","name":"Post Office","tier":5,"has_bank":1,"has_market":1,"has_waystone":1},"geometry":{"type":"Point","coordinates":[25870,14069]}},{"type":"Feature","properties":{"entityId":"648518346354427830","name":"Squirrel Nut Cove","tier":6,"has_bank":1,"has_market":1,"has_waystone":1},"geometry":{"type":"Point","coordinates":[29292,11466]}},{"type":"Feature","properties":{"entityId":"648518346354441353","name":"IronBranch","tier":3,"has_bank":1,"has_market":0,"has_waystone":1},"geometry":{"type":"Point","coordinates":[26956,14241]}},{"type":"Feature","properties":{"entityId":"648518346354459024","name":"Vodoskala","tier":4,"has_bank":1,"has_market":0,"has_waystone":1},"geometry":{"type":"Point","coordinates":[25747,14139]}},{"type":"Feature","properties":{"entityId":"648518346354641225","name":"Mothlight","tier":5,"has_bank":1,"has_market":1,"has_waystone":1},"geometry":{"type":"Point","coordinates":[27280,9351]}},{"type":"Feature","properties":{"entityId":"648518346354730484","name":"Okay Quay","tier":6,"has_bank":1,"has_market":1,"has_waystone":1},"geometry":{"type":"Point","coordinates":[26580,14082]}},{"type":"Feature","properties":{"entityId":"648518346405947364","name":"NARUSAWA","tier":4,"has_bank":1,"has_market":1,"has_waystone":1},"geometry":{"type":"Point","coordinates":[27157,14025]}},{"type":"Feature","properties":{"entityId":"648518346374100140","name":"Deneb Luminite Mine","tier":3,"has_bank":1,"has_market":0,"has_waystone":1},"geometry":{"type":"Point","coordinates":[25355,12554]}},{"type":"Feature","properties":{"entityId":"648518346355374230","name":"Moonglow","tier":3,"has_bank":0,"has_market":0,"has_waystone":1},"geometry":{"type":"Point","coordinates":[25624,9337]}},{"type":"Feature","properties":{"entityId":"648518346355529498","name":"Arakniss","tier":5,"has_bank":1,"has_market":1,"has_waystone":1},"geometry":{"type":"Point","coordinates":[29421,14616]}},{"type":"Feature","properties":{"entityId":"648518346430617122","name":"Lakeside Outpost","tier":2,"has_bank":0,"has_market":0,"has_waystone":0},"geometry":{"type":"Point","coordinates":[26529,11895]}},{"type":"Feature","properties":{"entityId":"648518346355841952","name":"Woodcock Ridge","tier":6,"has_bank":1,"has_market":1,"has_waystone":1},"geometry":{"type":"Point","coordinates":[26874,10080]}},{"type":"Feature","properties":{"entityId":"648518346355862911","name":"Everbrook","tier":3,"has_bank":1,"has_market":0,"has_waystone":1},"geometry":{"type":"Point","coordinates":[26975,9442]}},{"type":"Feature","properties":{"entityId":"648518346355969933","name":"Serren","tier":5,"has_bank":1,"has_market":0,"has_waystone":1},"geometry":{"type":"Point","coordinates":[28189,11085]}},{"type":"Feature","properties":{"entityId":"648518346356080077","name":"Dragonmyth","tier":4,"has_bank":1,"has_market":1,"has_waystone":1},"geometry":{"type":"Point","coordinates":[25752,9847]}},{"type":"Feature","properties":{"entityId":"648518346356101428","name":"Awaji","tier":5,"has_bank":1,"has_market":1,"has_waystone":1},"geometry":{"type":"Point","coordinates":[29801,9102]}},{"type":"Feature","properties":{"entityId":"648518346356132251","name":"Sandstone Harbour","tier":5,"has_bank":1,"has_market":0,"has_waystone":1},"geometry":{"type":"Point","coordinates":[25567,10636]}},{"type":"Feature","properties":{"entityId":"648518346412673389","name":"The Gape N 3240 E 9478","tier":3,"has_bank":1,"has_market":0,"has_waystone":0},"geometry":{"type":"Point","coordinates":[28434,9719]}},{"type":"Feature","properties":{"entityId":"648518346356603280","name":"Stone Garden","tier":4,"has_bank":1,"has_market":0,"has_waystone":1},"geometry":{"type":"Point","coordinates":[25641,14345]}},{"type":"Feature","properties":{"entityId":"648518346356622205","name":"Horseshoe Crab Beach","tier":3,"has_bank":1,"has_market":0,"has_waystone":1},"geometry":{"type":"Point","coordinates":[28706,9181]}},{"type":"Feature","properties":{"entityId":"648518346356731756","name":"Station 82","tier":5,"has_bank":1,"has_market":1,"has_waystone":1},"geometry":{"type":"Point","coordinates":[24651,11825]}},{"type":"Feature","properties":{"entityId":"648518346356737380","name":"Waugen Falls","tier":5,"has_bank":1,"has_market":0,"has_waystone":1},"geometry":{"type":"Point","coordinates":[26161,11986]}},{"type":"Feature","properties":{"entityId":"648518346356883120","name":"Velkharis","tier":3,"has_bank":1,"has_market":0,"has_waystone":1},"geometry":{"type":"Point","coordinates":[28816,8385]}},{"type":"Feature","properties":{"entityId":"648518346356811630","name":"Telvor","tier":5,"has_bank":1,"has_market":1,"has_waystone":1},"geometry":{"type":"Point","coordinates":[25579,9867]}},{"type":"Feature","properties":{"entityId":"648518346357268889","name":"Mistbreak Hollow","tier":5,"has_bank":1,"has_market":1,"has_waystone":1},"geometry":{"type":"Point","coordinates":[28873,12483]}},{"type":"Feature","properties":{"entityId":"648518346423742740","name":"Shrine of the Hive","tier":1,"has_bank":0,"has_market":0,"has_waystone":1},"geometry":{"type":"Point","coordinates":[26676,12754]}},{"type":"Feature","properties":{"entityId":"648518346356925617","name":"Terabithia","tier":2,"has_bank":1,"has_market":0,"has_waystone":1},"geometry":{"type":"Point","coordinates":[27859,8675]}},{"type":"Feature","properties":{"entityId":"648518346356952409","name":"Lusul Prairie","tier":6,"has_bank":1,"has_market":1,"has_waystone":1},"geometry":{"type":"Point","coordinates":[28913,9511]}},{"type":"Feature","properties":{"entityId":"648518346405672592","name":"Shock Stick Falls","tier":1,"has_bank":0,"has_market":0,"has_waystone":0},"geometry":{"type":"Point","coordinates":[29413,11535]}},{"type":"Feature","properties":{"entityId":"648518346357152641","name":"Buzzing it","tier":2,"has_bank":0,"has_market":0,"has_waystone":0},"geometry":{"type":"Point","coordinates":[25331,11590]}},{"type":"Feature","properties":{"entityId":"648518346357176949","name":"T4 New YOKU Japan","tier":4,"has_bank":1,"has_market":1,"has_waystone":1},"geometry":{"type":"Point","coordinates":[23826,13674]}},{"type":"Feature","properties":{"entityId":"648518346357272695","name":"Twinwater Coast","tier":3,"has_bank":1,"has_market":0,"has_waystone":1},"geometry":{"type":"Point","coordinates":[27905,14259]}},{"type":"Feature","properties":{"entityId":"648518346357275307","name":"NARUKAMI","tier":4,"has_bank":1,"has_market":0,"has_waystone":1},"geometry":{"type":"Point","coordinates":[27296,14121]}},{"type":"Feature","properties":{"entityId":"648518346357305751","name":"Lusuls Emarium","tier":3,"has_bank":1,"has_market":0,"has_waystone":1},"geometry":{"type":"Point","coordinates":[29534,11558]}},{"type":"Feature","properties":{"entityId":"648518346427162632","name":"Kindred Bay","tier":4,"has_bank":1,"has_market":0,"has_waystone":1},"geometry":{"type":"Point","coordinates":[29048,11425]}},{"type":"Feature","properties":{"entityId":"648518346357312140","name":"Lusuls Pyrelite","tier":2,"has_bank":0,"has_market":0,"has_waystone":1},"geometry":{"type":"Point","coordinates":[28327,10026]}},{"type":"Feature","properties":{"entityId":"648518346357408205","name":"Kindred Hollow","tier":4,"has_bank":1,"has_market":0,"has_waystone":1},"geometry":{"type":"Point","coordinates":[28724,11588]}},{"type":"Feature","properties":{"entityId":"648518346357441401","name":"Capetown","tier":3,"has_bank":1,"has_market":0,"has_waystone":1},"geometry":{"type":"Point","coordinates":[27078,8881]}},{"type":"Feature","properties":{"entityId":"648518346357444920","name":"Shirewoods","tier":3,"has_bank":1,"has_market":0,"has_waystone":0},"geometry":{"type":"Point","coordinates":[28700,12105]}},{"type":"Feature","properties":{"entityId":"648518346357446905","name":"Finaras Folly","tier":3,"has_bank":1,"has_market":0,"has_waystone":1},"geometry":{"type":"Point","coordinates":[27424,13900]}},{"type":"Feature","properties":{"entityId":"648518346357453137","name":"Les gosses dans le potage","tier":3,"has_bank":1,"has_market":0,"has_waystone":1},"geometry":{"type":"Point","coordinates":[28403,14360]}},{"type":"Feature","properties":{"entityId":"648518346357466901","name":"Choppy Choppy Diggy Diggy","tier":6,"has_bank":1,"has_market":1,"has_waystone":1},"geometry":{"type":"Point","coordinates":[28170,10091]}},{"type":"Feature","properties":{"entityId":"648518346381400031","name":"The Body Farm","tier":3,"has_bank":0,"has_market":0,"has_waystone":0},"geometry":{"type":"Point","coordinates":[25845,14186]}},{"type":"Feature","properties":{"entityId":"648518346421951457","name":"daybreak","tier":3,"has_bank":1,"has_market":0,"has_waystone":1},"geometry":{"type":"Point","coordinates":[26011,12903]}},{"type":"Feature","properties":{"entityId":"648518346357899077","name":"Beetleport","tier":4,"has_bank":1,"has_market":0,"has_waystone":1},"geometry":{"type":"Point","coordinates":[29322,10565]}},{"type":"Feature","properties":{"entityId":"648518346358172148","name":"Port Greene","tier":6,"has_bank":1,"has_market":1,"has_waystone":1},"geometry":{"type":"Point","coordinates":[27201,10478]}},{"type":"Feature","properties":{"entityId":"648518346358254881","name":"Envy Falls","tier":4,"has_bank":1,"has_market":0,"has_waystone":1},"geometry":{"type":"Point","coordinates":[27295,13359]}},{"type":"Feature","properties":{"entityId":"648518346358279644","name":"Mystic Exotic Imports","tier":4,"has_bank":1,"has_market":1,"has_waystone":1},"geometry":{"type":"Point","coordinates":[27133,13821]}},{"type":"Feature","properties":{"entityId":"648518346358357941","name":"Razors Edge","tier":5,"has_bank":1,"has_market":1,"has_waystone":1},"geometry":{"type":"Point","coordinates":[25299,13008]}},{"type":"Feature","properties":{"entityId":"648518346358430085","name":"Sect0r 4122 E 9308","tier":4,"has_bank":1,"has_market":0,"has_waystone":1},"geometry":{"type":"Point","coordinates":[27924,12366]}},{"type":"Feature","properties":{"entityId":"648518346362080908","name":"Kattari","tier":3,"has_bank":1,"has_market":0,"has_waystone":1},"geometry":{"type":"Point","coordinates":[26371,9711]}},{"type":"Feature","properties":{"entityId":"648518346358747958","name":"Hachimi ferralith cave","tier":2,"has_bank":1,"has_market":0,"has_waystone":1},"geometry":{"type":"Point","coordinates":[26743,13680]}},{"type":"Feature","properties":{"entityId":"648518346359011506","name":"The Crimson Void","tier":4,"has_bank":1,"has_market":1,"has_waystone":1},"geometry":{"type":"Point","coordinates":[26823,8976]}},{"type":"Feature","properties":{"entityId":"648518346359200538","name":"boogs bog","tier":2,"has_bank":1,"has_market":0,"has_waystone":0},"geometry":{"type":"Point","coordinates":[26234,11828]}},{"type":"Feature","properties":{"entityId":"648518346429337942","name":"Cyberstan","tier":2,"has_bank":0,"has_market":0,"has_waystone":0},"geometry":{"type":"Point","coordinates":[29433,8360]}},{"type":"Feature","properties":{"entityId":"648518346359335663","name":"CASTAWAHS THE WAHING","tier":4,"has_bank":1,"has_market":0,"has_waystone":1},"geometry":{"type":"Point","coordinates":[28682,11379]}},{"type":"Feature","properties":{"entityId":"648518346359365174","name":"AKLAIM","tier":3,"has_bank":1,"has_market":0,"has_waystone":1},"geometry":{"type":"Point","coordinates":[26661,9879]}},{"type":"Feature","properties":{"entityId":"648518346422940005","name":"Claimed area (N: 3794, E: 8122)","tier":1,"has_bank":0,"has_market":0,"has_waystone":0},"geometry":{"type":"Point","coordinates":[24365,11381]}},{"type":"Feature","properties":{"entityId":"648518346360416924","name":"Cocoro Shimaenaga Absolute","tier":4,"has_bank":1,"has_market":1,"has_waystone":1},"geometry":{"type":"Point","coordinates":[24486,11714]}},{"type":"Feature","properties":{"entityId":"648518346359520489","name":"Moltreach","tier":4,"has_bank":1,"has_market":0,"has_waystone":1},"geometry":{"type":"Point","coordinates":[25875,10551]}},{"type":"Feature","properties":{"entityId":"648518346361268413","name":"Nitram","tier":5,"has_bank":1,"has_market":0,"has_waystone":1},"geometry":{"type":"Point","coordinates":[25716,13232]}},{"type":"Feature","properties":{"entityId":"648518346359764231","name":"Bangaichi","tier":4,"has_bank":1,"has_market":0,"has_waystone":1},"geometry":{"type":"Point","coordinates":[26802,13936]}},{"type":"Feature","properties":{"entityId":"648518346359999304","name":"The Red Corp","tier":3,"has_bank":1,"has_market":0,"has_waystone":0},"geometry":{"type":"Point","coordinates":[27456,13137]}},{"type":"Feature","properties":{"entityId":"648518346388935805","name":"The British Empire","tier":4,"has_bank":1,"has_market":1,"has_waystone":1},"geometry":{"type":"Point","coordinates":[23833,13568]}},{"type":"Feature","properties":{"entityId":"648518346360044397","name":"Galway","tier":5,"has_bank":1,"has_market":1,"has_waystone":1},"geometry":{"type":"Point","coordinates":[29894,13647]}},{"type":"Feature","properties":{"entityId":"648518346360557029","name":"The Adventurers Guild","tier":5,"has_bank":1,"has_market":1,"has_waystone":1},"geometry":{"type":"Point","coordinates":[29097,14568]}},{"type":"Feature","properties":{"entityId":"648518346360906457","name":"Lunania","tier":3,"has_bank":1,"has_market":0,"has_waystone":1},"geometry":{"type":"Point","coordinates":[27663,12600]}},{"type":"Feature","properties":{"entityId":"648518346405416452","name":"Lost Post","tier":2,"has_bank":0,"has_market":0,"has_waystone":1},"geometry":{"type":"Point","coordinates":[28494,12398]}},{"type":"Feature","properties":{"entityId":"648518346360964443","name":"Sunset","tier":7,"has_bank":1,"has_market":0,"has_waystone":1},"geometry":{"type":"Point","coordinates":[25731,14308]}},{"type":"Feature","properties":{"entityId":"648518346361010879","name":"Sunrise","tier":7,"has_bank":1,"has_market":1,"has_waystone":1},"geometry":{"type":"Point","coordinates":[24945,9669]}},{"type":"Feature","properties":{"entityId":"648518346364329904","name":"Lumina Regency","tier":5,"has_bank":1,"has_market":0,"has_waystone":0},"geometry":{"type":"Point","coordinates":[27309,11826]}},{"type":"Feature","properties":{"entityId":"648518346361338042","name":"Silvaris Sanctum","tier":3,"has_bank":0,"has_market":0,"has_waystone":0},"geometry":{"type":"Point","coordinates":[27309,11724]}},{"type":"Feature","properties":{"entityId":"648518346362569148","name":"Crescentia Palanthion","tier":3,"has_bank":0,"has_market":0,"has_waystone":0},"geometry":{"type":"Point","coordinates":[27153,11724]}},{"type":"Feature","properties":{"entityId":"648518346361640526","name":"Sozendo","tier":5,"has_bank":1,"has_market":0,"has_waystone":1},"geometry":{"type":"Point","coordinates":[25731,11651]}},{"type":"Feature","properties":{"entityId":"648518346412572542","name":"Tickle Town","tier":3,"has_bank":1,"has_market":0,"has_waystone":1},"geometry":{"type":"Point","coordinates":[25966,9766]}},{"type":"Feature","properties":{"entityId":"648518346429036277","name":"Naginata XIB","tier":3,"has_bank":1,"has_market":0,"has_waystone":1},"geometry":{"type":"Point","coordinates":[28739,13598]}},{"type":"Feature","properties":{"entityId":"648518346362207979","name":"Vesper","tier":3,"has_bank":1,"has_market":0,"has_waystone":1},"geometry":{"type":"Point","coordinates":[28366,12073]}},{"type":"Feature","properties":{"entityId":"648518346362293741","name":"Poketopia","tier":4,"has_bank":1,"has_market":0,"has_waystone":1},"geometry":{"type":"Point","coordinates":[27513,11366]}},{"type":"Feature","properties":{"entityId":"648518346362489233","name":"Constantinople","tier":3,"has_bank":1,"has_market":0,"has_waystone":1},"geometry":{"type":"Point","coordinates":[26863,13281]}},{"type":"Feature","properties":{"entityId":"648518346362515968","name":"Jute Chewing Outpost","tier":4,"has_bank":1,"has_market":0,"has_waystone":1},"geometry":{"type":"Point","coordinates":[27278,9538]}},{"type":"Feature","properties":{"entityId":"648518346362597234","name":"1k Macaroons","tier":4,"has_bank":1,"has_market":1,"has_waystone":1},"geometry":{"type":"Point","coordinates":[26159,11235]}},{"type":"Feature","properties":{"entityId":"648518346362645558","name":"Marshcomb","tier":8,"has_bank":1,"has_market":1,"has_waystone":1},"geometry":{"type":"Point","coordinates":[24998,13594]}},{"type":"Feature","properties":{"entityId":"648518346393847353","name":"Eaglez Rest T6 Mining Outpost","tier":6,"has_bank":1,"has_market":0,"has_waystone":1},"geometry":{"type":"Point","coordinates":[29489,12162]}},{"type":"Feature","properties":{"entityId":"648518346363514717","name":"Halostra Foundry","tier":3,"has_bank":1,"has_market":0,"has_waystone":0},"geometry":{"type":"Point","coordinates":[27153,11826]}},{"type":"Feature","properties":{"entityId":"648518346384338865","name":"Matikane Falls","tier":3,"has_bank":1,"has_market":0,"has_waystone":1},"geometry":{"type":"Point","coordinates":[26524,13785]}},{"type":"Feature","properties":{"entityId":"648518346405096061","name":"Wisteria Heights","tier":3,"has_bank":1,"has_market":0,"has_waystone":1},"geometry":{"type":"Point","coordinates":[28762,14115]}},{"type":"Feature","properties":{"entityId":"648518346429674562","name":"bees knees","tier":1,"has_bank":0,"has_market":0,"has_waystone":0},"geometry":{"type":"Point","coordinates":[27100,13927]}},{"type":"Feature","properties":{"entityId":"648518346418898977","name":"BLL Mushroom Island","tier":3,"has_bank":1,"has_market":0,"has_waystone":1},"geometry":{"type":"Point","coordinates":[29280,8437]}},{"type":"Feature","properties":{"entityId":"648518346369355108","name":"The Idiots","tier":4,"has_bank":1,"has_market":0,"has_waystone":1},"geometry":{"type":"Point","coordinates":[26479,9808]}},{"type":"Feature","properties":{"entityId":"648518346363993161","name":"Berry Point","tier":4,"has_bank":1,"has_market":0,"has_waystone":1},"geometry":{"type":"Point","coordinates":[23628,14223]}},{"type":"Feature","properties":{"entityId":"648518346364544322","name":"JambonBeurre","tier":3,"has_bank":0,"has_market":0,"has_waystone":1},"geometry":{"type":"Point","coordinates":[27575,14031]}},{"type":"Feature","properties":{"entityId":"648518346424502288","name":"Claimed area (N: 3853, E: 8508)","tier":1,"has_bank":0,"has_market":0,"has_waystone":0},"geometry":{"type":"Point","coordinates":[25525,11560]}},{"type":"Feature","properties":{"entityId":"648518346364740378","name":"Gilead","tier":4,"has_bank":1,"has_market":0,"has_waystone":1},"geometry":{"type":"Point","coordinates":[27891,12921]}},{"type":"Feature","properties":{"entityId":"648518346364767840","name":"Wistram","tier":4,"has_bank":1,"has_market":0,"has_waystone":1},"geometry":{"type":"Point","coordinates":[27745,14076]}},{"type":"Feature","properties":{"entityId":"648518346364919737","name":"Cult of the Shattered Fang","tier":5,"has_bank":1,"has_market":0,"has_waystone":1},"geometry":{"type":"Point","coordinates":[29089,11787]}},{"type":"Feature","properties":{"entityId":"648518346390897038","name":"Olympia","tier":5,"has_bank":0,"has_market":0,"has_waystone":1},"geometry":{"type":"Point","coordinates":[24267,13242]}},{"type":"Feature","properties":{"entityId":"648518346429960624","name":"The End of the World","tier":2,"has_bank":1,"has_market":0,"has_waystone":1},"geometry":{"type":"Point","coordinates":[28997,8608]}},{"type":"Feature","properties":{"entityId":"648518346365458916","name":"Aquila","tier":4,"has_bank":1,"has_market":0,"has_waystone":1},"geometry":{"type":"Point","coordinates":[25150,8855]}},{"type":"Feature","properties":{"entityId":"648518346403433089","name":"Nezzara Duskfall","tier":2,"has_bank":1,"has_market":0,"has_waystone":0},"geometry":{"type":"Point","coordinates":[28631,12344]}},{"type":"Feature","properties":{"entityId":"648518346389436417","name":"Stormfang","tier":3,"has_bank":1,"has_market":0,"has_waystone":0},"geometry":{"type":"Point","coordinates":[25999,12573]}},{"type":"Feature","properties":{"entityId":"648518346365700768","name":"Kederk Farms","tier":3,"has_bank":0,"has_market":0,"has_waystone":0},"geometry":{"type":"Point","coordinates":[28724,11198]}},{"type":"Feature","properties":{"entityId":"648518346366075119","name":"Mystic Marina","tier":3,"has_bank":0,"has_market":0,"has_waystone":0},"geometry":{"type":"Point","coordinates":[26313,13038]}},{"type":"Feature","properties":{"entityId":"648518346367312105","name":"Claimed area (N: 4604, E: 8937)","tier":2,"has_bank":0,"has_market":0,"has_waystone":0},"geometry":{"type":"Point","coordinates":[26809,13811]}},{"type":"Feature","properties":{"entityId":"648518346366198744","name":"Sandy Cheeks Burnout Bay","tier":2,"has_bank":0,"has_market":0,"has_waystone":1},"geometry":{"type":"Point","coordinates":[23537,10708]}},{"type":"Feature","properties":{"entityId":"648518346366210175","name":"Mystic Shamrock","tier":3,"has_bank":1,"has_market":0,"has_waystone":1},"geometry":{"type":"Point","coordinates":[26021,11789]}},{"type":"Feature","properties":{"entityId":"648518346366934550","name":"Kobold Cliffs","tier":5,"has_bank":0,"has_market":0,"has_waystone":1},"geometry":{"type":"Point","coordinates":[26077,13622]}},{"type":"Feature","properties":{"entityId":"648518346366983003","name":"Briny Pine Anchorage","tier":4,"has_bank":1,"has_market":1,"has_waystone":1},"geometry":{"type":"Point","coordinates":[30037,12322]}},{"type":"Feature","properties":{"entityId":"648518346391918232","name":"Mystic Sandlot","tier":3,"has_bank":1,"has_market":0,"has_waystone":1},"geometry":{"type":"Point","coordinates":[26467,12501]}},{"type":"Feature","properties":{"entityId":"648518346367435722","name":"Thistlebrook","tier":3,"has_bank":1,"has_market":0,"has_waystone":1},"geometry":{"type":"Point","coordinates":[27222,13711]}},{"type":"Feature","properties":{"entityId":"648518346422592609","name":"Mystic Ascent","tier":1,"has_bank":0,"has_market":0,"has_waystone":0},"geometry":{"type":"Point","coordinates":[24829,13353]}},{"type":"Feature","properties":{"entityId":"648518346379327949","name":"The Cat Cafe","tier":3,"has_bank":1,"has_market":0,"has_waystone":1},"geometry":{"type":"Point","coordinates":[27183,9936]}},{"type":"Feature","properties":{"entityId":"648518346431121998","name":"The Hollow","tier":2,"has_bank":0,"has_market":0,"has_waystone":0},"geometry":{"type":"Point","coordinates":[27739,10379]}},{"type":"Feature","properties":{"entityId":"648518346368008257","name":"Halcyon Daze","tier":2,"has_bank":1,"has_market":0,"has_waystone":1},"geometry":{"type":"Point","coordinates":[28999,13215]}},{"type":"Feature","properties":{"entityId":"648518346368001246","name":"In the Arms of a Smelter","tier":3,"has_bank":1,"has_market":0,"has_waystone":1},"geometry":{"type":"Point","coordinates":[25822,12267]}},{"type":"Feature","properties":{"entityId":"648518346368111841","name":"The Wagon Race","tier":4,"has_bank":1,"has_market":0,"has_waystone":1},"geometry":{"type":"Point","coordinates":[26525,12969]}},{"type":"Feature","properties":{"entityId":"648518346368362214","name":"Harwistle Haven","tier":3,"has_bank":0,"has_market":0,"has_waystone":0},"geometry":{"type":"Point","coordinates":[28255,11350]}},{"type":"Feature","properties":{"entityId":"648518346403281662","name":"RenierLAND","tier":3,"has_bank":1,"has_market":0,"has_waystone":1},"geometry":{"type":"Point","coordinates":[28676,14525]}},{"type":"Feature","properties":{"entityId":"648518346383293778","name":"Shimaenaga","tier":3,"has_bank":1,"has_market":0,"has_waystone":1},"geometry":{"type":"Point","coordinates":[27936,9210]}},{"type":"Feature","properties":{"entityId":"648518346371255525","name":"Tsunami","tier":3,"has_bank":1,"has_market":0,"has_waystone":1},"geometry":{"type":"Point","coordinates":[26390,10117]}},{"type":"Feature","properties":{"entityId":"648518346371150926","name":"Mystic Labyrinth","tier":5,"has_bank":1,"has_market":1,"has_waystone":1},"geometry":{"type":"Point","coordinates":[24810,12864]}},{"type":"Feature","properties":{"entityId":"648518346388112657","name":"Mystic Bank","tier":2,"has_bank":1,"has_market":0,"has_waystone":0},"geometry":{"type":"Point","coordinates":[26671,12855]}},{"type":"Feature","properties":{"entityId":"648518346371389565","name":"Merchant Trade Isle","tier":3,"has_bank":1,"has_market":0,"has_waystone":1},"geometry":{"type":"Point","coordinates":[28685,9853]}},{"type":"Feature","properties":{"entityId":"648518346371509869","name":"Halberd Japan","tier":7,"has_bank":1,"has_market":1,"has_waystone":1},"geometry":{"type":"Point","coordinates":[25628,11384]}},{"type":"Feature","properties":{"entityId":"648518346397240870","name":"S Chatterfang Pines Rd","tier":2,"has_bank":0,"has_market":0,"has_waystone":0},"geometry":{"type":"Point","coordinates":[28938,11952]}},{"type":"Feature","properties":{"entityId":"648518346371833239","name":"Vega Park","tier":2,"has_bank":0,"has_market":0,"has_waystone":0},"geometry":{"type":"Point","coordinates":[25632,11532]}},{"type":"Feature","properties":{"entityId":"648518346371984372","name":"Earthforged Woods","tier":2,"has_bank":1,"has_market":0,"has_waystone":1},"geometry":{"type":"Point","coordinates":[24408,14166]}},{"type":"Feature","properties":{"entityId":"648518346429860111","name":"Mystic Highlander","tier":1,"has_bank":0,"has_market":0,"has_waystone":0},"geometry":{"type":"Point","coordinates":[24649,12279]}},{"type":"Feature","properties":{"entityId":"648518346372233957","name":"Mystic Bay","tier":3,"has_bank":1,"has_market":0,"has_waystone":1},"geometry":{"type":"Point","coordinates":[24358,12723]}},{"type":"Feature","properties":{"entityId":"648518346374098072","name":"Altair","tier":2,"has_bank":0,"has_market":0,"has_waystone":0},"geometry":{"type":"Point","coordinates":[25590,11802]}},{"type":"Feature","properties":{"entityId":"648518346374105068","name":"Rigel","tier":2,"has_bank":1,"has_market":0,"has_waystone":1},"geometry":{"type":"Point","coordinates":[25447,11619]}},{"type":"Feature","properties":{"entityId":"648518346416354245","name":"R9 Travel","tier":2,"has_bank":0,"has_market":0,"has_waystone":1},"geometry":{"type":"Point","coordinates":[26013,10128]}},{"type":"Feature","properties":{"entityId":"648518346397542196","name":"Mata Nui","tier":4,"has_bank":1,"has_market":1,"has_waystone":1},"geometry":{"type":"Point","coordinates":[27248,12837]}},{"type":"Feature","properties":{"entityId":"648518346391323587","name":"Pirate Bay","tier":2,"has_bank":0,"has_market":0,"has_waystone":0},"geometry":{"type":"Point","coordinates":[24949,11115]}},{"type":"Feature","properties":{"entityId":"648518346409057101","name":"Winterstrike","tier":2,"has_bank":1,"has_market":0,"has_waystone":0},"geometry":{"type":"Point","coordinates":[27460,12174]}},{"type":"Feature","properties":{"entityId":"648518346418591665","name":"Warehouse 13","tier":2,"has_bank":0,"has_market":0,"has_waystone":1},"geometry":{"type":"Point","coordinates":[26089,11501]}},{"type":"Feature","properties":{"entityId":"648518346401754390","name":"Flamehold","tier":4,"has_bank":1,"has_market":0,"has_waystone":1},"geometry":{"type":"Point","coordinates":[29022,11196]}},{"type":"Feature","properties":{"entityId":"648518346383668630","name":"Mystic SkyBridge","tier":2,"has_bank":0,"has_market":0,"has_waystone":0},"geometry":{"type":"Point","coordinates":[24735,12792]}},{"type":"Feature","properties":{"entityId":"648518346375857917","name":"Monkey Island","tier":2,"has_bank":0,"has_market":0,"has_waystone":0},"geometry":{"type":"Point","coordinates":[27877,12637]}},{"type":"Feature","properties":{"entityId":"648518346420071895","name":"Claimed area (N: 3941, E: 8258)","tier":1,"has_bank":0,"has_market":0,"has_waystone":0},"geometry":{"type":"Point","coordinates":[24775,11823]}},{"type":"Feature","properties":{"entityId":"648518346376614773","name":"Eastview Docks","tier":4,"has_bank":1,"has_market":0,"has_waystone":1},"geometry":{"type":"Point","coordinates":[28145,10649]}},{"type":"Feature","properties":{"entityId":"648518346376923577","name":"Igelport","tier":4,"has_bank":0,"has_market":0,"has_waystone":1},"geometry":{"type":"Point","coordinates":[28384,12625]}},{"type":"Feature","properties":{"entityId":"648518346377821899","name":"Port Fluffy","tier":3,"has_bank":0,"has_market":0,"has_waystone":1},"geometry":{"type":"Point","coordinates":[26082,10772]}},{"type":"Feature","properties":{"entityId":"648518346377954305","name":"Lilywhite","tier":4,"has_bank":1,"has_market":1,"has_waystone":1},"geometry":{"type":"Point","coordinates":[26309,11363]}},{"type":"Feature","properties":{"entityId":"648518346378250234","name":"Heavens Eternal Lower Lands","tier":4,"has_bank":1,"has_market":0,"has_waystone":1},"geometry":{"type":"Point","coordinates":[24288,8111]}},{"type":"Feature","properties":{"entityId":"648518346380693429","name":"Tea Hut","tier":3,"has_bank":1,"has_market":0,"has_waystone":1},"geometry":{"type":"Point","coordinates":[23758,11096]}},{"type":"Feature","properties":{"entityId":"648518346379899925","name":"Ebony Thorn","tier":5,"has_bank":1,"has_market":1,"has_waystone":1},"geometry":{"type":"Point","coordinates":[27565,9201]}},{"type":"Feature","properties":{"entityId":"648518346403643897","name":"Ballew Orchard","tier":2,"has_bank":0,"has_market":0,"has_waystone":0},"geometry":{"type":"Point","coordinates":[26134,9813]}},{"type":"Feature","properties":{"entityId":"648518346424402386","name":"Claimed area (N: 3539, E: 9041)","tier":2,"has_bank":0,"has_market":0,"has_waystone":0},"geometry":{"type":"Point","coordinates":[27124,10616]}},{"type":"Feature","properties":{"entityId":"648518346384727596","name":"Lunterra Granary","tier":2,"has_bank":1,"has_market":0,"has_waystone":0},"geometry":{"type":"Point","coordinates":[27232,11673]}},{"type":"Feature","properties":{"entityId":"648518346382447868","name":"Honey bottom","tier":3,"has_bank":0,"has_market":0,"has_waystone":0},"geometry":{"type":"Point","coordinates":[26981,13890]}},{"type":"Feature","properties":{"entityId":"648518346423000115","name":"Mystic Manor","tier":1,"has_bank":0,"has_market":0,"has_waystone":0},"geometry":{"type":"Point","coordinates":[26596,13335]}},{"type":"Feature","properties":{"entityId":"648518346402439295","name":"Port Selunari","tier":2,"has_bank":1,"has_market":0,"has_waystone":1},"geometry":{"type":"Point","coordinates":[27312,12097]}},{"type":"Feature","properties":{"entityId":"648518346385580026","name":"The Firm","tier":6,"has_bank":1,"has_market":1,"has_waystone":1},"geometry":{"type":"Point","coordinates":[24452,13613]}},{"type":"Feature","properties":{"entityId":"648518346385126621","name":"Sete","tier":3,"has_bank":1,"has_market":0,"has_waystone":1},"geometry":{"type":"Point","coordinates":[27935,8532]}},{"type":"Feature","properties":{"entityId":"648518346385822230","name":"Mystic Aisle","tier":1,"has_bank":0,"has_market":0,"has_waystone":0},"geometry":{"type":"Point","coordinates":[26023,13209]}},{"type":"Feature","properties":{"entityId":"648518346386793234","name":"Elenia","tier":4,"has_bank":1,"has_market":0,"has_waystone":1},"geometry":{"type":"Point","coordinates":[26703,10561]}},{"type":"Feature","properties":{"entityId":"648518346388993043","name":"Misthaven","tier":6,"has_bank":1,"has_market":1,"has_waystone":1},"geometry":{"type":"Point","coordinates":[26275,8839]}},{"type":"Feature","properties":{"entityId":"648518346428733777","name":"Twaffle House","tier":2,"has_bank":1,"has_market":0,"has_waystone":1},"geometry":{"type":"Point","coordinates":[25668,9189]}},{"type":"Feature","properties":{"entityId":"648518346425966399","name":"Mystic Precipice","tier":1,"has_bank":0,"has_market":0,"has_waystone":0},"geometry":{"type":"Point","coordinates":[26424,12810]}},{"type":"Feature","properties":{"entityId":"648518346389269759","name":"Ging Port","tier":2,"has_bank":1,"has_market":0,"has_waystone":0},"geometry":{"type":"Point","coordinates":[27903,14384]}},{"type":"Feature","properties":{"entityId":"648518346389353129","name":"The Globe","tier":5,"has_bank":0,"has_market":0,"has_waystone":1},"geometry":{"type":"Point","coordinates":[23772,14994]}},{"type":"Feature","properties":{"entityId":"648518346423777446","name":"Mystic Overpass","tier":1,"has_bank":0,"has_market":0,"has_waystone":0},"geometry":{"type":"Point","coordinates":[26370,12450]}},{"type":"Feature","properties":{"entityId":"648518346389820994","name":"Fairwinds Farm","tier":4,"has_bank":1,"has_market":0,"has_waystone":1},"geometry":{"type":"Point","coordinates":[26327,9181]}},{"type":"Feature","properties":{"entityId":"648518346424685419","name":"Kindred Mining District","tier":2,"has_bank":0,"has_market":0,"has_waystone":0},"geometry":{"type":"Point","coordinates":[28847,11575]}},{"type":"Feature","properties":{"entityId":"648518346390754861","name":"Mermaids Kiss","tier":4,"has_bank":1,"has_market":1,"has_waystone":1},"geometry":{"type":"Point","coordinates":[23998,9911]}},{"type":"Feature","properties":{"entityId":"648518346391446382","name":"Astralite Gates","tier":5,"has_bank":1,"has_market":0,"has_waystone":1},"geometry":{"type":"Point","coordinates":[23743,10173]}},{"type":"Feature","properties":{"entityId":"648518346426007228","name":"Mystic Landing","tier":1,"has_bank":0,"has_market":0,"has_waystone":0},"geometry":{"type":"Point","coordinates":[26561,12485]}},{"type":"Feature","properties":{"entityId":"648518346427801897","name":"Claimed area (N: 4753, E: 8282)","tier":1,"has_bank":0,"has_market":0,"has_waystone":0},"geometry":{"type":"Point","coordinates":[24849,14260]}},{"type":"Feature","properties":{"entityId":"648518346392173547","name":"Dawnstar Transport Co","tier":3,"has_bank":1,"has_market":0,"has_waystone":1},"geometry":{"type":"Point","coordinates":[26475,11230]}},{"type":"Feature","properties":{"entityId":"648518346392463003","name":"Blackmaw Stronghold","tier":2,"has_bank":1,"has_market":0,"has_waystone":1},"geometry":{"type":"Point","coordinates":[29392,12785]}},{"type":"Feature","properties":{"entityId":"648518346392938504","name":"Isle de Krabby","tier":2,"has_bank":1,"has_market":0,"has_waystone":1},"geometry":{"type":"Point","coordinates":[29932,9437]}},{"type":"Feature","properties":{"entityId":"648518346392974837","name":"Sealab 2026","tier":4,"has_bank":1,"has_market":0,"has_waystone":1},"geometry":{"type":"Point","coordinates":[26137,8493]}},{"type":"Feature","properties":{"entityId":"648518346428767051","name":"Apartment 26","tier":2,"has_bank":0,"has_market":0,"has_waystone":1},"geometry":{"type":"Point","coordinates":[24754,11322]}},{"type":"Feature","properties":{"entityId":"648518346425198950","name":"Green Leaf Ranch","tier":3,"has_bank":1,"has_market":0,"has_waystone":0},"geometry":{"type":"Point","coordinates":[27016,11884]}},{"type":"Feature","properties":{"entityId":"648518346427604312","name":"Queens Landing","tier":1,"has_bank":0,"has_market":0,"has_waystone":0},"geometry":{"type":"Point","coordinates":[26380,12315]}},{"type":"Feature","properties":{"entityId":"648518346394976773","name":"Asperavi","tier":4,"has_bank":1,"has_market":0,"has_waystone":1},"geometry":{"type":"Point","coordinates":[25565,13979]}},{"type":"Feature","properties":{"entityId":"648518346415458820","name":"Olayan Outskirts NE","tier":2,"has_bank":1,"has_market":0,"has_waystone":0},"geometry":{"type":"Point","coordinates":[27111,13584]}},{"type":"Feature","properties":{"entityId":"648518346396406878","name":"Flower by the sea","tier":3,"has_bank":0,"has_market":0,"has_waystone":0},"geometry":{"type":"Point","coordinates":[28258,10932]}},{"type":"Feature","properties":{"entityId":"648518346420431753","name":"Ashura","tier":2,"has_bank":0,"has_market":0,"has_waystone":0},"geometry":{"type":"Point","coordinates":[24706,10407]}},{"type":"Feature","properties":{"entityId":"648518346399380971","name":"Moth Garden","tier":2,"has_bank":1,"has_market":0,"has_waystone":0},"geometry":{"type":"Point","coordinates":[27384,9293]}},{"type":"Feature","properties":{"entityId":"648518346399717632","name":"woodcock factory","tier":3,"has_bank":1,"has_market":0,"has_waystone":0},"geometry":{"type":"Point","coordinates":[28234,12211]}},{"type":"Feature","properties":{"entityId":"648518346399819805","name":"Olay","tier":5,"has_bank":1,"has_market":1,"has_waystone":1},"geometry":{"type":"Point","coordinates":[27025,13527]}},{"type":"Feature","properties":{"entityId":"648518346400556787","name":"Olayan Outskirts SE","tier":2,"has_bank":1,"has_market":0,"has_waystone":0},"geometry":{"type":"Point","coordinates":[27111,13470]}},{"type":"Feature","properties":{"entityId":"648518346400569504","name":"Olayan Outskirts SW","tier":2,"has_bank":1,"has_market":0,"has_waystone":0},"geometry":{"type":"Point","coordinates":[26940,13470]}},{"type":"Feature","properties":{"entityId":"648518346400576921","name":"Olayan Outskirts NW","tier":2,"has_bank":1,"has_market":0,"has_waystone":0},"geometry":{"type":"Point","coordinates":[26940,13584]}},{"type":"Feature","properties":{"entityId":"648518346402394811","name":"DESU Damascus","tier":3,"has_bank":1,"has_market":0,"has_waystone":1},"geometry":{"type":"Point","coordinates":[24450,9863]}},{"type":"Feature","properties":{"entityId":"648518346402833305","name":"Olayan Outskirts S","tier":2,"has_bank":1,"has_market":0,"has_waystone":0},"geometry":{"type":"Point","coordinates":[27025,13413]}},{"type":"Feature","properties":{"entityId":"648518346405908365","name":"Squirrel Woods","tier":1,"has_bank":0,"has_market":0,"has_waystone":0},"geometry":{"type":"Point","coordinates":[29314,11595]}},{"type":"Feature","properties":{"entityId":"648518346406159128","name":"Squirrel Overlook","tier":1,"has_bank":0,"has_market":0,"has_waystone":0},"geometry":{"type":"Point","coordinates":[29208,11592]}},{"type":"Feature","properties":{"entityId":"648518346406407537","name":"Blossom Road","tier":2,"has_bank":0,"has_market":0,"has_waystone":1},"geometry":{"type":"Point","coordinates":[26565,13670]}},{"type":"Feature","properties":{"entityId":"648518346406721260","name":"New Haven","tier":3,"has_bank":1,"has_market":0,"has_waystone":1},"geometry":{"type":"Point","coordinates":[27592,13827]}},{"type":"Feature","properties":{"entityId":"648518346406626934","name":"Route 99","tier":3,"has_bank":1,"has_market":0,"has_waystone":1},"geometry":{"type":"Point","coordinates":[26286,13218]}},{"type":"Feature","properties":{"entityId":"648518346407021389","name":"Port Greene West","tier":3,"has_bank":0,"has_market":0,"has_waystone":0},"geometry":{"type":"Point","coordinates":[27032,10510]}},{"type":"Feature","properties":{"entityId":"648518346409737342","name":"New DriftWood","tier":4,"has_bank":1,"has_market":1,"has_waystone":1},"geometry":{"type":"Point","coordinates":[28824,12802]}},{"type":"Feature","properties":{"entityId":"648518346409332895","name":"Arakniss Dungeon","tier":1,"has_bank":0,"has_market":0,"has_waystone":0},"geometry":{"type":"Point","coordinates":[29455,14363]}},{"type":"Feature","properties":{"entityId":"648518346411729122","name":"Ebony Farm","tier":5,"has_bank":1,"has_market":0,"has_waystone":0},"geometry":{"type":"Point","coordinates":[27642,9257]}},{"type":"Feature","properties":{"entityId":"648518346411915590","name":"Puerto Libre","tier":4,"has_bank":1,"has_market":1,"has_waystone":1},"geometry":{"type":"Point","coordinates":[27381,14076]}},{"type":"Feature","properties":{"entityId":"648518346411986021","name":"FrogMilk","tier":3,"has_bank":1,"has_market":0,"has_waystone":0},"geometry":{"type":"Point","coordinates":[27114,13094]}},{"type":"Feature","properties":{"entityId":"648518346411998742","name":"Twinleaf","tier":3,"has_bank":1,"has_market":0,"has_waystone":1},"geometry":{"type":"Point","coordinates":[28395,11679]}},{"type":"Feature","properties":{"entityId":"648518346431257572","name":"Kaizen","tier":2,"has_bank":1,"has_market":0,"has_waystone":0},"geometry":{"type":"Point","coordinates":[28220,11578]}},{"type":"Feature","properties":{"entityId":"648518346413359602","name":"Skeleton Nook","tier":2,"has_bank":1,"has_market":0,"has_waystone":0},"geometry":{"type":"Point","coordinates":[26452,13421]}},{"type":"Feature","properties":{"entityId":"648518346414913678","name":"Ullanor","tier":3,"has_bank":1,"has_market":0,"has_waystone":0},"geometry":{"type":"Point","coordinates":[26705,14014]}},{"type":"Feature","properties":{"entityId":"648518346416340141","name":"Berry Depot","tier":2,"has_bank":1,"has_market":0,"has_waystone":1},"geometry":{"type":"Point","coordinates":[24418,13972]}},{"type":"Feature","properties":{"entityId":"648518346417656905","name":"Old Hampshire","tier":3,"has_bank":0,"has_market":0,"has_waystone":1},"geometry":{"type":"Point","coordinates":[25796,11320]}},{"type":"Feature","properties":{"entityId":"648518346417912394","name":"La Taverne des gueux","tier":3,"has_bank":1,"has_market":0,"has_waystone":0},"geometry":{"type":"Point","coordinates":[28905,11409]}},{"type":"Feature","properties":{"entityId":"648518346418969433","name":"Future LakeTown","tier":2,"has_bank":1,"has_market":0,"has_waystone":0},"geometry":{"type":"Point","coordinates":[27036,10116]}},{"type":"Feature","properties":{"entityId":"648518346419173961","name":"Squirrel Road North","tier":1,"has_bank":0,"has_market":0,"has_waystone":0},"geometry":{"type":"Point","coordinates":[29326,11814]}},{"type":"Feature","properties":{"entityId":"648518346421326715","name":"Claimed area (N: 4759, E: 9698)","tier":1,"has_bank":0,"has_market":0,"has_waystone":0},"geometry":{"type":"Point","coordinates":[29095,14277]}},{"type":"Feature","properties":{"entityId":"648518346431724124","name":"Claimed area (N: 4517, E: 8650)","tier":1,"has_bank":0,"has_market":0,"has_waystone":0},"geometry":{"type":"Point","coordinates":[25953,13552]}},{"type":"Feature","properties":{"entityId":"648518346425650945","name":"Roganskaya Narodnaya Respublica","tier":2,"has_bank":0,"has_market":0,"has_waystone":0},"geometry":{"type":"Point","coordinates":[26986,13779]}},{"type":"Feature","properties":{"entityId":"648518346429894139","name":"Gecho Farm","tier":3,"has_bank":0,"has_market":0,"has_waystone":0},"geometry":{"type":"Point","coordinates":[27383,9904]}},{"type":"Feature","properties":{"entityId":"648518346426331956","name":"Nothing Here","tier":2,"has_bank":0,"has_market":0,"has_waystone":0},"geometry":{"type":"Point","coordinates":[25711,11756]}},{"type":"Feature","properties":{"entityId":"648518346426442632","name":"Claimed area (N: 4413, E: 9084)","tier":2,"has_bank":0,"has_market":0,"has_waystone":0},"geometry":{"type":"Point","coordinates":[27253,13238]}},{"type":"Feature","properties":{"entityId":"648518346427145642","name":"Silvergrove","tier":2,"has_bank":0,"has_market":0,"has_waystone":0},"geometry":{"type":"Point","coordinates":[27131,13334]}},{"type":"Feature","properties":{"entityId":"648518346427168891","name":"Claimed area (N: 4293, E: 9853)","tier":2,"has_bank":0,"has_market":0,"has_waystone":0},"geometry":{"type":"Point","coordinates":[29560,12879]}},{"type":"Feature","properties":{"entityId":"648518346429106803","name":"Claimed area (N: 4329, E: 8580)","tier":1,"has_bank":0,"has_market":0,"has_waystone":0},"geometry":{"type":"Point","coordinates":[25741,12987]}},{"type":"Feature","properties":{"entityId":"864691128472792407","name":"Freeport","tier":9,"has_bank":1,"has_market":1,"has_waystone":1},"geometry":{"type":"Point","coordinates":[11403,16110]}},{"type":"Feature","properties":{"entityId":"864691128472806646","name":"Jaruudsalem","tier":8,"has_bank":1,"has_market":1,"has_waystone":1},"geometry":{"type":"Point","coordinates":[12358,19761]}},{"type":"Feature","properties":{"entityId":"864691128472803859","name":"Mythica","tier":7,"has_bank":1,"has_market":1,"has_waystone":1},"geometry":{"type":"Point","coordinates":[9358,19053]}},{"type":"Feature","properties":{"entityId":"864691128472807988","name":"Nevergrim","tier":7,"has_bank":1,"has_market":1,"has_waystone":1},"geometry":{"type":"Point","coordinates":[11579,16397]}},{"type":"Feature","properties":{"entityId":"864691128472809590","name":"RuinVale","tier":3,"has_bank":1,"has_market":0,"has_waystone":1},"geometry":{"type":"Point","coordinates":[9177,17812]}},{"type":"Feature","properties":{"entityId":"864691128472822393","name":"MATCHA LATTE","tier":6,"has_bank":1,"has_market":1,"has_waystone":1},"geometry":{"type":"Point","coordinates":[10346,17199]}},{"type":"Feature","properties":{"entityId":"864691128472830127","name":"The Randy Ribbit Ranch","tier":6,"has_bank":1,"has_market":1,"has_waystone":1},"geometry":{"type":"Point","coordinates":[10221,17442]}},{"type":"Feature","properties":{"entityId":"864691128472877644","name":"Solvenar","tier":8,"has_bank":1,"has_market":1,"has_waystone":1},"geometry":{"type":"Point","coordinates":[13820,20292]}},{"type":"Feature","properties":{"entityId":"864691128472838585","name":"Estalucia","tier":7,"has_bank":1,"has_market":1,"has_waystone":1},"geometry":{"type":"Point","coordinates":[10039,17134]}},{"type":"Feature","properties":{"entityId":"864691128472841222","name":"CSB Aurora","tier":6,"has_bank":1,"has_market":1,"has_waystone":1},"geometry":{"type":"Point","coordinates":[11407,17457]}},{"type":"Feature","properties":{"entityId":"864691128483351359","name":"Towerborne Citadel","tier":6,"has_bank":1,"has_market":1,"has_waystone":1},"geometry":{"type":"Point","coordinates":[9466,21945]}},{"type":"Feature","properties":{"entityId":"864691128472938075","name":"Silver City","tier":5,"has_bank":1,"has_market":0,"has_waystone":1},"geometry":{"type":"Point","coordinates":[12382,16827]}},{"type":"Feature","properties":{"entityId":"864691128472940633","name":"Azama City","tier":5,"has_bank":1,"has_market":1,"has_waystone":1},"geometry":{"type":"Point","coordinates":[14595,22001]}},{"type":"Feature","properties":{"entityId":"864691128472944648","name":"Goydhelm","tier":6,"has_bank":1,"has_market":1,"has_waystone":1},"geometry":{"type":"Point","coordinates":[9535,16396]}},{"type":"Feature","properties":{"entityId":"864691128472957339","name":"Balduran","tier":6,"has_bank":1,"has_market":1,"has_waystone":1},"geometry":{"type":"Point","coordinates":[8926,16053]}},{"type":"Feature","properties":{"entityId":"864691128473132229","name":"Caelum Nova","tier":6,"has_bank":1,"has_market":1,"has_waystone":1},"geometry":{"type":"Point","coordinates":[9262,18790]}},{"type":"Feature","properties":{"entityId":"864691128473023507","name":"Jita","tier":7,"has_bank":1,"has_market":1,"has_waystone":1},"geometry":{"type":"Point","coordinates":[12685,20317]}},{"type":"Feature","properties":{"entityId":"864691128472978405","name":"Clearwater","tier":5,"has_bank":1,"has_market":1,"has_waystone":1},"geometry":{"type":"Point","coordinates":[11488,19393]}},{"type":"Feature","properties":{"entityId":"864691128472989956","name":"Stormreach","tier":6,"has_bank":1,"has_market":1,"has_waystone":1},"geometry":{"type":"Point","coordinates":[13227,16016]}},{"type":"Feature","properties":{"entityId":"864691128472997939","name":"Courthal","tier":3,"has_bank":1,"has_market":0,"has_waystone":1},"geometry":{"type":"Point","coordinates":[9013,19055]}},{"type":"Feature","properties":{"entityId":"864691128473251601","name":"Towerborne Bastion","tier":3,"has_bank":1,"has_market":0,"has_waystone":1},"geometry":{"type":"Point","coordinates":[9924,21342]}},{"type":"Feature","properties":{"entityId":"864691128473008014","name":"Maple Lake","tier":6,"has_bank":1,"has_market":1,"has_waystone":1},"geometry":{"type":"Point","coordinates":[8555,16295]}},{"type":"Feature","properties":{"entityId":"864691128473012693","name":"The Wandering Inn","tier":5,"has_bank":1,"has_market":0,"has_waystone":1},"geometry":{"type":"Point","coordinates":[9507,17860]}},{"type":"Feature","properties":{"entityId":"864691128473028345","name":"Ithys","tier":5,"has_bank":1,"has_market":1,"has_waystone":1},"geometry":{"type":"Point","coordinates":[8764,18918]}},{"type":"Feature","properties":{"entityId":"864691128473041055","name":"Fraggle Rock","tier":5,"has_bank":1,"has_market":1,"has_waystone":1},"geometry":{"type":"Point","coordinates":[10591,16039]}},{"type":"Feature","properties":{"entityId":"864691128473045600","name":"Bad Wolf Bay","tier":6,"has_bank":1,"has_market":1,"has_waystone":1},"geometry":{"type":"Point","coordinates":[9742,18557]}},{"type":"Feature","properties":{"entityId":"864691128473083770","name":"Urgopolis","tier":4,"has_bank":1,"has_market":0,"has_waystone":1},"geometry":{"type":"Point","coordinates":[9025,18147]}},{"type":"Feature","properties":{"entityId":"864691128473092749","name":"C L I C K","tier":4,"has_bank":1,"has_market":0,"has_waystone":1},"geometry":{"type":"Point","coordinates":[14211,18189]}},{"type":"Feature","properties":{"entityId":"864691128473115386","name":"The Spirit Flame Forge","tier":5,"has_bank":1,"has_market":1,"has_waystone":1},"geometry":{"type":"Point","coordinates":[10876,17997]}},{"type":"Feature","properties":{"entityId":"864691128501270991","name":"Apaca Llampacas","tier":2,"has_bank":1,"has_market":0,"has_waystone":1},"geometry":{"type":"Point","coordinates":[12429,20094]}},{"type":"Feature","properties":{"entityId":"864691128474162456","name":"Ravens Reverie","tier":6,"has_bank":1,"has_market":1,"has_waystone":1},"geometry":{"type":"Point","coordinates":[12204,16932]}},{"type":"Feature","properties":{"entityId":"864691128488011145","name":"Velaris","tier":4,"has_bank":1,"has_market":1,"has_waystone":1},"geometry":{"type":"Point","coordinates":[9517,17751]}},{"type":"Feature","properties":{"entityId":"864691128473179385","name":"Riverport","tier":5,"has_bank":1,"has_market":1,"has_waystone":1},"geometry":{"type":"Point","coordinates":[10812,16944]}},{"type":"Feature","properties":{"entityId":"864691128475174818","name":"Witchy Mire","tier":3,"has_bank":1,"has_market":0,"has_waystone":1},"geometry":{"type":"Point","coordinates":[12112,17902]}},{"type":"Feature","properties":{"entityId":"864691128473259116","name":"Critter Barter Nest","tier":4,"has_bank":1,"has_market":0,"has_waystone":1},"geometry":{"type":"Point","coordinates":[12861,19728]}},{"type":"Feature","properties":{"entityId":"864691128474736491","name":"Neo Rimuru City","tier":6,"has_bank":1,"has_market":1,"has_waystone":1},"geometry":{"type":"Point","coordinates":[11443,20745]}},{"type":"Feature","properties":{"entityId":"864691128473321674","name":"Pootopia","tier":5,"has_bank":1,"has_market":1,"has_waystone":1},"geometry":{"type":"Point","coordinates":[10152,19311]}},{"type":"Feature","properties":{"entityId":"864691128475474893","name":"New Bratzville","tier":4,"has_bank":1,"has_market":1,"has_waystone":1},"geometry":{"type":"Point","coordinates":[9076,20220]}},{"type":"Feature","properties":{"entityId":"864691128473502637","name":"Simons Room","tier":5,"has_bank":1,"has_market":1,"has_waystone":1},"geometry":{"type":"Point","coordinates":[12313,19188]}},{"type":"Feature","properties":{"entityId":"864691128569757572","name":"Deliverance","tier":2,"has_bank":0,"has_market":0,"has_waystone":0},"geometry":{"type":"Point","coordinates":[12120,16312]}},{"type":"Feature","properties":{"entityId":"864691128555636371","name":"Buns Barn","tier":3,"has_bank":0,"has_market":0,"has_waystone":0},"geometry":{"type":"Point","coordinates":[13911,19846]}},{"type":"Feature","properties":{"entityId":"864691128473724893","name":"KABOSU","tier":5,"has_bank":1,"has_market":1,"has_waystone":1},"geometry":{"type":"Point","coordinates":[10090,17457]}},{"type":"Feature","properties":{"entityId":"864691128487788576","name":"Pyros Pines","tier":4,"has_bank":1,"has_market":0,"has_waystone":1},"geometry":{"type":"Point","coordinates":[9898,20398]}},{"type":"Feature","properties":{"entityId":"864691128473968708","name":"Parley Isle","tier":5,"has_bank":1,"has_market":1,"has_waystone":1},"geometry":{"type":"Point","coordinates":[10176,17964]}},{"type":"Feature","properties":{"entityId":"864691128474567415","name":"Heartspire","tier":5,"has_bank":1,"has_market":1,"has_waystone":1},"geometry":{"type":"Point","coordinates":[10833,19368]}},{"type":"Feature","properties":{"entityId":"864691128572228297","name":"HalaBovas","tier":2,"has_bank":0,"has_market":0,"has_waystone":0},"geometry":{"type":"Point","coordinates":[11957,19677]}},{"type":"Feature","properties":{"entityId":"864691128477970207","name":"Queens Port","tier":6,"has_bank":1,"has_market":1,"has_waystone":1},"geometry":{"type":"Point","coordinates":[12368,18825]}},{"type":"Feature","properties":{"entityId":"864691128475533222","name":"Buns Falls","tier":5,"has_bank":1,"has_market":0,"has_waystone":1},"geometry":{"type":"Point","coordinates":[14004,19830]}},{"type":"Feature","properties":{"entityId":"864691128475347522","name":"Shrine of Chop","tier":4,"has_bank":1,"has_market":0,"has_waystone":1},"geometry":{"type":"Point","coordinates":[12800,22173]}},{"type":"Feature","properties":{"entityId":"864691128474344719","name":"Asphodel","tier":5,"has_bank":1,"has_market":1,"has_waystone":1},"geometry":{"type":"Point","coordinates":[14303,16960]}},{"type":"Feature","properties":{"entityId":"864691128474441558","name":"Witchy Kitchen","tier":3,"has_bank":1,"has_market":0,"has_waystone":0},"geometry":{"type":"Point","coordinates":[11237,19859]}},{"type":"Feature","properties":{"entityId":"864691128474474995","name":"Wonderland","tier":4,"has_bank":0,"has_market":1,"has_waystone":1},"geometry":{"type":"Point","coordinates":[12980,20681]}},{"type":"Feature","properties":{"entityId":"864691128566264508","name":"Haps Hateful Hunting","tier":4,"has_bank":1,"has_market":1,"has_waystone":1},"geometry":{"type":"Point","coordinates":[9423,16941]}},{"type":"Feature","properties":{"entityId":"864691128474511449","name":"Surge Island Claim For Sale","tier":4,"has_bank":1,"has_market":0,"has_waystone":1},"geometry":{"type":"Point","coordinates":[14514,20525]}},{"type":"Feature","properties":{"entityId":"864691128474690117","name":"Winstead","tier":7,"has_bank":1,"has_market":1,"has_waystone":1},"geometry":{"type":"Point","coordinates":[11577,20830]}},{"type":"Feature","properties":{"entityId":"864691128474724299","name":"Rock Band City","tier":5,"has_bank":1,"has_market":1,"has_waystone":1},"geometry":{"type":"Point","coordinates":[12008,19045]}},{"type":"Feature","properties":{"entityId":"864691128474743580","name":"Fairytail","tier":5,"has_bank":1,"has_market":1,"has_waystone":1},"geometry":{"type":"Point","coordinates":[11800,18906]}},{"type":"Feature","properties":{"entityId":"864691128474804062","name":"Mac Anu","tier":4,"has_bank":1,"has_market":1,"has_waystone":1},"geometry":{"type":"Point","coordinates":[11459,18791]}},{"type":"Feature","properties":{"entityId":"864691128475152002","name":"Beta Jakyl Area","tier":5,"has_bank":1,"has_market":1,"has_waystone":1},"geometry":{"type":"Point","coordinates":[11629,18959]}},{"type":"Feature","properties":{"entityId":"864691128475280782","name":"the midst","tier":5,"has_bank":1,"has_market":1,"has_waystone":1},"geometry":{"type":"Point","coordinates":[14379,20594]}},{"type":"Feature","properties":{"entityId":"864691128475316818","name":"ELBiSTAN","tier":5,"has_bank":1,"has_market":1,"has_waystone":1},"geometry":{"type":"Point","coordinates":[14282,22237]}},{"type":"Feature","properties":{"entityId":"864691128475502893","name":"Eustuaries","tier":3,"has_bank":1,"has_market":0,"has_waystone":1},"geometry":{"type":"Point","coordinates":[9944,16943]}},{"type":"Feature","properties":{"entityId":"864691128519734358","name":"Mythic Lumber and Mortar","tier":2,"has_bank":1,"has_market":0,"has_waystone":1},"geometry":{"type":"Point","coordinates":[10359,18996]}},{"type":"Feature","properties":{"entityId":"864691128475515380","name":"Piggys Hideout","tier":3,"has_bank":1,"has_market":0,"has_waystone":1},"geometry":{"type":"Point","coordinates":[11364,17262]}},{"type":"Feature","properties":{"entityId":"864691128475555391","name":"Oaken Passage","tier":4,"has_bank":1,"has_market":1,"has_waystone":1},"geometry":{"type":"Point","coordinates":[11692,16301]}},{"type":"Feature","properties":{"entityId":"864691128475955473","name":"Fort Little Creek","tier":5,"has_bank":1,"has_market":1,"has_waystone":1},"geometry":{"type":"Point","coordinates":[14227,20811]}},{"type":"Feature","properties":{"entityId":"864691128567586259","name":"Tales Watch","tier":1,"has_bank":0,"has_market":0,"has_waystone":0},"geometry":{"type":"Point","coordinates":[14020,19935]}},{"type":"Feature","properties":{"entityId":"864691128476076554","name":"Twinsteria","tier":4,"has_bank":1,"has_market":0,"has_waystone":1},"geometry":{"type":"Point","coordinates":[9797,17507]}},{"type":"Feature","properties":{"entityId":"864691128567583807","name":"Tales Workshop","tier":1,"has_bank":0,"has_market":0,"has_waystone":1},"geometry":{"type":"Point","coordinates":[14197,19857]}},{"type":"Feature","properties":{"entityId":"864691128476120649","name":"Night Harbor","tier":4,"has_bank":1,"has_market":1,"has_waystone":1},"geometry":{"type":"Point","coordinates":[8425,18901]}},{"type":"Feature","properties":{"entityId":"864691128573227458","name":"Whale Cape","tier":3,"has_bank":1,"has_market":0,"has_waystone":1},"geometry":{"type":"Point","coordinates":[8022,17940]}},{"type":"Feature","properties":{"entityId":"864691128476353493","name":"CSB T5 Mining Outpost","tier":5,"has_bank":1,"has_market":0,"has_waystone":1},"geometry":{"type":"Point","coordinates":[12087,17520]}},{"type":"Feature","properties":{"entityId":"864691128489332042","name":"Dwargon","tier":3,"has_bank":0,"has_market":0,"has_waystone":0},"geometry":{"type":"Point","coordinates":[11093,21154]}},{"type":"Feature","properties":{"entityId":"864691128483451712","name":"Crocodopolus","tier":2,"has_bank":1,"has_market":0,"has_waystone":1},"geometry":{"type":"Point","coordinates":[13289,17007]}},{"type":"Feature","properties":{"entityId":"864691128476595529","name":"Wild Golems","tier":4,"has_bank":1,"has_market":0,"has_waystone":1},"geometry":{"type":"Point","coordinates":[13761,15663]}},{"type":"Feature","properties":{"entityId":"864691128476435410","name":"CSB The Astral Marsh","tier":5,"has_bank":0,"has_market":0,"has_waystone":1},"geometry":{"type":"Point","coordinates":[12022,17631]}},{"type":"Feature","properties":{"entityId":"864691128476644881","name":"Emarium Outpost","tier":3,"has_bank":1,"has_market":0,"has_waystone":1},"geometry":{"type":"Point","coordinates":[8205,21521]}},{"type":"Feature","properties":{"entityId":"864691128480159355","name":"Star Forgers Toolcraft Depo","tier":2,"has_bank":1,"has_market":0,"has_waystone":1},"geometry":{"type":"Point","coordinates":[12556,19597]}},{"type":"Feature","properties":{"entityId":"864691128525692767","name":"Minamo","tier":3,"has_bank":0,"has_market":0,"has_waystone":1},"geometry":{"type":"Point","coordinates":[14798,21909]}},{"type":"Feature","properties":{"entityId":"864691128568007414","name":"Plains","tier":2,"has_bank":0,"has_market":0,"has_waystone":0},"geometry":{"type":"Point","coordinates":[13653,20149]}},{"type":"Feature","properties":{"entityId":"864691128478344712","name":"WisperVale","tier":6,"has_bank":1,"has_market":1,"has_waystone":1},"geometry":{"type":"Point","coordinates":[9175,17581]}},{"type":"Feature","properties":{"entityId":"864691128477467539","name":"Olympus T3 Dungeon","tier":2,"has_bank":1,"has_market":0,"has_waystone":1},"geometry":{"type":"Point","coordinates":[8548,19401]}},{"type":"Feature","properties":{"entityId":"864691128477546428","name":"The Gloomspire","tier":5,"has_bank":1,"has_market":1,"has_waystone":1},"geometry":{"type":"Point","coordinates":[12529,18200]}},{"type":"Feature","properties":{"entityId":"864691128477766719","name":"Domino","tier":5,"has_bank":1,"has_market":0,"has_waystone":1},"geometry":{"type":"Point","coordinates":[13559,16478]}},{"type":"Feature","properties":{"entityId":"864691128477987677","name":"T fc wonder villedge","tier":3,"has_bank":1,"has_market":0,"has_waystone":1},"geometry":{"type":"Point","coordinates":[14499,20300]}},{"type":"Feature","properties":{"entityId":"864691128495782611","name":"Buns Marsh","tier":5,"has_bank":1,"has_market":0,"has_waystone":1},"geometry":{"type":"Point","coordinates":[14030,17911]}},{"type":"Feature","properties":{"entityId":"864691128478180134","name":"Prawn Hub","tier":3,"has_bank":1,"has_market":0,"has_waystone":1},"geometry":{"type":"Point","coordinates":[8577,20364]}},{"type":"Feature","properties":{"entityId":"864691128478288948","name":"CSB Argo","tier":3,"has_bank":1,"has_market":0,"has_waystone":1},"geometry":{"type":"Point","coordinates":[11055,16068]}},{"type":"Feature","properties":{"entityId":"864691128481605173","name":"Rock","tier":2,"has_bank":1,"has_market":0,"has_waystone":1},"geometry":{"type":"Point","coordinates":[12537,18762]}},{"type":"Feature","properties":{"entityId":"864691128521435141","name":"Sotha","tier":4,"has_bank":1,"has_market":0,"has_waystone":1},"geometry":{"type":"Point","coordinates":[11205,20361]}},{"type":"Feature","properties":{"entityId":"864691128478562000","name":"Doozer Landing","tier":6,"has_bank":0,"has_market":0,"has_waystone":1},"geometry":{"type":"Point","coordinates":[9399,16005]}},{"type":"Feature","properties":{"entityId":"864691128479935627","name":"a little village","tier":3,"has_bank":1,"has_market":0,"has_waystone":0},"geometry":{"type":"Point","coordinates":[11401,19731]}},{"type":"Feature","properties":{"entityId":"864691128534691258","name":"Razor harbour","tier":2,"has_bank":1,"has_market":0,"has_waystone":0},"geometry":{"type":"Point","coordinates":[9232,22677]}},{"type":"Feature","properties":{"entityId":"864691128560612851","name":"Kamasylvia East Port","tier":3,"has_bank":0,"has_market":0,"has_waystone":0},"geometry":{"type":"Point","coordinates":[10906,21833]}},{"type":"Feature","properties":{"entityId":"864691128479239806","name":"Torchwood","tier":3,"has_bank":1,"has_market":0,"has_waystone":1},"geometry":{"type":"Point","coordinates":[10134,18536]}},{"type":"Feature","properties":{"entityId":"864691128509720408","name":"Celestia","tier":4,"has_bank":1,"has_market":0,"has_waystone":1},"geometry":{"type":"Point","coordinates":[11596,22065]}},{"type":"Feature","properties":{"entityId":"864691128479269104","name":"Sentinels Respite","tier":2,"has_bank":1,"has_market":0,"has_waystone":1},"geometry":{"type":"Point","coordinates":[9175,16725]}},{"type":"Feature","properties":{"entityId":"864691128479743417","name":"Pjort Bjorne","tier":4,"has_bank":1,"has_market":0,"has_waystone":1},"geometry":{"type":"Point","coordinates":[13158,22752]}},{"type":"Feature","properties":{"entityId":"864691128479708532","name":"Sunreach","tier":4,"has_bank":1,"has_market":1,"has_waystone":1},"geometry":{"type":"Point","coordinates":[10432,19281]}},{"type":"Feature","properties":{"entityId":"864691128479897807","name":"Hex Pine Heights","tier":4,"has_bank":1,"has_market":1,"has_waystone":1},"geometry":{"type":"Point","coordinates":[13431,21336]}},{"type":"Feature","properties":{"entityId":"864691128546217536","name":"The Anti Tower","tier":2,"has_bank":0,"has_market":0,"has_waystone":0},"geometry":{"type":"Point","coordinates":[12166,19815]}},{"type":"Feature","properties":{"entityId":"864691128502402137","name":"Lamplights","tier":4,"has_bank":1,"has_market":0,"has_waystone":1},"geometry":{"type":"Point","coordinates":[13447,22512]}},{"type":"Feature","properties":{"entityId":"864691128488445884","name":"Mystic Embassy","tier":3,"has_bank":1,"has_market":0,"has_waystone":1},"geometry":{"type":"Point","coordinates":[12753,20046]}},{"type":"Feature","properties":{"entityId":"864691128480796374","name":"River Falls","tier":5,"has_bank":1,"has_market":1,"has_waystone":1},"geometry":{"type":"Point","coordinates":[8962,18469]}},{"type":"Feature","properties":{"entityId":"864691128481062392","name":"Honeycomb Haven","tier":5,"has_bank":1,"has_market":1,"has_waystone":1},"geometry":{"type":"Point","coordinates":[13952,21544]}},{"type":"Feature","properties":{"entityId":"864691128481259394","name":"Willow Falls","tier":3,"has_bank":1,"has_market":0,"has_waystone":1},"geometry":{"type":"Point","coordinates":[11418,17040]}},{"type":"Feature","properties":{"entityId":"864691128489220338","name":"outskirts","tier":4,"has_bank":1,"has_market":0,"has_waystone":0},"geometry":{"type":"Point","coordinates":[9469,19018]}},{"type":"Feature","properties":{"entityId":"864691128482897775","name":"Makers Reach","tier":6,"has_bank":1,"has_market":1,"has_waystone":1},"geometry":{"type":"Point","coordinates":[9265,15800]}},{"type":"Feature","properties":{"entityId":"864691128482466864","name":"Port Volkov","tier":5,"has_bank":1,"has_market":0,"has_waystone":1},"geometry":{"type":"Point","coordinates":[12352,19569]}},{"type":"Feature","properties":{"entityId":"864691128482533508","name":"New Rome","tier":4,"has_bank":1,"has_market":0,"has_waystone":1},"geometry":{"type":"Point","coordinates":[14317,21938]}},{"type":"Feature","properties":{"entityId":"864691128482919906","name":"Mordor","tier":5,"has_bank":1,"has_market":0,"has_waystone":1},"geometry":{"type":"Point","coordinates":[10678,20646]}},{"type":"Feature","properties":{"entityId":"864691128483102672","name":"Claimed area (N: 6638, E: 2738)","tier":3,"has_bank":1,"has_market":0,"has_waystone":1},"geometry":{"type":"Point","coordinates":[8213,19913]}},{"type":"Feature","properties":{"entityId":"864691128542448878","name":"Pyros PlayGround","tier":4,"has_bank":0,"has_market":0,"has_waystone":0},"geometry":{"type":"Point","coordinates":[9380,18952]}},{"type":"Feature","properties":{"entityId":"864691128573182684","name":"Rocky Fibration","tier":3,"has_bank":1,"has_market":0,"has_waystone":1},"geometry":{"type":"Point","coordinates":[12944,19103]}},{"type":"Feature","properties":{"entityId":"864691128483352954","name":"Two Rivers","tier":5,"has_bank":1,"has_market":1,"has_waystone":1},"geometry":{"type":"Point","coordinates":[11044,18887]}},{"type":"Feature","properties":{"entityId":"864691128483358547","name":"Fruit of the Looming Vale","tier":5,"has_bank":1,"has_market":0,"has_waystone":1},"geometry":{"type":"Point","coordinates":[9108,16845]}},{"type":"Feature","properties":{"entityId":"864691128534196654","name":"The Descent","tier":2,"has_bank":1,"has_market":0,"has_waystone":1},"geometry":{"type":"Point","coordinates":[12996,18336]}},{"type":"Feature","properties":{"entityId":"864691128572895374","name":"Yorknew City Port","tier":2,"has_bank":0,"has_market":0,"has_waystone":0},"geometry":{"type":"Point","coordinates":[7912,17842]}},{"type":"Feature","properties":{"entityId":"864691128484001153","name":"UrgShire","tier":4,"has_bank":1,"has_market":0,"has_waystone":0},"geometry":{"type":"Point","coordinates":[8944,18027]}},{"type":"Feature","properties":{"entityId":"864691128484484544","name":"What The Falls","tier":6,"has_bank":1,"has_market":0,"has_waystone":1},"geometry":{"type":"Point","coordinates":[12433,18399]}},{"type":"Feature","properties":{"entityId":"864691128541752104","name":"Pjort Fjorne","tier":4,"has_bank":1,"has_market":1,"has_waystone":1},"geometry":{"type":"Point","coordinates":[12653,21700]}},{"type":"Feature","properties":{"entityId":"864691128484899065","name":"The Ood Outlook","tier":5,"has_bank":1,"has_market":0,"has_waystone":1},"geometry":{"type":"Point","coordinates":[12735,16200]}},{"type":"Feature","properties":{"entityId":"864691128554868751","name":"Scholars Ledge","tier":4,"has_bank":1,"has_market":0,"has_waystone":1},"geometry":{"type":"Point","coordinates":[13210,19140]}},{"type":"Feature","properties":{"entityId":"864691128486163758","name":"Widows Peak","tier":4,"has_bank":1,"has_market":0,"has_waystone":1},"geometry":{"type":"Point","coordinates":[12262,22106]}},{"type":"Feature","properties":{"entityId":"864691128490408699","name":"Stevens House","tier":2,"has_bank":1,"has_market":0,"has_waystone":1},"geometry":{"type":"Point","coordinates":[10424,20514]}},{"type":"Feature","properties":{"entityId":"864691128485636923","name":"Kamasylvia","tier":6,"has_bank":1,"has_market":1,"has_waystone":1},"geometry":{"type":"Point","coordinates":[10465,21800]}},{"type":"Feature","properties":{"entityId":"864691128542908012","name":"Treynis Refuge","tier":4,"has_bank":1,"has_market":0,"has_waystone":1},"geometry":{"type":"Point","coordinates":[8589,17454]}},{"type":"Feature","properties":{"entityId":"864691128528932128","name":"River Market Place","tier":3,"has_bank":1,"has_market":0,"has_waystone":1},"geometry":{"type":"Point","coordinates":[10906,17172]}},{"type":"Feature","properties":{"entityId":"864691128486748082","name":"Fellowship","tier":3,"has_bank":0,"has_market":0,"has_waystone":1},"geometry":{"type":"Point","coordinates":[8787,22182]}},{"type":"Feature","properties":{"entityId":"864691128486929128","name":"Emarium Factory","tier":3,"has_bank":1,"has_market":0,"has_waystone":1},"geometry":{"type":"Point","coordinates":[9144,15779]}},{"type":"Feature","properties":{"entityId":"864691128520276369","name":"Mikachu","tier":4,"has_bank":1,"has_market":0,"has_waystone":1},"geometry":{"type":"Point","coordinates":[14353,20265]}},{"type":"Feature","properties":{"entityId":"864691128566462693","name":"Meadowshade","tier":2,"has_bank":0,"has_market":0,"has_waystone":0},"geometry":{"type":"Point","coordinates":[11008,16525]}},{"type":"Feature","properties":{"entityId":"864691128488075321","name":"Skypirate Retreat","tier":3,"has_bank":1,"has_market":0,"has_waystone":1},"geometry":{"type":"Point","coordinates":[9219,21018]}},{"type":"Feature","properties":{"entityId":"864691128488145824","name":"CSB Cervus Plato","tier":3,"has_bank":1,"has_market":0,"has_waystone":1},"geometry":{"type":"Point","coordinates":[9028,22233]}},{"type":"Feature","properties":{"entityId":"864691128488561672","name":"Stellaria","tier":3,"has_bank":1,"has_market":0,"has_waystone":1},"geometry":{"type":"Point","coordinates":[11569,16791]}},{"type":"Feature","properties":{"entityId":"864691128492855942","name":"Kamakura","tier":5,"has_bank":1,"has_market":1,"has_waystone":1},"geometry":{"type":"Point","coordinates":[8591,20917]}},{"type":"Feature","properties":{"entityId":"864691128489336537","name":"The Future Graveyard Residents Camp","tier":2,"has_bank":1,"has_market":0,"has_waystone":1},"geometry":{"type":"Point","coordinates":[14128,21345]}},{"type":"Feature","properties":{"entityId":"864691128489732804","name":"Harpers Cove","tier":4,"has_bank":1,"has_market":0,"has_waystone":0},"geometry":{"type":"Point","coordinates":[13245,20406]}},{"type":"Feature","properties":{"entityId":"864691128489743861","name":"Jakyl Jym","tier":2,"has_bank":1,"has_market":0,"has_waystone":1},"geometry":{"type":"Point","coordinates":[10969,16131]}},{"type":"Feature","properties":{"entityId":"864691128527364199","name":"Fort Fraggle South Gate","tier":2,"has_bank":0,"has_market":0,"has_waystone":0},"geometry":{"type":"Point","coordinates":[10779,16045]}},{"type":"Feature","properties":{"entityId":"864691128490948080","name":"Ramiris Labyrinth","tier":5,"has_bank":1,"has_market":1,"has_waystone":1},"geometry":{"type":"Point","coordinates":[10691,21012]}},{"type":"Feature","properties":{"entityId":"864691128491335095","name":"Claimed area (N: 6578, E: 3747)","tier":3,"has_bank":1,"has_market":0,"has_waystone":0},"geometry":{"type":"Point","coordinates":[11240,19735]}},{"type":"Feature","properties":{"entityId":"864691128538400000","name":"Carthage","tier":3,"has_bank":1,"has_market":0,"has_waystone":1},"geometry":{"type":"Point","coordinates":[10849,22485]}},{"type":"Feature","properties":{"entityId":"864691128492834452","name":"Swamp Preservation Area","tier":2,"has_bank":0,"has_market":0,"has_waystone":0},"geometry":{"type":"Point","coordinates":[12240,17897]}},{"type":"Feature","properties":{"entityId":"864691128492919768","name":"Fishy t3 hunting t4 Village","tier":4,"has_bank":1,"has_market":0,"has_waystone":1},"geometry":{"type":"Point","coordinates":[13067,19698]}},{"type":"Feature","properties":{"entityId":"864691128492929445","name":"Vinland","tier":2,"has_bank":1,"has_market":0,"has_waystone":1},"geometry":{"type":"Point","coordinates":[13536,19868]}},{"type":"Feature","properties":{"entityId":"864691128492970064","name":"Liscor","tier":2,"has_bank":1,"has_market":0,"has_waystone":1},"geometry":{"type":"Point","coordinates":[9775,18173]}},{"type":"Feature","properties":{"entityId":"864691128493132374","name":"Poachers Hideout","tier":5,"has_bank":0,"has_market":0,"has_waystone":1},"geometry":{"type":"Point","coordinates":[14542,21492]}},{"type":"Feature","properties":{"entityId":"864691128553385625","name":"Claimed area (N: 6507, E: 3964)","tier":2,"has_bank":0,"has_market":0,"has_waystone":0},"geometry":{"type":"Point","coordinates":[11894,19520]}},{"type":"Feature","properties":{"entityId":"864691128533323030","name":"Ribbit Orchard","tier":2,"has_bank":0,"has_market":0,"has_waystone":0},"geometry":{"type":"Point","coordinates":[10182,17551]}},{"type":"Feature","properties":{"entityId":"864691128529466330","name":"Florida Everglades Swamp Outpost","tier":3,"has_bank":1,"has_market":0,"has_waystone":1},"geometry":{"type":"Point","coordinates":[13611,17082]}},{"type":"Feature","properties":{"entityId":"864691128542960554","name":"Port Royal","tier":3,"has_bank":1,"has_market":0,"has_waystone":1},"geometry":{"type":"Point","coordinates":[11420,21755]}},{"type":"Feature","properties":{"entityId":"864691128495525083","name":"Dirty Peaches Ultra Orchard","tier":4,"has_bank":1,"has_market":0,"has_waystone":1},"geometry":{"type":"Point","coordinates":[11217,16546]}},{"type":"Feature","properties":{"entityId":"864691128502172935","name":"Buns Depot","tier":5,"has_bank":1,"has_market":0,"has_waystone":1},"geometry":{"type":"Point","coordinates":[13851,19164]}},{"type":"Feature","properties":{"entityId":"864691128569563686","name":"Kings Bay","tier":2,"has_bank":1,"has_market":0,"has_waystone":0},"geometry":{"type":"Point","coordinates":[11266,21915]}},{"type":"Feature","properties":{"entityId":"864691128496852900","name":"Razor Mine T6","tier":6,"has_bank":1,"has_market":0,"has_waystone":1},"geometry":{"type":"Point","coordinates":[9291,22560]}},{"type":"Feature","properties":{"entityId":"864691128501593701","name":"Limbus Trading Company","tier":4,"has_bank":1,"has_market":0,"has_waystone":1},"geometry":{"type":"Point","coordinates":[13996,22334]}},{"type":"Feature","properties":{"entityId":"864691128497812305","name":"Fields of Toil","tier":2,"has_bank":0,"has_market":0,"has_waystone":0},"geometry":{"type":"Point","coordinates":[13931,20229]}},{"type":"Feature","properties":{"entityId":"864691128499829728","name":"Neo Gunma Society","tier":4,"has_bank":1,"has_market":0,"has_waystone":1},"geometry":{"type":"Point","coordinates":[11386,18008]}},{"type":"Feature","properties":{"entityId":"864691128544296984","name":"Mana","tier":3,"has_bank":1,"has_market":0,"has_waystone":1},"geometry":{"type":"Point","coordinates":[8310,20728]}},{"type":"Feature","properties":{"entityId":"864691128572618588","name":"Doozer Mine","tier":2,"has_bank":0,"has_market":0,"has_waystone":0},"geometry":{"type":"Point","coordinates":[13984,15633]}},{"type":"Feature","properties":{"entityId":"864691128502868024","name":"GOLD PORT","tier":4,"has_bank":1,"has_market":1,"has_waystone":1},"geometry":{"type":"Point","coordinates":[11769,19740]}},{"type":"Feature","properties":{"entityId":"864691128555721507","name":"Miette Jardin","tier":2,"has_bank":0,"has_market":0,"has_waystone":0},"geometry":{"type":"Point","coordinates":[10583,19579]}},{"type":"Feature","properties":{"entityId":"864691128508015895","name":"Slap and Tickle Bungalows","tier":2,"has_bank":1,"has_market":0,"has_waystone":0},"geometry":{"type":"Point","coordinates":[11326,16209]}},{"type":"Feature","properties":{"entityId":"864691128504831115","name":"Descanso do DKDbr","tier":4,"has_bank":1,"has_market":1,"has_waystone":1},"geometry":{"type":"Point","coordinates":[14728,20335]}},{"type":"Feature","properties":{"entityId":"864691128529333449","name":"Ithaca","tier":6,"has_bank":1,"has_market":0,"has_waystone":1},"geometry":{"type":"Point","coordinates":[8484,18779]}},{"type":"Feature","properties":{"entityId":"864691128513962208","name":"the chum bucket","tier":6,"has_bank":1,"has_market":1,"has_waystone":1},"geometry":{"type":"Point","coordinates":[14998,21380]}},{"type":"Feature","properties":{"entityId":"864691128556717059","name":"The Chicken Coop","tier":2,"has_bank":1,"has_market":0,"has_waystone":1},"geometry":{"type":"Point","coordinates":[11829,16531]}},{"type":"Feature","properties":{"entityId":"864691128506148317","name":"Zenthereal","tier":3,"has_bank":1,"has_market":0,"has_waystone":0},"geometry":{"type":"Point","coordinates":[8750,17044]}},{"type":"Feature","properties":{"entityId":"864691128506441999","name":"Niftenburgh","tier":5,"has_bank":1,"has_market":1,"has_waystone":1},"geometry":{"type":"Point","coordinates":[11530,20702]}},{"type":"Feature","properties":{"entityId":"864691128558428315","name":"Isle of Coronacordia","tier":2,"has_bank":0,"has_market":0,"has_waystone":0},"geometry":{"type":"Point","coordinates":[12178,15994]}},{"type":"Feature","properties":{"entityId":"864691128507484226","name":"Nal Hutta","tier":5,"has_bank":1,"has_market":0,"has_waystone":1},"geometry":{"type":"Point","coordinates":[13925,17275]}},{"type":"Feature","properties":{"entityId":"864691128542480174","name":"Amber Flake","tier":6,"has_bank":1,"has_market":1,"has_waystone":1},"geometry":{"type":"Point","coordinates":[9655,16629]}},{"type":"Feature","properties":{"entityId":"864691128506599995","name":"Secret Garden","tier":5,"has_bank":1,"has_market":1,"has_waystone":1},"geometry":{"type":"Point","coordinates":[14584,19359]}},{"type":"Feature","properties":{"entityId":"864691128506862508","name":"Sumpterbun","tier":4,"has_bank":1,"has_market":0,"has_waystone":1},"geometry":{"type":"Point","coordinates":[8833,20112]}},{"type":"Feature","properties":{"entityId":"864691128507557186","name":"Blossom Atelier","tier":4,"has_bank":1,"has_market":1,"has_waystone":1},"geometry":{"type":"Point","coordinates":[12102,21174]}},{"type":"Feature","properties":{"entityId":"864691128553899913","name":"japan","tier":3,"has_bank":1,"has_market":0,"has_waystone":0},"geometry":{"type":"Point","coordinates":[12704,21198]}},{"type":"Feature","properties":{"entityId":"864691128566458960","name":"Wildflower Garden","tier":2,"has_bank":0,"has_market":0,"has_waystone":0},"geometry":{"type":"Point","coordinates":[9286,17448]}},{"type":"Feature","properties":{"entityId":"864691128508147063","name":"MATCHA Shrine","tier":2,"has_bank":1,"has_market":0,"has_waystone":0},"geometry":{"type":"Point","coordinates":[10609,17202]}},{"type":"Feature","properties":{"entityId":"864691128508224990","name":"Moss Grove","tier":3,"has_bank":0,"has_market":0,"has_waystone":0},"geometry":{"type":"Point","coordinates":[9505,17495]}},{"type":"Feature","properties":{"entityId":"864691128508199164","name":"BillyBuns Farm to Table","tier":2,"has_bank":0,"has_market":0,"has_waystone":0},"geometry":{"type":"Point","coordinates":[11287,16100]}},{"type":"Feature","properties":{"entityId":"864691128508201158","name":"Toriks Wagon Stop and Roadhouse","tier":2,"has_bank":0,"has_market":0,"has_waystone":0},"geometry":{"type":"Point","coordinates":[11428,16215]}},{"type":"Feature","properties":{"entityId":"864691128508373703","name":"New Tolaria","tier":3,"has_bank":1,"has_market":0,"has_waystone":1},"geometry":{"type":"Point","coordinates":[11097,18642]}},{"type":"Feature","properties":{"entityId":"864691128555567207","name":"T2 Mine","tier":2,"has_bank":1,"has_market":0,"has_waystone":0},"geometry":{"type":"Point","coordinates":[13862,19971]}},{"type":"Feature","properties":{"entityId":"864691128509164479","name":"MOCHI CAMP","tier":3,"has_bank":1,"has_market":0,"has_waystone":1},"geometry":{"type":"Point","coordinates":[11552,17755]}},{"type":"Feature","properties":{"entityId":"864691128565336381","name":"Nerve","tier":2,"has_bank":0,"has_market":0,"has_waystone":0},"geometry":{"type":"Point","coordinates":[11676,21342]}},{"type":"Feature","properties":{"entityId":"864691128567580979","name":"Tale 4","tier":1,"has_bank":0,"has_market":0,"has_waystone":0},"geometry":{"type":"Point","coordinates":[14311,19931]}},{"type":"Feature","properties":{"entityId":"864691128510090849","name":"Farmville","tier":4,"has_bank":1,"has_market":1,"has_waystone":1},"geometry":{"type":"Point","coordinates":[10639,16746]}},{"type":"Feature","properties":{"entityId":"864691128510231359","name":"CSB Docks","tier":2,"has_bank":1,"has_market":0,"has_waystone":0},"geometry":{"type":"Point","coordinates":[11259,17322]}},{"type":"Feature","properties":{"entityId":"864691128510459101","name":"Tomabird","tier":3,"has_bank":1,"has_market":0,"has_waystone":1},"geometry":{"type":"Point","coordinates":[9841,17288]}},{"type":"Feature","properties":{"entityId":"864691128549890921","name":"Towerborne Babylon","tier":3,"has_bank":1,"has_market":0,"has_waystone":1},"geometry":{"type":"Point","coordinates":[9852,22224]}},{"type":"Feature","properties":{"entityId":"864691128550707192","name":"Krios Kookhouse","tier":4,"has_bank":1,"has_market":0,"has_waystone":1},"geometry":{"type":"Point","coordinates":[13424,19641]}},{"type":"Feature","properties":{"entityId":"864691128511717559","name":"Yagiguard","tier":2,"has_bank":1,"has_market":0,"has_waystone":1},"geometry":{"type":"Point","coordinates":[14658,17136]}},{"type":"Feature","properties":{"entityId":"864691128531035954","name":"NeoMine","tier":2,"has_bank":1,"has_market":0,"has_waystone":1},"geometry":{"type":"Point","coordinates":[10104,22203]}},{"type":"Feature","properties":{"entityId":"864691128541009239","name":"thenumber1bN 5838 E 3695","tier":4,"has_bank":1,"has_market":0,"has_waystone":0},"geometry":{"type":"Point","coordinates":[11083,17513]}},{"type":"Feature","properties":{"entityId":"864691128512473831","name":"Temple","tier":4,"has_bank":0,"has_market":0,"has_waystone":1},"geometry":{"type":"Point","coordinates":[10854,19266]}},{"type":"Feature","properties":{"entityId":"864691128528151908","name":"Pegleg Petes N 6992 E 3432","tier":2,"has_bank":0,"has_market":0,"has_waystone":1},"geometry":{"type":"Point","coordinates":[10296,20975]}},{"type":"Feature","properties":{"entityId":"864691128513569100","name":"Prefeitura Dimbar","tier":4,"has_bank":0,"has_market":0,"has_waystone":0},"geometry":{"type":"Point","coordinates":[10799,21356]}},{"type":"Feature","properties":{"entityId":"864691128513932386","name":"ZoeIcedTea","tier":5,"has_bank":1,"has_market":1,"has_waystone":1},"geometry":{"type":"Point","coordinates":[9042,18637]}},{"type":"Feature","properties":{"entityId":"864691128541623897","name":"Gandahar","tier":3,"has_bank":1,"has_market":0,"has_waystone":1},"geometry":{"type":"Point","coordinates":[10475,17866]}},{"type":"Feature","properties":{"entityId":"864691128514093101","name":"Hexberry","tier":4,"has_bank":1,"has_market":0,"has_waystone":1},"geometry":{"type":"Point","coordinates":[12373,21832]}},{"type":"Feature","properties":{"entityId":"864691128515182957","name":"Fraggle Farm","tier":5,"has_bank":0,"has_market":0,"has_waystone":0},"geometry":{"type":"Point","coordinates":[10666,15960]}},{"type":"Feature","properties":{"entityId":"864691128515311649","name":"Fraggle Estates","tier":5,"has_bank":0,"has_market":0,"has_waystone":0},"geometry":{"type":"Point","coordinates":[10581,16140]}},{"type":"Feature","properties":{"entityId":"864691128539427795","name":"Twilights Reach","tier":3,"has_bank":1,"has_market":0,"has_waystone":1},"geometry":{"type":"Point","coordinates":[13707,22040]}},{"type":"Feature","properties":{"entityId":"864691128516128358","name":"Bunbuns Garden","tier":2,"has_bank":1,"has_market":0,"has_waystone":0},"geometry":{"type":"Point","coordinates":[9004,20287]}},{"type":"Feature","properties":{"entityId":"864691128563130965","name":"Claimed area (N: 6732, E: 4726)","tier":1,"has_bank":0,"has_market":0,"has_waystone":0},"geometry":{"type":"Point","coordinates":[14177,20197]}},{"type":"Feature","properties":{"entityId":"864691128559353440","name":"Claimed area (N: 5508, E: 3214)","tier":2,"has_bank":0,"has_market":0,"has_waystone":0},"geometry":{"type":"Point","coordinates":[9641,16525]}},{"type":"Feature","properties":{"entityId":"864691128523413611","name":"Byteburg","tier":4,"has_bank":1,"has_market":0,"has_waystone":1},"geometry":{"type":"Point","coordinates":[12039,21978]}},{"type":"Feature","properties":{"entityId":"864691128517273430","name":"Dryers Stout","tier":3,"has_bank":0,"has_market":0,"has_waystone":0},"geometry":{"type":"Point","coordinates":[10256,18734]}},{"type":"Feature","properties":{"entityId":"864691128517877846","name":"Goldshire Inn","tier":5,"has_bank":1,"has_market":0,"has_waystone":1},"geometry":{"type":"Point","coordinates":[11337,19871]}},{"type":"Feature","properties":{"entityId":"864691128517890860","name":"Lamp","tier":5,"has_bank":1,"has_market":1,"has_waystone":1},"geometry":{"type":"Point","coordinates":[13295,19081]}},{"type":"Feature","properties":{"entityId":"864691128561936772","name":"Claimed area (N: 6703, E: 3760)","tier":3,"has_bank":0,"has_market":0,"has_waystone":0},"geometry":{"type":"Point","coordinates":[11281,20110]}},{"type":"Feature","properties":{"entityId":"864691128518425007","name":"CSB Oval Walls","tier":5,"has_bank":1,"has_market":0,"has_waystone":1},"geometry":{"type":"Point","coordinates":[11340,17376]}},{"type":"Feature","properties":{"entityId":"864691128563508214","name":"Tweedys farm","tier":2,"has_bank":1,"has_market":0,"has_waystone":1},"geometry":{"type":"Point","coordinates":[12049,19557]}},{"type":"Feature","properties":{"entityId":"864691128552890873","name":"Tartarus","tier":6,"has_bank":1,"has_market":1,"has_waystone":1},"geometry":{"type":"Point","coordinates":[12927,20310]}},{"type":"Feature","properties":{"entityId":"864691128534765133","name":"Town of The Two Goats","tier":3,"has_bank":1,"has_market":0,"has_waystone":1},"geometry":{"type":"Point","coordinates":[13960,20019]}},{"type":"Feature","properties":{"entityId":"864691128522173167","name":"Fort Fraggle North Gate","tier":2,"has_bank":0,"has_market":0,"has_waystone":0},"geometry":{"type":"Point","coordinates":[10726,16185]}},{"type":"Feature","properties":{"entityId":"864691128524744536","name":"Rabikanan","tier":3,"has_bank":1,"has_market":0,"has_waystone":1},"geometry":{"type":"Point","coordinates":[13355,16657]}},{"type":"Feature","properties":{"entityId":"864691128570335411","name":"Treebole","tier":2,"has_bank":0,"has_market":0,"has_waystone":0},"geometry":{"type":"Point","coordinates":[10323,20132]}},{"type":"Feature","properties":{"entityId":"864691128525159458","name":"Basgiath","tier":2,"has_bank":1,"has_market":0,"has_waystone":1},"geometry":{"type":"Point","coordinates":[10687,16404]}},{"type":"Feature","properties":{"entityId":"864691128567582494","name":"Tale 3","tier":1,"has_bank":0,"has_market":0,"has_waystone":0},"geometry":{"type":"Point","coordinates":[14176,19981]}},{"type":"Feature","properties":{"entityId":"864691128569584586","name":"bankstown","tier":3,"has_bank":1,"has_market":0,"has_waystone":0},"geometry":{"type":"Point","coordinates":[11609,19719]}},{"type":"Feature","properties":{"entityId":"864691128546091289","name":"The Exhiles","tier":3,"has_bank":1,"has_market":0,"has_waystone":1},"geometry":{"type":"Point","coordinates":[12676,19810]}},{"type":"Feature","properties":{"entityId":"864691128547540612","name":"Shions Embrace","tier":5,"has_bank":1,"has_market":0,"has_waystone":1},"geometry":{"type":"Point","coordinates":[14990,18786]}},{"type":"Feature","properties":{"entityId":"864691128556693142","name":"Yorknew City","tier":4,"has_bank":1,"has_market":1,"has_waystone":1},"geometry":{"type":"Point","coordinates":[9928,17380]}},{"type":"Feature","properties":{"entityId":"864691128556166138","name":"Gettland","tier":4,"has_bank":1,"has_market":1,"has_waystone":0},"geometry":{"type":"Point","coordinates":[12500,19886]}},{"type":"Feature","properties":{"entityId":"864691128556237940","name":"Hippiehausen","tier":4,"has_bank":1,"has_market":0,"has_waystone":1},"geometry":{"type":"Point","coordinates":[11195,16132]}},{"type":"Feature","properties":{"entityId":"864691128558530853","name":"Hashire Racetrack","tier":2,"has_bank":0,"has_market":0,"has_waystone":0},"geometry":{"type":"Point","coordinates":[11101,16359]}},{"type":"Feature","properties":{"entityId":"864691128559086185","name":"Abyss","tier":2,"has_bank":1,"has_market":0,"has_waystone":0},"geometry":{"type":"Point","coordinates":[10473,20079]}},{"type":"Feature","properties":{"entityId":"864691128559617312","name":"Claimed area (N: 6364, E: 3682)","tier":2,"has_bank":0,"has_market":0,"has_waystone":0},"geometry":{"type":"Point","coordinates":[11045,19093]}},{"type":"Feature","properties":{"entityId":"864691128559721114","name":"Eldragorio camp","tier":2,"has_bank":1,"has_market":0,"has_waystone":0},"geometry":{"type":"Point","coordinates":[12837,19895]}},{"type":"Feature","properties":{"entityId":"864691128571443218","name":"Tolaria Bay","tier":3,"has_bank":1,"has_market":0,"has_waystone":1},"geometry":{"type":"Point","coordinates":[10736,18764]}},{"type":"Feature","properties":{"entityId":"864691128564003296","name":"Angel Grove","tier":2,"has_bank":0,"has_market":0,"has_waystone":1},"geometry":{"type":"Point","coordinates":[10917,22272]}},{"type":"Feature","properties":{"entityId":"864691128565506721","name":"Valer Rang","tier":3,"has_bank":1,"has_market":0,"has_waystone":1},"geometry":{"type":"Point","coordinates":[12016,17151]}},{"type":"Feature","properties":{"entityId":"864691128566833362","name":"OodlesofNoodles","tier":3,"has_bank":1,"has_market":0,"has_waystone":1},"geometry":{"type":"Point","coordinates":[10163,17672]}},{"type":"Feature","properties":{"entityId":"864691128568651998","name":"Claimed area (N: 7051, E: 3513)","tier":2,"has_bank":0,"has_market":0,"has_waystone":0},"geometry":{"type":"Point","coordinates":[10541,21152]}},{"type":"Feature","properties":{"entityId":"864691128568085069","name":"wind bell","tier":2,"has_bank":0,"has_market":0,"has_waystone":0},"geometry":{"type":"Point","coordinates":[12214,19565]}},{"type":"Feature","properties":{"entityId":"864691128568821650","name":"Claimed area (N: 6560, E: 3138)","tier":1,"has_bank":0,"has_market":0,"has_waystone":0},"geometry":{"type":"Point","coordinates":[9414,19681]}},{"type":"Feature","properties":{"entityId":"864691128570015454","name":"Grae Lotus","tier":2,"has_bank":1,"has_market":0,"has_waystone":0},"geometry":{"type":"Point","coordinates":[12588,16410]}},{"type":"Feature","properties":{"entityId":"864691128570635061","name":"Hexworks","tier":3,"has_bank":1,"has_market":0,"has_waystone":1},"geometry":{"type":"Point","coordinates":[11278,18787]}},{"type":"Feature","properties":{"entityId":"864691128570742120","name":"Virtual Yokohama","tier":3,"has_bank":1,"has_market":0,"has_waystone":0},"geometry":{"type":"Point","coordinates":[10259,17329]}},{"type":"Feature","properties":{"entityId":"864691128572658073","name":"Whale Island","tier":1,"has_bank":0,"has_market":0,"has_waystone":0},"geometry":{"type":"Point","coordinates":[7905,17952]}},{"type":"Feature","properties":{"entityId":"864691128573649865","name":"Dson","tier":2,"has_bank":0,"has_market":0,"has_waystone":0},"geometry":{"type":"Point","coordinates":[14008,20380]}},{"type":"Feature","properties":{"entityId":"936748722502444079","name":"Celestium Cavepost","tier":8,"has_bank":1,"has_market":0,"has_waystone":1},"geometry":{"type":"Point","coordinates":[17707,18225]}},{"type":"Feature","properties":{"entityId":"936748722502474502","name":"Oceansky City","tier":5,"has_bank":1,"has_market":1,"has_waystone":1},"geometry":{"type":"Point","coordinates":[21660,21098]}},{"type":"Feature","properties":{"entityId":"936748722502479072","name":"The Sunflower City","tier":4,"has_bank":1,"has_market":1,"has_waystone":1},"geometry":{"type":"Point","coordinates":[16863,16818]}},{"type":"Feature","properties":{"entityId":"936748722527293184","name":"shredder dot jpg","tier":1,"has_bank":0,"has_market":0,"has_waystone":0},"geometry":{"type":"Point","coordinates":[19466,22824]}},{"type":"Feature","properties":{"entityId":"936748722502671626","name":"Sacred Layers","tier":2,"has_bank":0,"has_market":0,"has_waystone":1},"geometry":{"type":"Point","coordinates":[21748,16782]}},{"type":"Feature","properties":{"entityId":"936748722502736806","name":"T4 Mine  Station","tier":4,"has_bank":1,"has_market":0,"has_waystone":1},"geometry":{"type":"Point","coordinates":[16386,19245]}},{"type":"Feature","properties":{"entityId":"936748722502979068","name":"UMB Garden of Harmony","tier":3,"has_bank":1,"has_market":0,"has_waystone":1},"geometry":{"type":"Point","coordinates":[20723,18962]}},{"type":"Feature","properties":{"entityId":"936748722503106127","name":"Sunsong Ranch","tier":2,"has_bank":1,"has_market":0,"has_waystone":1},"geometry":{"type":"Point","coordinates":[19840,21921]}},{"type":"Feature","properties":{"entityId":"936748722503258072","name":"Port Desu T7 Mine","tier":7,"has_bank":1,"has_market":0,"has_waystone":1},"geometry":{"type":"Point","coordinates":[17355,20767]}},{"type":"Feature","properties":{"entityId":"936748722503293026","name":"Skys Limit","tier":3,"has_bank":0,"has_market":0,"has_waystone":1},"geometry":{"type":"Point","coordinates":[20884,21715]}},{"type":"Feature","properties":{"entityId":"936748722527613703","name":"Orca Bay","tier":2,"has_bank":1,"has_market":0,"has_waystone":1},"geometry":{"type":"Point","coordinates":[19760,21237]}},{"type":"Feature","properties":{"entityId":"936748722527765221","name":"f L o W e R s","tier":3,"has_bank":1,"has_market":0,"has_waystone":1},"geometry":{"type":"Point","coordinates":[21814,18021]}},{"type":"Feature","properties":{"entityId":"936748722504544173","name":"Mystic Ocelot T7 Cave","tier":3,"has_bank":1,"has_market":0,"has_waystone":1},"geometry":{"type":"Point","coordinates":[19891,16839]}},{"type":"Feature","properties":{"entityId":"936748722503993169","name":"UMB Hunting Grounds","tier":3,"has_bank":0,"has_market":0,"has_waystone":1},"geometry":{"type":"Point","coordinates":[22408,19227]}},{"type":"Feature","properties":{"entityId":"936748722504188425","name":"Meownzoberranzen","tier":5,"has_bank":0,"has_market":0,"has_waystone":1},"geometry":{"type":"Point","coordinates":[21189,20178]}},{"type":"Feature","properties":{"entityId":"936748722504821810","name":"Mystic Pegasi","tier":4,"has_bank":1,"has_market":1,"has_waystone":1},"geometry":{"type":"Point","coordinates":[16279,22197]}},{"type":"Feature","properties":{"entityId":"936748722505689402","name":"Cliffs of Sanity","tier":4,"has_bank":1,"has_market":1,"has_waystone":1},"geometry":{"type":"Point","coordinates":[16572,20646]}},{"type":"Feature","properties":{"entityId":"936748722504834427","name":"Rocky Top","tier":3,"has_bank":1,"has_market":0,"has_waystone":1},"geometry":{"type":"Point","coordinates":[19456,16339]}},{"type":"Feature","properties":{"entityId":"936748722504870428","name":"TorikPort","tier":2,"has_bank":1,"has_market":0,"has_waystone":1},"geometry":{"type":"Point","coordinates":[16270,18087]}},{"type":"Feature","properties":{"entityId":"936748722508662146","name":"NOC PLANET MORO","tier":2,"has_bank":1,"has_market":0,"has_waystone":1},"geometry":{"type":"Point","coordinates":[19360,21748]}},{"type":"Feature","properties":{"entityId":"936748722506439086","name":"DESU Cairnhold Quarry","tier":2,"has_bank":1,"has_market":0,"has_waystone":1},"geometry":{"type":"Point","coordinates":[17634,21144]}},{"type":"Feature","properties":{"entityId":"936748722505142262","name":"Doc Ocelot Bar and Grill","tier":2,"has_bank":0,"has_market":0,"has_waystone":1},"geometry":{"type":"Point","coordinates":[20071,16887]}},{"type":"Feature","properties":{"entityId":"936748722505230318","name":"Island of Pain","tier":3,"has_bank":0,"has_market":0,"has_waystone":1},"geometry":{"type":"Point","coordinates":[20763,15944]}},{"type":"Feature","properties":{"entityId":"936748722505785212","name":"Galway Hooker","tier":2,"has_bank":0,"has_market":0,"has_waystone":1},"geometry":{"type":"Point","coordinates":[16264,17391]}},{"type":"Feature","properties":{"entityId":"936748722505999600","name":"Mystic Exposure","tier":2,"has_bank":0,"has_market":0,"has_waystone":1},"geometry":{"type":"Point","coordinates":[20205,16206]}},{"type":"Feature","properties":{"entityId":"936748722526154259","name":"Mystic Ido Front","tier":1,"has_bank":0,"has_market":0,"has_waystone":0},"geometry":{"type":"Point","coordinates":[19859,17412]}},{"type":"Feature","properties":{"entityId":"936748722519126476","name":"Port Feldfall","tier":2,"has_bank":1,"has_market":0,"has_waystone":1},"geometry":{"type":"Point","coordinates":[21807,20724]}},{"type":"Feature","properties":{"entityId":"936748722506769234","name":"JP Hamamatsu","tier":6,"has_bank":1,"has_market":0,"has_waystone":1},"geometry":{"type":"Point","coordinates":[18067,20403]}},{"type":"Feature","properties":{"entityId":"936748722507071623","name":"JP","tier":2,"has_bank":0,"has_market":0,"has_waystone":1},"geometry":{"type":"Point","coordinates":[18373,20499]}},{"type":"Feature","properties":{"entityId":"936748722507484872","name":"LFC Sietch Tabr","tier":2,"has_bank":0,"has_market":0,"has_waystone":1},"geometry":{"type":"Point","coordinates":[17518,20847]}},{"type":"Feature","properties":{"entityId":"936748722509809610","name":"Bitcraft Life Lab","tier":4,"has_bank":1,"has_market":1,"has_waystone":1},"geometry":{"type":"Point","coordinates":[17945,16902]}},{"type":"Feature","properties":{"entityId":"936748722510664816","name":"13 CHEEKS","tier":3,"has_bank":1,"has_market":0,"has_waystone":1},"geometry":{"type":"Point","coordinates":[19041,17178]}},{"type":"Feature","properties":{"entityId":"936748722514441151","name":"Arkonovka","tier":4,"has_bank":1,"has_market":1,"has_waystone":1},"geometry":{"type":"Point","coordinates":[20632,20181]}},{"type":"Feature","properties":{"entityId":"936748722516080271","name":"Klendathu Hive","tier":3,"has_bank":1,"has_market":0,"has_waystone":1},"geometry":{"type":"Point","coordinates":[16469,21156]}},{"type":"Feature","properties":{"entityId":"936748722526126651","name":"Enflame","tier":2,"has_bank":1,"has_market":0,"has_waystone":1},"geometry":{"type":"Point","coordinates":[20701,21882]}},{"type":"Feature","properties":{"entityId":"936748722511129410","name":"Pebol n Wud","tier":5,"has_bank":1,"has_market":0,"has_waystone":1},"geometry":{"type":"Point","coordinates":[17183,17450]}},{"type":"Feature","properties":{"entityId":"936748722511140390","name":"Raftel","tier":4,"has_bank":1,"has_market":1,"has_waystone":1},"geometry":{"type":"Point","coordinates":[16133,16641]}},{"type":"Feature","properties":{"entityId":"936748722517982588","name":"DOOMs Hunting Ground","tier":2,"has_bank":1,"has_market":0,"has_waystone":0},"geometry":{"type":"Point","coordinates":[22321,19190]}},{"type":"Feature","properties":{"entityId":"936748722520340255","name":"Tradewinds Orchards","tier":2,"has_bank":0,"has_market":0,"has_waystone":0},"geometry":{"type":"Point","coordinates":[16164,17382]}},{"type":"Feature","properties":{"entityId":"936748722516819479","name":"Yagi Point","tier":3,"has_bank":1,"has_market":0,"has_waystone":1},"geometry":{"type":"Point","coordinates":[20999,19878]}},{"type":"Feature","properties":{"entityId":"936748722514687280","name":"Old Mans Rocky Crag","tier":5,"has_bank":1,"has_market":0,"has_waystone":1},"geometry":{"type":"Point","coordinates":[20478,17243]}},{"type":"Feature","properties":{"entityId":"936748722525145418","name":"ThunderCrest","tier":2,"has_bank":0,"has_market":0,"has_waystone":0},"geometry":{"type":"Point","coordinates":[22206,19824]}},{"type":"Feature","properties":{"entityId":"936748722513151273","name":"Windswept Abode","tier":2,"has_bank":0,"has_market":0,"has_waystone":0},"geometry":{"type":"Point","coordinates":[21996,20583]}},{"type":"Feature","properties":{"entityId":"936748722513180034","name":"Hunters Paradise","tier":4,"has_bank":1,"has_market":0,"has_waystone":1},"geometry":{"type":"Point","coordinates":[17479,22257]}},{"type":"Feature","properties":{"entityId":"936748722520341270","name":"Cairn na Mara","tier":2,"has_bank":0,"has_market":0,"has_waystone":0},"geometry":{"type":"Point","coordinates":[16190,17526]}},{"type":"Feature","properties":{"entityId":"936748722520352460","name":"The Salty Goat","tier":2,"has_bank":0,"has_market":0,"has_waystone":0},"geometry":{"type":"Point","coordinates":[16444,17395]}},{"type":"Feature","properties":{"entityId":"936748722529466235","name":"UC","tier":2,"has_bank":0,"has_market":0,"has_waystone":0},"geometry":{"type":"Point","coordinates":[15907,17161]}},{"type":"Feature","properties":{"entityId":"936748722518022550","name":"Here Be Dragons","tier":3,"has_bank":1,"has_market":0,"has_waystone":1},"geometry":{"type":"Point","coordinates":[17598,20090]}},{"type":"Feature","properties":{"entityId":"936748722516896089","name":"Moonlit Trails T5 Hunting","tier":5,"has_bank":1,"has_market":0,"has_waystone":1},"geometry":{"type":"Point","coordinates":[17203,21663]}},{"type":"Feature","properties":{"entityId":"936748722518258183","name":"New Azeria R3","tier":2,"has_bank":0,"has_market":0,"has_waystone":1},"geometry":{"type":"Point","coordinates":[18325,22135]}},{"type":"Feature","properties":{"entityId":"936748722521045371","name":"Luck Kollective","tier":2,"has_bank":1,"has_market":0,"has_waystone":1},"geometry":{"type":"Point","coordinates":[18352,17019]}},{"type":"Feature","properties":{"entityId":"936748722521048944","name":"Unluck Kollective","tier":2,"has_bank":1,"has_market":0,"has_waystone":1},"geometry":{"type":"Point","coordinates":[18246,16668]}},{"type":"Feature","properties":{"entityId":"936748722522727996","name":"Hook N Hearth","tier":2,"has_bank":1,"has_market":0,"has_waystone":1},"geometry":{"type":"Point","coordinates":[22462,16539]}},{"type":"Feature","properties":{"entityId":"936748722523748625","name":"Hunt down the Nintron temp event","tier":2,"has_bank":0,"has_market":0,"has_waystone":0},"geometry":{"type":"Point","coordinates":[21971,21099]}},{"type":"Feature","properties":{"entityId":"936748722524253976","name":"Far Horizon","tier":3,"has_bank":1,"has_market":0,"has_waystone":1},"geometry":{"type":"Point","coordinates":[20952,18162]}},{"type":"Feature","properties":{"entityId":"936748722524376086","name":"Snail Corner","tier":2,"has_bank":0,"has_market":0,"has_waystone":0},"geometry":{"type":"Point","coordinates":[16063,18939]}},{"type":"Feature","properties":{"entityId":"936748722525956856","name":"Bethel","tier":3,"has_bank":1,"has_market":0,"has_waystone":1},"geometry":{"type":"Point","coordinates":[16500,16473]}},{"type":"Feature","properties":{"entityId":"1008806316547590050","name":"Moonlight Harbor","tier":8,"has_bank":1,"has_market":1,"has_waystone":1},"geometry":{"type":"Point","coordinates":[25749,17578]}},{"type":"Feature","properties":{"entityId":"1008806316547583067","name":"UMB Concordia","tier":8,"has_bank":1,"has_market":1,"has_waystone":1},"geometry":{"type":"Point","coordinates":[24061,19247]}},{"type":"Feature","properties":{"entityId":"1008806316547592462","name":"New Aquila","tier":7,"has_bank":1,"has_market":1,"has_waystone":1},"geometry":{"type":"Point","coordinates":[28113,19384]}},{"type":"Feature","properties":{"entityId":"1008806316548170486","name":"Tincture","tier":6,"has_bank":1,"has_market":1,"has_waystone":1},"geometry":{"type":"Point","coordinates":[26896,17199]}},{"type":"Feature","properties":{"entityId":"1008806316547624839","name":"Notsolis","tier":6,"has_bank":1,"has_market":1,"has_waystone":1},"geometry":{"type":"Point","coordinates":[24339,21282]}},{"type":"Feature","properties":{"entityId":"1008806316548167402","name":"Linger","tier":5,"has_bank":1,"has_market":1,"has_waystone":1},"geometry":{"type":"Point","coordinates":[26429,17484]}},{"type":"Feature","properties":{"entityId":"1008806316554157022","name":"Windseekers Rise","tier":5,"has_bank":1,"has_market":1,"has_waystone":1},"geometry":{"type":"Point","coordinates":[28086,18078]}},{"type":"Feature","properties":{"entityId":"1008806316547725401","name":"T6 Widmo","tier":6,"has_bank":1,"has_market":1,"has_waystone":1},"geometry":{"type":"Point","coordinates":[24781,22313]}},{"type":"Feature","properties":{"entityId":"1008806316547739820","name":"Candy Mountain","tier":7,"has_bank":1,"has_market":1,"has_waystone":1},"geometry":{"type":"Point","coordinates":[26004,17453]}},{"type":"Feature","properties":{"entityId":"1008806316547751935","name":"Crystal Blue","tier":3,"has_bank":1,"has_market":0,"has_waystone":1},"geometry":{"type":"Point","coordinates":[29209,18417]}},{"type":"Feature","properties":{"entityId":"1008806316547773715","name":"Roosterville","tier":5,"has_bank":1,"has_market":1,"has_waystone":1},"geometry":{"type":"Point","coordinates":[26173,18526]}},{"type":"Feature","properties":{"entityId":"1008806316547777661","name":"Aldea de la LUZ","tier":6,"has_bank":1,"has_market":1,"has_waystone":1},"geometry":{"type":"Point","coordinates":[26193,17501]}},{"type":"Feature","properties":{"entityId":"1008806316552157223","name":"Portus Aeltherii","tier":5,"has_bank":1,"has_market":1,"has_waystone":1},"geometry":{"type":"Point","coordinates":[24634,15599]}},{"type":"Feature","properties":{"entityId":"1008806316547834881","name":"Ravenspire","tier":4,"has_bank":1,"has_market":1,"has_waystone":1},"geometry":{"type":"Point","coordinates":[28844,18855]}},{"type":"Feature","properties":{"entityId":"1008806316547843922","name":"Amber Dawn","tier":6,"has_bank":1,"has_market":1,"has_waystone":1},"geometry":{"type":"Point","coordinates":[29144,18047]}},{"type":"Feature","properties":{"entityId":"1008806316547853558","name":"Spirit of the Tundra","tier":4,"has_bank":1,"has_market":1,"has_waystone":1},"geometry":{"type":"Point","coordinates":[29338,19158]}},{"type":"Feature","properties":{"entityId":"1008806316547881040","name":"Greywood","tier":4,"has_bank":1,"has_market":1,"has_waystone":1},"geometry":{"type":"Point","coordinates":[27352,16039]}},{"type":"Feature","properties":{"entityId":"1008806316553477234","name":"New Ludenia","tier":3,"has_bank":0,"has_market":0,"has_waystone":1},"geometry":{"type":"Point","coordinates":[28920,19842]}},{"type":"Feature","properties":{"entityId":"1008806316547950845","name":"Watchpoint Gibraltar","tier":4,"has_bank":1,"has_market":0,"has_waystone":1},"geometry":{"type":"Point","coordinates":[26037,16726]}},{"type":"Feature","properties":{"entityId":"1008806316550059118","name":"The Maw","tier":6,"has_bank":1,"has_market":1,"has_waystone":1},"geometry":{"type":"Point","coordinates":[28399,18687]}},{"type":"Feature","properties":{"entityId":"1008806316548076269","name":"Apricot Garden","tier":4,"has_bank":1,"has_market":0,"has_waystone":1},"geometry":{"type":"Point","coordinates":[28686,19122]}},{"type":"Feature","properties":{"entityId":"1008806316548082024","name":"Lacoma","tier":7,"has_bank":1,"has_market":1,"has_waystone":1},"geometry":{"type":"Point","coordinates":[27450,17587]}},{"type":"Feature","properties":{"entityId":"1008806316548171335","name":"Shellborn","tier":4,"has_bank":1,"has_market":1,"has_waystone":1},"geometry":{"type":"Point","coordinates":[27900,16695]}},{"type":"Feature","properties":{"entityId":"1008806316548209967","name":"Madlands Asylum","tier":5,"has_bank":1,"has_market":1,"has_waystone":1},"geometry":{"type":"Point","coordinates":[25645,17344]}},{"type":"Feature","properties":{"entityId":"1008806316554773779","name":"Badetuch","tier":5,"has_bank":1,"has_market":0,"has_waystone":1},"geometry":{"type":"Point","coordinates":[26516,17396]}},{"type":"Feature","properties":{"entityId":"1008806316607837003","name":"Tempest Trading Post","tier":4,"has_bank":1,"has_market":1,"has_waystone":1},"geometry":{"type":"Point","coordinates":[29875,16354]}},{"type":"Feature","properties":{"entityId":"1008806316550630058","name":"Dead Star Lagoon","tier":4,"has_bank":1,"has_market":0,"has_waystone":1},"geometry":{"type":"Point","coordinates":[27964,20313]}},{"type":"Feature","properties":{"entityId":"1008806316548341998","name":"UMB Foothills of Regret","tier":4,"has_bank":1,"has_market":0,"has_waystone":1},"geometry":{"type":"Point","coordinates":[24739,16963]}},{"type":"Feature","properties":{"entityId":"1008806316548348147","name":"Moonhollow","tier":5,"has_bank":1,"has_market":0,"has_waystone":1},"geometry":{"type":"Point","coordinates":[28808,17816]}},{"type":"Feature","properties":{"entityId":"1008806316548377977","name":"The Meownicipality","tier":5,"has_bank":1,"has_market":1,"has_waystone":1},"geometry":{"type":"Point","coordinates":[23787,20966]}},{"type":"Feature","properties":{"entityId":"1008806316548477324","name":"Valhalla","tier":5,"has_bank":1,"has_market":1,"has_waystone":1},"geometry":{"type":"Point","coordinates":[26233,22581]}},{"type":"Feature","properties":{"entityId":"1008806316575210326","name":"Oreofytikum","tier":4,"has_bank":1,"has_market":0,"has_waystone":1},"geometry":{"type":"Point","coordinates":[30091,19113]}},{"type":"Feature","properties":{"entityId":"1008806316548746897","name":"Pandashire","tier":5,"has_bank":1,"has_market":1,"has_waystone":1},"geometry":{"type":"Point","coordinates":[25573,22089]}},{"type":"Feature","properties":{"entityId":"1008806316548760107","name":"Troll Bridge","tier":4,"has_bank":1,"has_market":1,"has_waystone":1},"geometry":{"type":"Point","coordinates":[24550,21338]}},{"type":"Feature","properties":{"entityId":"1008806316548766268","name":"Vistmor","tier":7,"has_bank":1,"has_market":1,"has_waystone":1},"geometry":{"type":"Point","coordinates":[25128,22116]}},{"type":"Feature","properties":{"entityId":"1008806316548784107","name":"Vistmor Wschodni","tier":2,"has_bank":0,"has_market":0,"has_waystone":1},"geometry":{"type":"Point","coordinates":[25252,22076]}},{"type":"Feature","properties":{"entityId":"1008806316548843665","name":"McKay Village","tier":4,"has_bank":1,"has_market":0,"has_waystone":1},"geometry":{"type":"Point","coordinates":[24024,19673]}},{"type":"Feature","properties":{"entityId":"1008806316602896109","name":"The Blightshroud Herbarium","tier":3,"has_bank":1,"has_market":0,"has_waystone":1},"geometry":{"type":"Point","coordinates":[27717,19382]}},{"type":"Feature","properties":{"entityId":"1008806316548869306","name":"Kreuzwasser T3 Cave","tier":4,"has_bank":1,"has_market":0,"has_waystone":1},"geometry":{"type":"Point","coordinates":[28202,17019]}},{"type":"Feature","properties":{"entityId":"1008806316556963945","name":"Lost Haven","tier":2,"has_bank":0,"has_market":0,"has_waystone":1},"geometry":{"type":"Point","coordinates":[25278,18507]}},{"type":"Feature","properties":{"entityId":"1008806316549050600","name":"Anemone","tier":3,"has_bank":1,"has_market":0,"has_waystone":1},"geometry":{"type":"Point","coordinates":[26024,18514]}},{"type":"Feature","properties":{"entityId":"1008806316549381405","name":"Starsinger Ranch","tier":5,"has_bank":0,"has_market":0,"has_waystone":1},"geometry":{"type":"Point","coordinates":[26881,16917]}},{"type":"Feature","properties":{"entityId":"1008806316549193869","name":"Hiraeth","tier":4,"has_bank":1,"has_market":0,"has_waystone":1},"geometry":{"type":"Point","coordinates":[25041,18215]}},{"type":"Feature","properties":{"entityId":"1008806316593360806","name":"Moonblossom","tier":2,"has_bank":0,"has_market":0,"has_waystone":1},"geometry":{"type":"Point","coordinates":[24463,21593]}},{"type":"Feature","properties":{"entityId":"1008806316549534225","name":"IronRoot","tier":6,"has_bank":1,"has_market":1,"has_waystone":1},"geometry":{"type":"Point","coordinates":[28754,16483]}},{"type":"Feature","properties":{"entityId":"1008806316598278101","name":"Watt","tier":3,"has_bank":0,"has_market":0,"has_waystone":0},"geometry":{"type":"Point","coordinates":[28731,18006]}},{"type":"Feature","properties":{"entityId":"1008806316600016424","name":"Hazama","tier":2,"has_bank":0,"has_market":0,"has_waystone":0},"geometry":{"type":"Point","coordinates":[28463,17907]}},{"type":"Feature","properties":{"entityId":"1008806316550021650","name":"Eichenwalde","tier":4,"has_bank":1,"has_market":0,"has_waystone":1},"geometry":{"type":"Point","coordinates":[26759,16452]}},{"type":"Feature","properties":{"entityId":"1008806316550065269","name":"Fish  and  Chips","tier":4,"has_bank":0,"has_market":1,"has_waystone":1},"geometry":{"type":"Point","coordinates":[23876,18818]}},{"type":"Feature","properties":{"entityId":"1008806316604941726","name":"WFP Claimed Area","tier":1,"has_bank":0,"has_market":0,"has_waystone":0},"geometry":{"type":"Point","coordinates":[26208,16566]}},{"type":"Feature","properties":{"entityId":"1008806316566046488","name":"Alpha Centauri","tier":4,"has_bank":1,"has_market":0,"has_waystone":1},"geometry":{"type":"Point","coordinates":[28917,18204]}},{"type":"Feature","properties":{"entityId":"1008806316551130757","name":"UMB Calmalu","tier":2,"has_bank":1,"has_market":0,"has_waystone":1},"geometry":{"type":"Point","coordinates":[24203,16509]}},{"type":"Feature","properties":{"entityId":"1008806316603906238","name":"Dragon Roads","tier":3,"has_bank":1,"has_market":0,"has_waystone":0},"geometry":{"type":"Point","coordinates":[27117,17537]}},{"type":"Feature","properties":{"entityId":"1008806316550480847","name":"Starlight Bay","tier":5,"has_bank":1,"has_market":1,"has_waystone":1},"geometry":{"type":"Point","coordinates":[24189,19778]}},{"type":"Feature","properties":{"entityId":"1008806316617148623","name":"Claimed area (N: 6291, E: 9762)","tier":2,"has_bank":1,"has_market":0,"has_waystone":0},"geometry":{"type":"Point","coordinates":[29287,18873]}},{"type":"Feature","properties":{"entityId":"1008806316550518021","name":"UltraDorf","tier":3,"has_bank":1,"has_market":0,"has_waystone":1},"geometry":{"type":"Point","coordinates":[25614,21555]}},{"type":"Feature","properties":{"entityId":"1008806316550536861","name":"Lunar Mines","tier":3,"has_bank":1,"has_market":0,"has_waystone":1},"geometry":{"type":"Point","coordinates":[26793,16337]}},{"type":"Feature","properties":{"entityId":"1008806316587915845","name":"Super Cool Coral Cove","tier":3,"has_bank":0,"has_market":0,"has_waystone":1},"geometry":{"type":"Point","coordinates":[29850,21258]}},{"type":"Feature","properties":{"entityId":"1008806316550687525","name":"Manor Farm Outpost","tier":3,"has_bank":1,"has_market":0,"has_waystone":1},"geometry":{"type":"Point","coordinates":[26368,19448]}},{"type":"Feature","properties":{"entityId":"1008806316551019539","name":"UMB Pyrelite Outpost","tier":2,"has_bank":1,"has_market":0,"has_waystone":1},"geometry":{"type":"Point","coordinates":[24070,18163]}},{"type":"Feature","properties":{"entityId":"1008806316551025478","name":"UMB Luminite Outpost","tier":5,"has_bank":1,"has_market":0,"has_waystone":1},"geometry":{"type":"Point","coordinates":[24391,17367]}},{"type":"Feature","properties":{"entityId":"1008806316551116709","name":"Moyville","tier":4,"has_bank":1,"has_market":0,"has_waystone":1},"geometry":{"type":"Point","coordinates":[23524,20308]}},{"type":"Feature","properties":{"entityId":"1008806316551268366","name":"Solstice","tier":2,"has_bank":1,"has_market":0,"has_waystone":1},"geometry":{"type":"Point","coordinates":[25543,18129]}},{"type":"Feature","properties":{"entityId":"1008806316576842536","name":"Elmwood Glade","tier":4,"has_bank":1,"has_market":0,"has_waystone":1},"geometry":{"type":"Point","coordinates":[23995,19110]}},{"type":"Feature","properties":{"entityId":"1008806316551323532","name":"Avarius","tier":5,"has_bank":1,"has_market":0,"has_waystone":1},"geometry":{"type":"Point","coordinates":[25804,19551]}},{"type":"Feature","properties":{"entityId":"1008806316551515479","name":"Fayte","tier":3,"has_bank":1,"has_market":0,"has_waystone":1},"geometry":{"type":"Point","coordinates":[23827,20014]}},{"type":"Feature","properties":{"entityId":"1008806316620413780","name":"Black Lotus Borough","tier":3,"has_bank":1,"has_market":0,"has_waystone":0},"geometry":{"type":"Point","coordinates":[25661,20880]}},{"type":"Feature","properties":{"entityId":"1008806316567262145","name":"Broke Boy Alley","tier":4,"has_bank":1,"has_market":0,"has_waystone":1},"geometry":{"type":"Point","coordinates":[26502,18144]}},{"type":"Feature","properties":{"entityId":"1008806316576919988","name":"Wyvern Woods","tier":3,"has_bank":0,"has_market":0,"has_waystone":1},"geometry":{"type":"Point","coordinates":[27327,16449]}},{"type":"Feature","properties":{"entityId":"1008806316555275822","name":"Grayson Falls","tier":5,"has_bank":1,"has_market":0,"has_waystone":1},"geometry":{"type":"Point","coordinates":[29751,20034]}},{"type":"Feature","properties":{"entityId":"1008806316551913639","name":"Fellum","tier":5,"has_bank":1,"has_market":1,"has_waystone":1},"geometry":{"type":"Point","coordinates":[26945,21011]}},{"type":"Feature","properties":{"entityId":"1008806316551947996","name":"Expedition HQ Outreach","tier":5,"has_bank":1,"has_market":0,"has_waystone":1},"geometry":{"type":"Point","coordinates":[27202,17109]}},{"type":"Feature","properties":{"entityId":"1008806316579528352","name":"Kurenai","tier":2,"has_bank":1,"has_market":0,"has_waystone":1},"geometry":{"type":"Point","coordinates":[28431,16266]}},{"type":"Feature","properties":{"entityId":"1008806316574428490","name":"Mysticols Workshop","tier":4,"has_bank":1,"has_market":1,"has_waystone":1},"geometry":{"type":"Point","coordinates":[27174,19374]}},{"type":"Feature","properties":{"entityId":"1008806316600995428","name":"Tundra","tier":2,"has_bank":0,"has_market":0,"has_waystone":0},"geometry":{"type":"Point","coordinates":[28083,20441]}},{"type":"Feature","properties":{"entityId":"1008806316553154501","name":"Infinitum","tier":2,"has_bank":0,"has_market":0,"has_waystone":1},"geometry":{"type":"Point","coordinates":[26680,18711]}},{"type":"Feature","properties":{"entityId":"1008806316584896797","name":"Blades Arsenal","tier":5,"has_bank":1,"has_market":1,"has_waystone":1},"geometry":{"type":"Point","coordinates":[27118,18957]}},{"type":"Feature","properties":{"entityId":"1008806316615511736","name":"Crescent City","tier":3,"has_bank":1,"has_market":0,"has_waystone":1},"geometry":{"type":"Point","coordinates":[25836,17934]}},{"type":"Feature","properties":{"entityId":"1008806316589646858","name":"Rivers Rest","tier":3,"has_bank":1,"has_market":0,"has_waystone":0},"geometry":{"type":"Point","coordinates":[24897,20620]}},{"type":"Feature","properties":{"entityId":"1008806316553928320","name":"Fox Grove","tier":3,"has_bank":1,"has_market":0,"has_waystone":1},"geometry":{"type":"Point","coordinates":[27776,17451]}},{"type":"Feature","properties":{"entityId":"1008806316554282665","name":"Gentildonna","tier":3,"has_bank":1,"has_market":0,"has_waystone":0},"geometry":{"type":"Point","coordinates":[25265,20546]}},{"type":"Feature","properties":{"entityId":"1008806316562192645","name":"Windseekers Landing","tier":3,"has_bank":0,"has_market":0,"has_waystone":0},"geometry":{"type":"Point","coordinates":[27824,17934]}},{"type":"Feature","properties":{"entityId":"1008806316590525686","name":"Illios","tier":2,"has_bank":0,"has_market":0,"has_waystone":0},"geometry":{"type":"Point","coordinates":[26215,16711]}},{"type":"Feature","properties":{"entityId":"1008806316625240251","name":"Aki","tier":2,"has_bank":0,"has_market":0,"has_waystone":0},"geometry":{"type":"Point","coordinates":[25620,18269]}},{"type":"Feature","properties":{"entityId":"1008806316554613521","name":"Huntervale","tier":4,"has_bank":1,"has_market":0,"has_waystone":1},"geometry":{"type":"Point","coordinates":[29327,16820]}},{"type":"Feature","properties":{"entityId":"1008806316603296874","name":"Wandering Spirit","tier":4,"has_bank":1,"has_market":0,"has_waystone":1},"geometry":{"type":"Point","coordinates":[25993,17639]}},{"type":"Feature","properties":{"entityId":"1008806316555974490","name":"FROST EMPIRE N 6273 E 8446","tier":3,"has_bank":1,"has_market":0,"has_waystone":1},"geometry":{"type":"Point","coordinates":[25339,18820]}},{"type":"Feature","properties":{"entityId":"1008806316555994670","name":"Skunkatuz","tier":2,"has_bank":0,"has_market":0,"has_waystone":1},"geometry":{"type":"Point","coordinates":[28906,17463]}},{"type":"Feature","properties":{"entityId":"1008806316557020812","name":"Onyx Federation","tier":3,"has_bank":1,"has_market":0,"has_waystone":1},"geometry":{"type":"Point","coordinates":[25691,19047]}},{"type":"Feature","properties":{"entityId":"1008806316613349285","name":"Fishing Gulagia","tier":1,"has_bank":0,"has_market":0,"has_waystone":1},"geometry":{"type":"Point","coordinates":[29557,18153]}},{"type":"Feature","properties":{"entityId":"1008806316557385316","name":"Cupcake Factory","tier":4,"has_bank":1,"has_market":0,"has_waystone":1},"geometry":{"type":"Point","coordinates":[25041,18465]}},{"type":"Feature","properties":{"entityId":"1008806316622347598","name":"T3 Dungeon and Animal farm","tier":2,"has_bank":1,"has_market":0,"has_waystone":1},"geometry":{"type":"Point","coordinates":[26083,17531]}},{"type":"Feature","properties":{"entityId":"1008806316584139108","name":"ATuin","tier":5,"has_bank":1,"has_market":1,"has_waystone":1},"geometry":{"type":"Point","coordinates":[28657,17685]}},{"type":"Feature","properties":{"entityId":"1008806316557835042","name":"Sirens Heart","tier":2,"has_bank":1,"has_market":0,"has_waystone":1},"geometry":{"type":"Point","coordinates":[29156,16637]}},{"type":"Feature","properties":{"entityId":"1008806316592813579","name":"Fishing Camp","tier":4,"has_bank":1,"has_market":0,"has_waystone":1},"geometry":{"type":"Point","coordinates":[30002,17091]}},{"type":"Feature","properties":{"entityId":"1008806316606653580","name":"Melusina Marina","tier":2,"has_bank":0,"has_market":0,"has_waystone":0},"geometry":{"type":"Point","coordinates":[28218,18750]}},{"type":"Feature","properties":{"entityId":"1008806316578575247","name":"Moonlit Fields","tier":2,"has_bank":0,"has_market":0,"has_waystone":0},"geometry":{"type":"Point","coordinates":[25799,17475]}},{"type":"Feature","properties":{"entityId":"1008806316558685069","name":"Mystic Wild","tier":2,"has_bank":1,"has_market":0,"has_waystone":0},"geometry":{"type":"Point","coordinates":[28804,18289]}},{"type":"Feature","properties":{"entityId":"1008806316558693899","name":"UwU","tier":2,"has_bank":0,"has_market":0,"has_waystone":1},"geometry":{"type":"Point","coordinates":[26437,18837]}},{"type":"Feature","properties":{"entityId":"1008806316567552913","name":"Windseekers Emarium Mine","tier":3,"has_bank":1,"has_market":0,"has_waystone":1},"geometry":{"type":"Point","coordinates":[27693,17259]}},{"type":"Feature","properties":{"entityId":"1008806316570630461","name":"Moonlit Orchard","tier":2,"has_bank":0,"has_market":0,"has_waystone":0},"geometry":{"type":"Point","coordinates":[25878,17551]}},{"type":"Feature","properties":{"entityId":"1008806316558920208","name":"Thiun Town","tier":5,"has_bank":1,"has_market":0,"has_waystone":1},"geometry":{"type":"Point","coordinates":[26487,17652]}},{"type":"Feature","properties":{"entityId":"1008806316616526224","name":"Fungburg South Gate","tier":3,"has_bank":1,"has_market":0,"has_waystone":1},"geometry":{"type":"Point","coordinates":[27900,20844]}},{"type":"Feature","properties":{"entityId":"1008806316559562889","name":"Land of Famliy Disvalues","tier":2,"has_bank":1,"has_market":0,"has_waystone":1},"geometry":{"type":"Point","coordinates":[25491,20399]}},{"type":"Feature","properties":{"entityId":"1008806316559936451","name":"The Shrektine Chapel","tier":7,"has_bank":1,"has_market":0,"has_waystone":1},"geometry":{"type":"Point","coordinates":[29989,18835]}},{"type":"Feature","properties":{"entityId":"1008806316564756172","name":"Argtopia","tier":2,"has_bank":1,"has_market":0,"has_waystone":1},"geometry":{"type":"Point","coordinates":[28285,19469]}},{"type":"Feature","properties":{"entityId":"1008806316613598313","name":"Mystic Fusion","tier":2,"has_bank":1,"has_market":0,"has_waystone":0},"geometry":{"type":"Point","coordinates":[28443,18072]}},{"type":"Feature","properties":{"entityId":"1008806316560544473","name":"u yang tarz","tier":6,"has_bank":1,"has_market":1,"has_waystone":1},"geometry":{"type":"Point","coordinates":[27298,17971]}},{"type":"Feature","properties":{"entityId":"1008806316560640396","name":"Karameikos","tier":5,"has_bank":1,"has_market":1,"has_waystone":1},"geometry":{"type":"Point","coordinates":[25326,18090]}},{"type":"Feature","properties":{"entityId":"1008806316560712667","name":"Yuja","tier":2,"has_bank":1,"has_market":0,"has_waystone":1},"geometry":{"type":"Point","coordinates":[26090,17663]}},{"type":"Feature","properties":{"entityId":"1008806316608130980","name":"Firefly Ranch","tier":4,"has_bank":1,"has_market":0,"has_waystone":1},"geometry":{"type":"Point","coordinates":[29892,16759]}},{"type":"Feature","properties":{"entityId":"1008806316560759961","name":"Black diamond bay","tier":2,"has_bank":1,"has_market":0,"has_waystone":0},"geometry":{"type":"Point","coordinates":[27501,17838]}},{"type":"Feature","properties":{"entityId":"1008806316600137629","name":"Faeries Rest","tier":3,"has_bank":1,"has_market":0,"has_waystone":1},"geometry":{"type":"Point","coordinates":[28272,17898]}},{"type":"Feature","properties":{"entityId":"1008806316561070399","name":"Bogey Bay Point","tier":4,"has_bank":1,"has_market":0,"has_waystone":1},"geometry":{"type":"Point","coordinates":[25638,17706]}},{"type":"Feature","properties":{"entityId":"1008806316561085803","name":"Moon Moose Cove","tier":5,"has_bank":1,"has_market":1,"has_waystone":1},"geometry":{"type":"Point","coordinates":[26449,19049]}},{"type":"Feature","properties":{"entityId":"1008806316625928362","name":"Alae Orientis","tier":2,"has_bank":1,"has_market":0,"has_waystone":1},"geometry":{"type":"Point","coordinates":[29892,19856]}},{"type":"Feature","properties":{"entityId":"1008806316575009460","name":"East Harbor","tier":3,"has_bank":0,"has_market":0,"has_waystone":1},"geometry":{"type":"Point","coordinates":[23504,17848]}},{"type":"Feature","properties":{"entityId":"1008806316561208631","name":"T2 Smith Xorik","tier":2,"has_bank":0,"has_market":0,"has_waystone":0},"geometry":{"type":"Point","coordinates":[25038,20212]}},{"type":"Feature","properties":{"entityId":"1008806316624720833","name":"Wisteria Grove Fuji no Mori","tier":3,"has_bank":0,"has_market":0,"has_waystone":1},"geometry":{"type":"Point","coordinates":[27301,19809]}},{"type":"Feature","properties":{"entityId":"1008806316561379911","name":"Hobo Canyon","tier":3,"has_bank":0,"has_market":0,"has_waystone":1},"geometry":{"type":"Point","coordinates":[24340,18603]}},{"type":"Feature","properties":{"entityId":"1008806316589040629","name":"Berserker Mushroom Island","tier":4,"has_bank":1,"has_market":0,"has_waystone":1},"geometry":{"type":"Point","coordinates":[27839,15999]}},{"type":"Feature","properties":{"entityId":"1008806316618901539","name":"Scrofa Overlook","tier":3,"has_bank":0,"has_market":0,"has_waystone":1},"geometry":{"type":"Point","coordinates":[28653,20970]}},{"type":"Feature","properties":{"entityId":"1008806316561906492","name":"WindFarers Port","tier":6,"has_bank":1,"has_market":1,"has_waystone":1},"geometry":{"type":"Point","coordinates":[26034,16578]}},{"type":"Feature","properties":{"entityId":"1008806316593711903","name":"Bloodbourne T7 Cave Mining Outpost","tier":4,"has_bank":1,"has_market":0,"has_waystone":1},"geometry":{"type":"Point","coordinates":[27995,22198]}},{"type":"Feature","properties":{"entityId":"1008806316596803769","name":"Bunny Cove","tier":4,"has_bank":1,"has_market":0,"has_waystone":1},"geometry":{"type":"Point","coordinates":[28799,16193]}},{"type":"Feature","properties":{"entityId":"1008806316562848681","name":"Hanse","tier":3,"has_bank":1,"has_market":0,"has_waystone":0},"geometry":{"type":"Point","coordinates":[25268,18725]}},{"type":"Feature","properties":{"entityId":"1008806316563029036","name":"Viperion Prime","tier":5,"has_bank":1,"has_market":1,"has_waystone":1},"geometry":{"type":"Point","coordinates":[26150,19953]}},{"type":"Feature","properties":{"entityId":"1008806316563044358","name":"Moonbrook","tier":3,"has_bank":1,"has_market":0,"has_waystone":1},"geometry":{"type":"Point","coordinates":[24250,20768]}},{"type":"Feature","properties":{"entityId":"1008806316563767558","name":"Colonia","tier":3,"has_bank":1,"has_market":0,"has_waystone":1},"geometry":{"type":"Point","coordinates":[27012,19024]}},{"type":"Feature","properties":{"entityId":"1008806316617160639","name":"Dragons Throat Texas Roadhouse","tier":1,"has_bank":0,"has_market":0,"has_waystone":0},"geometry":{"type":"Point","coordinates":[29054,19477]}},{"type":"Feature","properties":{"entityId":"1008806316563889860","name":"Verona","tier":3,"has_bank":1,"has_market":0,"has_waystone":1},"geometry":{"type":"Point","coordinates":[24303,20070]}},{"type":"Feature","properties":{"entityId":"1008806316564015277","name":"Veilthorne","tier":3,"has_bank":1,"has_market":0,"has_waystone":1},"geometry":{"type":"Point","coordinates":[26087,18089]}},{"type":"Feature","properties":{"entityId":"1008806316564191571","name":"Plateau Pass","tier":5,"has_bank":1,"has_market":1,"has_waystone":1},"geometry":{"type":"Point","coordinates":[29831,20726]}},{"type":"Feature","properties":{"entityId":"1008806316564497050","name":"Moonlit Autumn Outpost","tier":4,"has_bank":1,"has_market":0,"has_waystone":1},"geometry":{"type":"Point","coordinates":[26659,17392]}},{"type":"Feature","properties":{"entityId":"1008806316564772286","name":"New Moons Respite","tier":4,"has_bank":1,"has_market":1,"has_waystone":1},"geometry":{"type":"Point","coordinates":[24321,22411]}},{"type":"Feature","properties":{"entityId":"1008806316564832091","name":"Windseekers Pyrelite Mine","tier":2,"has_bank":1,"has_market":0,"has_waystone":1},"geometry":{"type":"Point","coordinates":[27579,18498]}},{"type":"Feature","properties":{"entityId":"1008806316605533167","name":"Xanadu","tier":4,"has_bank":0,"has_market":0,"has_waystone":1},"geometry":{"type":"Point","coordinates":[25127,20322]}},{"type":"Feature","properties":{"entityId":"1008806316602770845","name":"Fortopia","tier":4,"has_bank":1,"has_market":0,"has_waystone":1},"geometry":{"type":"Point","coordinates":[26002,21507]}},{"type":"Feature","properties":{"entityId":"1008806316565239133","name":"Cascading Stair","tier":4,"has_bank":1,"has_market":0,"has_waystone":1},"geometry":{"type":"Point","coordinates":[27857,21626]}},{"type":"Feature","properties":{"entityId":"1008806316589355197","name":"Oregon","tier":4,"has_bank":1,"has_market":0,"has_waystone":0},"geometry":{"type":"Point","coordinates":[26623,17537]}},{"type":"Feature","properties":{"entityId":"1008806316566100713","name":"Tranquility Falls","tier":4,"has_bank":1,"has_market":0,"has_waystone":1},"geometry":{"type":"Point","coordinates":[27413,18568]}},{"type":"Feature","properties":{"entityId":"1008806316566139894","name":"Madlands Gamekeepers Rest","tier":4,"has_bank":1,"has_market":0,"has_waystone":1},"geometry":{"type":"Point","coordinates":[28401,17269]}},{"type":"Feature","properties":{"entityId":"1008806316614559407","name":"Anglers Rest","tier":6,"has_bank":1,"has_market":0,"has_waystone":1},"geometry":{"type":"Point","coordinates":[29398,18290]}},{"type":"Feature","properties":{"entityId":"1008806316568636304","name":"Layered Leather Lodge","tier":4,"has_bank":1,"has_market":0,"has_waystone":1},"geometry":{"type":"Point","coordinates":[27651,16997]}},{"type":"Feature","properties":{"entityId":"1008806316569383006","name":"The Greens","tier":3,"has_bank":0,"has_market":0,"has_waystone":1},"geometry":{"type":"Point","coordinates":[29461,17368]}},{"type":"Feature","properties":{"entityId":"1008806316569466860","name":"Serene Haven","tier":4,"has_bank":1,"has_market":0,"has_waystone":1},"geometry":{"type":"Point","coordinates":[26870,17786]}},{"type":"Feature","properties":{"entityId":"1008806316615493222","name":"Island Brigade Araknir Outpost","tier":2,"has_bank":0,"has_market":0,"has_waystone":1},"geometry":{"type":"Point","coordinates":[27075,22158]}},{"type":"Feature","properties":{"entityId":"1008806316624517568","name":"Claimed area (N: 6727, E: 9286)","tier":1,"has_bank":0,"has_market":0,"has_waystone":0},"geometry":{"type":"Point","coordinates":[27858,20180]}},{"type":"Feature","properties":{"entityId":"1008806316599276507","name":"Dragons Beachfront Resort","tier":2,"has_bank":0,"has_market":0,"has_waystone":0},"geometry":{"type":"Point","coordinates":[28660,18693]}},{"type":"Feature","properties":{"entityId":"1008806316570354733","name":"SPARTA","tier":5,"has_bank":1,"has_market":1,"has_waystone":1},"geometry":{"type":"Point","coordinates":[25884,17655]}},{"type":"Feature","properties":{"entityId":"1008806316570418380","name":"Notsolis Forward Post","tier":2,"has_bank":1,"has_market":0,"has_waystone":1},"geometry":{"type":"Point","coordinates":[25366,20877]}},{"type":"Feature","properties":{"entityId":"1008806316624655748","name":"PORTUS LUCIS","tier":2,"has_bank":0,"has_market":0,"has_waystone":0},"geometry":{"type":"Point","coordinates":[29726,17399]}},{"type":"Feature","properties":{"entityId":"1008806316571539559","name":"Treasure Island","tier":4,"has_bank":1,"has_market":0,"has_waystone":1},"geometry":{"type":"Point","coordinates":[29921,17852]}},{"type":"Feature","properties":{"entityId":"1008806316585475195","name":"Shiny Shire","tier":4,"has_bank":1,"has_market":1,"has_waystone":1},"geometry":{"type":"Point","coordinates":[28222,16508]}},{"type":"Feature","properties":{"entityId":"1008806316571765460","name":"Farmbridge","tier":2,"has_bank":0,"has_market":0,"has_waystone":0},"geometry":{"type":"Point","coordinates":[28896,18097]}},{"type":"Feature","properties":{"entityId":"1008806316610606684","name":"R14 Colosseum","tier":3,"has_bank":1,"has_market":0,"has_waystone":1},"geometry":{"type":"Point","coordinates":[27031,19179]}},{"type":"Feature","properties":{"entityId":"1008806316617687567","name":"Yawning Star","tier":2,"has_bank":1,"has_market":0,"has_waystone":1},"geometry":{"type":"Point","coordinates":[26397,20034]}},{"type":"Feature","properties":{"entityId":"1008806316613833745","name":"Claimed area (N: 6679, E: 8614)","tier":2,"has_bank":0,"has_market":0,"has_waystone":0},"geometry":{"type":"Point","coordinates":[25845,20038]}},{"type":"Feature","properties":{"entityId":"1008806316573492216","name":"Whitesand Cove","tier":4,"has_bank":1,"has_market":0,"has_waystone":1},"geometry":{"type":"Point","coordinates":[24588,21792]}},{"type":"Feature","properties":{"entityId":"1008806316625818636","name":"The Transit Hive","tier":3,"has_bank":0,"has_market":0,"has_waystone":0},"geometry":{"type":"Point","coordinates":[29942,17296]}},{"type":"Feature","properties":{"entityId":"1008806316623098325","name":"Super Sigma HQ","tier":2,"has_bank":0,"has_market":0,"has_waystone":1},"geometry":{"type":"Point","coordinates":[24424,20880]}},{"type":"Feature","properties":{"entityId":"1008806316617055546","name":"Rocken Burnout T9 Storage","tier":3,"has_bank":1,"has_market":0,"has_waystone":1},"geometry":{"type":"Point","coordinates":[28896,20030]}},{"type":"Feature","properties":{"entityId":"1008806316601093834","name":"Farming Villa","tier":3,"has_bank":1,"has_market":0,"has_waystone":1},"geometry":{"type":"Point","coordinates":[28907,17262]}},{"type":"Feature","properties":{"entityId":"1008806316575707859","name":"Nocthaven","tier":4,"has_bank":1,"has_market":1,"has_waystone":1},"geometry":{"type":"Point","coordinates":[25893,18451]}},{"type":"Feature","properties":{"entityId":"1008806316599578661","name":"Baka Neko","tier":3,"has_bank":1,"has_market":0,"has_waystone":1},"geometry":{"type":"Point","coordinates":[27102,21398]}},{"type":"Feature","properties":{"entityId":"1008806316576544545","name":"Mall of Starfell","tier":3,"has_bank":0,"has_market":0,"has_waystone":0},"geometry":{"type":"Point","coordinates":[28971,19092]}},{"type":"Feature","properties":{"entityId":"1008806316622287022","name":"DOOMs Home","tier":4,"has_bank":1,"has_market":0,"has_waystone":0},"geometry":{"type":"Point","coordinates":[26763,17312]}},{"type":"Feature","properties":{"entityId":"1008806316580294335","name":"Supervillain Hideout","tier":2,"has_bank":1,"has_market":0,"has_waystone":1},"geometry":{"type":"Point","coordinates":[26722,17553]}},{"type":"Feature","properties":{"entityId":"1008806316578947608","name":"Jackals Rest","tier":3,"has_bank":0,"has_market":0,"has_waystone":0},"geometry":{"type":"Point","coordinates":[23847,20704]}},{"type":"Feature","properties":{"entityId":"1008806316598862985","name":"DANISH VIKINGS","tier":4,"has_bank":1,"has_market":1,"has_waystone":1},"geometry":{"type":"Point","coordinates":[26922,22266]}},{"type":"Feature","properties":{"entityId":"1008806316612050560","name":"Sich","tier":3,"has_bank":0,"has_market":0,"has_waystone":1},"geometry":{"type":"Point","coordinates":[26992,18435]}},{"type":"Feature","properties":{"entityId":"1008806316580503576","name":"Sentinel Sanctum","tier":1,"has_bank":0,"has_market":0,"has_waystone":1},"geometry":{"type":"Point","coordinates":[24034,22011]}},{"type":"Feature","properties":{"entityId":"1008806316581465895","name":"SE Outpost Alshain","tier":3,"has_bank":1,"has_market":0,"has_waystone":1},"geometry":{"type":"Point","coordinates":[25599,19365]}},{"type":"Feature","properties":{"entityId":"1008806316581507950","name":"Nisseby","tier":4,"has_bank":1,"has_market":0,"has_waystone":1},"geometry":{"type":"Point","coordinates":[24919,19455]}},{"type":"Feature","properties":{"entityId":"1008806316581807838","name":"Meownicipal Mines T2","tier":2,"has_bank":0,"has_market":0,"has_waystone":0},"geometry":{"type":"Point","coordinates":[24468,20620]}},{"type":"Feature","properties":{"entityId":"1008806316607400241","name":"Hope Garden","tier":4,"has_bank":1,"has_market":1,"has_waystone":1},"geometry":{"type":"Point","coordinates":[26820,20601]}},{"type":"Feature","properties":{"entityId":"1008806316582683192","name":"Sweets","tier":4,"has_bank":1,"has_market":0,"has_waystone":1},"geometry":{"type":"Point","coordinates":[28824,18552]}},{"type":"Feature","properties":{"entityId":"1008806316582811690","name":"Sirens Cove","tier":4,"has_bank":1,"has_market":0,"has_waystone":1},"geometry":{"type":"Point","coordinates":[24128,21021]}},{"type":"Feature","properties":{"entityId":"1008806316583295349","name":"Claimed area (N: 6366, E: 8067)","tier":2,"has_bank":0,"has_market":0,"has_waystone":0},"geometry":{"type":"Point","coordinates":[24202,19098]}},{"type":"Feature","properties":{"entityId":"1008806316583332971","name":"Costanada","tier":2,"has_bank":1,"has_market":0,"has_waystone":1},"geometry":{"type":"Point","coordinates":[23967,19797]}},{"type":"Feature","properties":{"entityId":"1008806316626127257","name":"Recluse Cove","tier":2,"has_bank":0,"has_market":0,"has_waystone":0},"geometry":{"type":"Point","coordinates":[25882,21796]}},{"type":"Feature","properties":{"entityId":"1008806316584380728","name":"Bloodbourne T4 Cave Mining Outpost","tier":4,"has_bank":1,"has_market":0,"has_waystone":1},"geometry":{"type":"Point","coordinates":[28505,22546]}},{"type":"Feature","properties":{"entityId":"1008806316610880600","name":"MeowDerps","tier":3,"has_bank":1,"has_market":0,"has_waystone":0},"geometry":{"type":"Point","coordinates":[25539,17927]}},{"type":"Feature","properties":{"entityId":"1008806316590255081","name":"Bingu Retreat","tier":2,"has_bank":1,"has_market":0,"has_waystone":1},"geometry":{"type":"Point","coordinates":[24302,21908]}},{"type":"Feature","properties":{"entityId":"1008806316594363515","name":"Rickston","tier":3,"has_bank":1,"has_market":0,"has_waystone":0},"geometry":{"type":"Point","coordinates":[25485,18998]}},{"type":"Feature","properties":{"entityId":"1008806316609899075","name":"Greenstone","tier":3,"has_bank":1,"has_market":0,"has_waystone":1},"geometry":{"type":"Point","coordinates":[26871,19957]}},{"type":"Feature","properties":{"entityId":"1008806316610372189","name":"The Tarot Club","tier":4,"has_bank":1,"has_market":0,"has_waystone":1},"geometry":{"type":"Point","coordinates":[29613,16397]}},{"type":"Feature","properties":{"entityId":"1008806316621570300","name":"Newbie losers club","tier":2,"has_bank":0,"has_market":0,"has_waystone":0},"geometry":{"type":"Point","coordinates":[24203,19591]}},{"type":"Feature","properties":{"entityId":"1008806316612512382","name":"Inertia","tier":3,"has_bank":1,"has_market":0,"has_waystone":1},"geometry":{"type":"Point","coordinates":[26816,17922]}},{"type":"Feature","properties":{"entityId":"1008806316614076027","name":"Claw and Fang","tier":3,"has_bank":1,"has_market":0,"has_waystone":0},"geometry":{"type":"Point","coordinates":[25953,18139]}},{"type":"Feature","properties":{"entityId":"1008806316624770243","name":"Lutra Lodge","tier":2,"has_bank":0,"has_market":0,"has_waystone":0},"geometry":{"type":"Point","coordinates":[25395,20721]}},{"type":"Feature","properties":{"entityId":"1008806316614271514","name":"ARAKAWA","tier":2,"has_bank":0,"has_market":0,"has_waystone":0},"geometry":{"type":"Point","coordinates":[24058,19511]}},{"type":"Feature","properties":{"entityId":"1008806316614942249","name":"Liopleurodon","tier":2,"has_bank":0,"has_market":0,"has_waystone":0},"geometry":{"type":"Point","coordinates":[25881,17422]}},{"type":"Feature","properties":{"entityId":"1008806316615477067","name":"Seraphims Lament","tier":2,"has_bank":0,"has_market":0,"has_waystone":0},"geometry":{"type":"Point","coordinates":[24551,18723]}},{"type":"Feature","properties":{"entityId":"1008806316615497444","name":"Newfound Trading Company","tier":2,"has_bank":1,"has_market":0,"has_waystone":1},"geometry":{"type":"Point","coordinates":[24017,21652]}},{"type":"Feature","properties":{"entityId":"1008806316617607179","name":"PoroLand","tier":2,"has_bank":0,"has_market":0,"has_waystone":0},"geometry":{"type":"Point","coordinates":[26036,19751]}},{"type":"Feature","properties":{"entityId":"1008806316617639376","name":"EPIC Cooler","tier":3,"has_bank":1,"has_market":0,"has_waystone":1},"geometry":{"type":"Point","coordinates":[29236,19423]}},{"type":"Feature","properties":{"entityId":"1008806316617779133","name":"Lake Point","tier":2,"has_bank":0,"has_market":0,"has_waystone":0},"geometry":{"type":"Point","coordinates":[24972,18633]}},{"type":"Feature","properties":{"entityId":"1008806316617979946","name":"Claimed area (N: 5998, E: 8570)","tier":1,"has_bank":0,"has_market":0,"has_waystone":0},"geometry":{"type":"Point","coordinates":[25710,17995]}},{"type":"Feature","properties":{"entityId":"1008806316618691621","name":"Island of Misfit Toys","tier":1,"has_bank":0,"has_market":0,"has_waystone":0},"geometry":{"type":"Point","coordinates":[27694,21304]}},{"type":"Feature","properties":{"entityId":"1008806316619048142","name":"GoldHand Port","tier":3,"has_bank":1,"has_market":0,"has_waystone":0},"geometry":{"type":"Point","coordinates":[27095,19696]}},{"type":"Feature","properties":{"entityId":"1008806316619175927","name":"Praesidium","tier":2,"has_bank":1,"has_market":0,"has_waystone":1},"geometry":{"type":"Point","coordinates":[29084,21158]}},{"type":"Feature","properties":{"entityId":"1008806316623284393","name":"Pantheon","tier":2,"has_bank":1,"has_market":0,"has_waystone":0},"geometry":{"type":"Point","coordinates":[25974,17874]}},{"type":"Feature","properties":{"entityId":"1224979098660291952","name":"Lethe","tier":6,"has_bank":1,"has_market":1,"has_waystone":1},"geometry":{"type":"Point","coordinates":[11478,27084]}},{"type":"Feature","properties":{"entityId":"1224979098660322715","name":"Twinharbour","tier":5,"has_bank":1,"has_market":1,"has_waystone":1},"geometry":{"type":"Point","coordinates":[10975,26390]}},{"type":"Feature","properties":{"entityId":"1224979098660425456","name":"Isle Royale","tier":2,"has_bank":1,"has_market":0,"has_waystone":1},"geometry":{"type":"Point","coordinates":[14114,29985]}},{"type":"Feature","properties":{"entityId":"1224979098660524963","name":"Two Brothers Trading Company","tier":5,"has_bank":1,"has_market":1,"has_waystone":1},"geometry":{"type":"Point","coordinates":[13926,24310]}},{"type":"Feature","properties":{"entityId":"1224979098660767274","name":"Dragonstone","tier":7,"has_bank":1,"has_market":1,"has_waystone":1},"geometry":{"type":"Point","coordinates":[9064,27297]}},{"type":"Feature","properties":{"entityId":"1224979098660975390","name":"Glimmergarde","tier":6,"has_bank":1,"has_market":1,"has_waystone":1},"geometry":{"type":"Point","coordinates":[10109,27091]}},{"type":"Feature","properties":{"entityId":"1224979098661091883","name":"Florida","tier":5,"has_bank":1,"has_market":1,"has_waystone":1},"geometry":{"type":"Point","coordinates":[14684,24393]}},{"type":"Feature","properties":{"entityId":"1224979098684952443","name":"Carpentry and Masonry Dungeon","tier":2,"has_bank":0,"has_market":0,"has_waystone":1},"geometry":{"type":"Point","coordinates":[11898,26706]}},{"type":"Feature","properties":{"entityId":"1224979098661226360","name":"dedica cottage","tier":5,"has_bank":1,"has_market":0,"has_waystone":1},"geometry":{"type":"Point","coordinates":[13290,23511]}},{"type":"Feature","properties":{"entityId":"1224979098661319854","name":"Twinbloom","tier":4,"has_bank":1,"has_market":0,"has_waystone":1},"geometry":{"type":"Point","coordinates":[8905,25079]}},{"type":"Feature","properties":{"entityId":"1224979098661324947","name":"Freljord","tier":4,"has_bank":1,"has_market":0,"has_waystone":1},"geometry":{"type":"Point","coordinates":[10120,24436]}},{"type":"Feature","properties":{"entityId":"1224979098661613336","name":"TwinGuard","tier":3,"has_bank":0,"has_market":0,"has_waystone":1},"geometry":{"type":"Point","coordinates":[14289,25892]}},{"type":"Feature","properties":{"entityId":"1224979098661645606","name":"Ordum City","tier":6,"has_bank":1,"has_market":1,"has_waystone":1},"geometry":{"type":"Point","coordinates":[13610,27133]}},{"type":"Feature","properties":{"entityId":"1224979098661723250","name":"Oddish Jobs","tier":3,"has_bank":1,"has_market":0,"has_waystone":1},"geometry":{"type":"Point","coordinates":[14277,24582]}},{"type":"Feature","properties":{"entityId":"1224979098661845540","name":"Solo Hermit Pit Stop","tier":4,"has_bank":1,"has_market":0,"has_waystone":1},"geometry":{"type":"Point","coordinates":[10632,26578]}},{"type":"Feature","properties":{"entityId":"1224979098661940837","name":"SOLO","tier":6,"has_bank":1,"has_market":1,"has_waystone":1},"geometry":{"type":"Point","coordinates":[13364,24294]}},{"type":"Feature","properties":{"entityId":"1224979098685015006","name":"Globex","tier":4,"has_bank":1,"has_market":0,"has_waystone":1},"geometry":{"type":"Point","coordinates":[13773,26922]}},{"type":"Feature","properties":{"entityId":"1224979098662853874","name":"Floof Bay","tier":6,"has_bank":1,"has_market":1,"has_waystone":1},"geometry":{"type":"Point","coordinates":[14236,26497]}},{"type":"Feature","properties":{"entityId":"1224979098662992666","name":"Phoenix Point","tier":4,"has_bank":1,"has_market":1,"has_waystone":1},"geometry":{"type":"Point","coordinates":[14190,26772]}},{"type":"Feature","properties":{"entityId":"1224979098668934923","name":"Claimed area (N: 9192, E: 2941)","tier":3,"has_bank":0,"has_market":0,"has_waystone":0},"geometry":{"type":"Point","coordinates":[8824,27577]}},{"type":"Feature","properties":{"entityId":"1224979098708227523","name":"Kinda Zerker Apt 7","tier":2,"has_bank":0,"has_market":0,"has_waystone":0},"geometry":{"type":"Point","coordinates":[11025,26743]}},{"type":"Feature","properties":{"entityId":"1224979098668568487","name":"Velora","tier":5,"has_bank":1,"has_market":1,"has_waystone":1},"geometry":{"type":"Point","coordinates":[13452,28261]}},{"type":"Feature","properties":{"entityId":"1224979098663133889","name":"Helia","tier":4,"has_bank":1,"has_market":1,"has_waystone":1},"geometry":{"type":"Point","coordinates":[13885,30312]}},{"type":"Feature","properties":{"entityId":"1224979098663375705","name":"Cairn na Rithe","tier":3,"has_bank":1,"has_market":0,"has_waystone":1},"geometry":{"type":"Point","coordinates":[9853,25227]}},{"type":"Feature","properties":{"entityId":"1224979098663391454","name":"Dragon Rest","tier":5,"has_bank":1,"has_market":1,"has_waystone":1},"geometry":{"type":"Point","coordinates":[8597,24155]}},{"type":"Feature","properties":{"entityId":"1224979098663482400","name":"Tirion","tier":4,"has_bank":1,"has_market":0,"has_waystone":1},"geometry":{"type":"Point","coordinates":[10068,26905]}},{"type":"Feature","properties":{"entityId":"1224979098664273226","name":"Reveria","tier":4,"has_bank":1,"has_market":0,"has_waystone":1},"geometry":{"type":"Point","coordinates":[9879,24366]}},{"type":"Feature","properties":{"entityId":"1224979098665079230","name":"Fort de Sel","tier":4,"has_bank":1,"has_market":0,"has_waystone":1},"geometry":{"type":"Point","coordinates":[12390,27362]}},{"type":"Feature","properties":{"entityId":"1224979098663603944","name":"Himorogi town","tier":6,"has_bank":1,"has_market":0,"has_waystone":1},"geometry":{"type":"Point","coordinates":[11604,25337]}},{"type":"Feature","properties":{"entityId":"1224979098707293359","name":"Prospect Here Help Pave","tier":2,"has_bank":0,"has_market":0,"has_waystone":0},"geometry":{"type":"Point","coordinates":[8486,28004]}},{"type":"Feature","properties":{"entityId":"1224979098663779432","name":"Coffee For Life","tier":5,"has_bank":1,"has_market":1,"has_waystone":1},"geometry":{"type":"Point","coordinates":[14226,26248]}},{"type":"Feature","properties":{"entityId":"1224979098685679848","name":"Tobaril","tier":5,"has_bank":1,"has_market":1,"has_waystone":1},"geometry":{"type":"Point","coordinates":[14891,25028]}},{"type":"Feature","properties":{"entityId":"1224979098663891570","name":"Rainbow Peak","tier":3,"has_bank":1,"has_market":0,"has_waystone":1},"geometry":{"type":"Point","coordinates":[12281,25067]}},{"type":"Feature","properties":{"entityId":"1224979098702636199","name":"Saint Rivavento","tier":2,"has_bank":0,"has_market":0,"has_waystone":0},"geometry":{"type":"Point","coordinates":[11257,25706]}},{"type":"Feature","properties":{"entityId":"1224979098714034282","name":"Mt Militia","tier":2,"has_bank":0,"has_market":0,"has_waystone":1},"geometry":{"type":"Point","coordinates":[12449,29427]}},{"type":"Feature","properties":{"entityId":"1224979098691509760","name":"Peach Blosson Park and Apiary","tier":3,"has_bank":0,"has_market":0,"has_waystone":0},"geometry":{"type":"Point","coordinates":[13927,24201]}},{"type":"Feature","properties":{"entityId":"1224979098671345552","name":"Wojtek Freeport","tier":3,"has_bank":1,"has_market":0,"has_waystone":0},"geometry":{"type":"Point","coordinates":[8913,24105]}},{"type":"Feature","properties":{"entityId":"1224979098664172008","name":"Velmere","tier":3,"has_bank":1,"has_market":0,"has_waystone":1},"geometry":{"type":"Point","coordinates":[13074,27326]}},{"type":"Feature","properties":{"entityId":"1224979098700933487","name":"DANZIG","tier":2,"has_bank":0,"has_market":0,"has_waystone":1},"geometry":{"type":"Point","coordinates":[13598,27406]}},{"type":"Feature","properties":{"entityId":"1224979098680429860","name":"Bucees","tier":3,"has_bank":1,"has_market":0,"has_waystone":1},"geometry":{"type":"Point","coordinates":[9505,25306]}},{"type":"Feature","properties":{"entityId":"1224979098705120771","name":"Dragonspire","tier":3,"has_bank":1,"has_market":0,"has_waystone":1},"geometry":{"type":"Point","coordinates":[8347,23989]}},{"type":"Feature","properties":{"entityId":"1224979098667666698","name":"Saved","tier":4,"has_bank":1,"has_market":0,"has_waystone":1},"geometry":{"type":"Point","coordinates":[14653,25196]}},{"type":"Feature","properties":{"entityId":"1224979098697212960","name":"Strangely Underrated Spot","tier":2,"has_bank":1,"has_market":0,"has_waystone":1},"geometry":{"type":"Point","coordinates":[10235,25047]}},{"type":"Feature","properties":{"entityId":"1224979098664653874","name":"Shreks Swamp","tier":3,"has_bank":1,"has_market":0,"has_waystone":1},"geometry":{"type":"Point","coordinates":[8590,28136]}},{"type":"Feature","properties":{"entityId":"1224979098687581311","name":"Calypsie Outpost","tier":3,"has_bank":1,"has_market":0,"has_waystone":1},"geometry":{"type":"Point","coordinates":[10156,29138]}},{"type":"Feature","properties":{"entityId":"1224979098664676784","name":"New Gridania","tier":4,"has_bank":1,"has_market":1,"has_waystone":1},"geometry":{"type":"Point","coordinates":[9326,29809]}},{"type":"Feature","properties":{"entityId":"1224979098666847341","name":"The Old Blightshroud","tier":3,"has_bank":1,"has_market":0,"has_waystone":1},"geometry":{"type":"Point","coordinates":[10515,27390]}},{"type":"Feature","properties":{"entityId":"1224979098698167072","name":"Stormvein Hold","tier":4,"has_bank":1,"has_market":0,"has_waystone":1},"geometry":{"type":"Point","coordinates":[12213,27492]}},{"type":"Feature","properties":{"entityId":"1224979098685118918","name":"Westbrook","tier":3,"has_bank":1,"has_market":0,"has_waystone":1},"geometry":{"type":"Point","coordinates":[10118,26024]}},{"type":"Feature","properties":{"entityId":"1224979098707343121","name":"Apartment 13","tier":2,"has_bank":0,"has_market":0,"has_waystone":1},"geometry":{"type":"Point","coordinates":[8655,25531]}},{"type":"Feature","properties":{"entityId":"1224979098704599629","name":"Claimed area (N: 9251, E: 4199)","tier":1,"has_bank":0,"has_market":0,"has_waystone":0},"geometry":{"type":"Point","coordinates":[12597,27752]}},{"type":"Feature","properties":{"entityId":"1224979098693825122","name":"Pilgrims Temple","tier":3,"has_bank":1,"has_market":0,"has_waystone":0},"geometry":{"type":"Point","coordinates":[10932,25934]}},{"type":"Feature","properties":{"entityId":"1224979098707916002","name":"Seedling Village","tier":3,"has_bank":1,"has_market":0,"has_waystone":1},"geometry":{"type":"Point","coordinates":[12552,26208]}},{"type":"Feature","properties":{"entityId":"1224979098712504171","name":"Spireland","tier":2,"has_bank":1,"has_market":0,"has_waystone":1},"geometry":{"type":"Point","coordinates":[8535,24888]}},{"type":"Feature","properties":{"entityId":"1224979098665298696","name":"United Slavic Emirates","tier":5,"has_bank":1,"has_market":1,"has_waystone":1},"geometry":{"type":"Point","coordinates":[8329,26339]}},{"type":"Feature","properties":{"entityId":"1224979098681435192","name":"Eurynomos","tier":2,"has_bank":1,"has_market":0,"has_waystone":1},"geometry":{"type":"Point","coordinates":[12007,24309]}},{"type":"Feature","properties":{"entityId":"1224979098712929691","name":"The Beacon","tier":2,"has_bank":0,"has_market":0,"has_waystone":0},"geometry":{"type":"Point","coordinates":[13576,27933]}},{"type":"Feature","properties":{"entityId":"1224979098700707750","name":"FAKE","tier":4,"has_bank":1,"has_market":0,"has_waystone":1},"geometry":{"type":"Point","coordinates":[12598,27476]}},{"type":"Feature","properties":{"entityId":"1224979098675068057","name":"Fort de Luminite","tier":2,"has_bank":0,"has_market":0,"has_waystone":1},"geometry":{"type":"Point","coordinates":[14436,27444]}},{"type":"Feature","properties":{"entityId":"1224979098702004758","name":"Liege","tier":3,"has_bank":1,"has_market":0,"has_waystone":0},"geometry":{"type":"Point","coordinates":[12717,27532]}},{"type":"Feature","properties":{"entityId":"1224979098665541223","name":"BlueStorm","tier":4,"has_bank":1,"has_market":1,"has_waystone":1},"geometry":{"type":"Point","coordinates":[11721,25222]}},{"type":"Feature","properties":{"entityId":"1224979098700392073","name":"New Brightwall","tier":4,"has_bank":1,"has_market":0,"has_waystone":1},"geometry":{"type":"Point","coordinates":[12906,26633]}},{"type":"Feature","properties":{"entityId":"1224979098665883330","name":"Ardea","tier":2,"has_bank":0,"has_market":0,"has_waystone":0},"geometry":{"type":"Point","coordinates":[14208,28429]}},{"type":"Feature","properties":{"entityId":"1224979098709995608","name":"See Town","tier":2,"has_bank":0,"has_market":0,"has_waystone":0},"geometry":{"type":"Point","coordinates":[12449,24995]}},{"type":"Feature","properties":{"entityId":"1224979098704673410","name":"Inlet Extra","tier":2,"has_bank":0,"has_market":0,"has_waystone":0},"geometry":{"type":"Point","coordinates":[11404,25564]}},{"type":"Feature","properties":{"entityId":"1224979098707301874","name":"Contaminated Site","tier":2,"has_bank":0,"has_market":0,"has_waystone":1},"geometry":{"type":"Point","coordinates":[12676,24661]}},{"type":"Feature","properties":{"entityId":"1224979098713076147","name":"Costco Hotdog Factory","tier":2,"has_bank":0,"has_market":0,"has_waystone":0},"geometry":{"type":"Point","coordinates":[8415,26901]}},{"type":"Feature","properties":{"entityId":"1224979098684517661","name":"Kebab Shop","tier":2,"has_bank":1,"has_market":0,"has_waystone":1},"geometry":{"type":"Point","coordinates":[13939,26798]}},{"type":"Feature","properties":{"entityId":"1224979098687321425","name":"Stepstones Joeva Outpost","tier":4,"has_bank":1,"has_market":0,"has_waystone":1},"geometry":{"type":"Point","coordinates":[12649,24221]}},{"type":"Feature","properties":{"entityId":"1224979098672916037","name":"CradleRock","tier":5,"has_bank":1,"has_market":1,"has_waystone":1},"geometry":{"type":"Point","coordinates":[10776,25122]}},{"type":"Feature","properties":{"entityId":"1224979098667403853","name":"Nicodranas","tier":3,"has_bank":0,"has_market":0,"has_waystone":1},"geometry":{"type":"Point","coordinates":[8843,25705]}},{"type":"Feature","properties":{"entityId":"1224979098667926823","name":"GTC OutPost","tier":2,"has_bank":0,"has_market":0,"has_waystone":1},"geometry":{"type":"Point","coordinates":[15106,25901]}},{"type":"Feature","properties":{"entityId":"1224979098667941390","name":"Concordia","tier":4,"has_bank":1,"has_market":0,"has_waystone":1},"geometry":{"type":"Point","coordinates":[10512,25587]}},{"type":"Feature","properties":{"entityId":"1224979098708935753","name":"Kaiserreich","tier":2,"has_bank":0,"has_market":0,"has_waystone":0},"geometry":{"type":"Point","coordinates":[11572,26897]}},{"type":"Feature","properties":{"entityId":"1224979098700767190","name":"Wanderers Emporium","tier":2,"has_bank":0,"has_market":0,"has_waystone":0},"geometry":{"type":"Point","coordinates":[13078,27057]}},{"type":"Feature","properties":{"entityId":"1224979098687784403","name":"Skogsvilsen","tier":4,"has_bank":1,"has_market":1,"has_waystone":1},"geometry":{"type":"Point","coordinates":[8891,29763]}},{"type":"Feature","properties":{"entityId":"1224979098704157658","name":"Lordfrost Ask Me","tier":2,"has_bank":0,"has_market":0,"has_waystone":0},"geometry":{"type":"Point","coordinates":[8936,26768]}},{"type":"Feature","properties":{"entityId":"1224979098668423981","name":"Nortagem","tier":4,"has_bank":1,"has_market":0,"has_waystone":0},"geometry":{"type":"Point","coordinates":[12307,27291]}},{"type":"Feature","properties":{"entityId":"1224979098708588095","name":"Waterfalls","tier":2,"has_bank":0,"has_market":0,"has_waystone":1},"geometry":{"type":"Point","coordinates":[14266,29004]}},{"type":"Feature","properties":{"entityId":"1224979098668586216","name":"Emarium Mining Station","tier":3,"has_bank":1,"has_market":0,"has_waystone":1},"geometry":{"type":"Point","coordinates":[13870,28269]}},{"type":"Feature","properties":{"entityId":"1224979098706043672","name":"Vostok","tier":2,"has_bank":0,"has_market":0,"has_waystone":0},"geometry":{"type":"Point","coordinates":[11028,26169]}},{"type":"Feature","properties":{"entityId":"1224979098669407284","name":"Baile Freimhe","tier":3,"has_bank":1,"has_market":0,"has_waystone":1},"geometry":{"type":"Point","coordinates":[9349,23747]}},{"type":"Feature","properties":{"entityId":"1224979098670110066","name":"Claimed area (N: 8302, E: 4981)","tier":3,"has_bank":1,"has_market":0,"has_waystone":1},"geometry":{"type":"Point","coordinates":[14944,24906]}},{"type":"Feature","properties":{"entityId":"1224979098703620563","name":"Militia Emarium","tier":2,"has_bank":0,"has_market":0,"has_waystone":0},"geometry":{"type":"Point","coordinates":[12641,30231]}},{"type":"Feature","properties":{"entityId":"1224979098669881241","name":"Brookbridge","tier":4,"has_bank":0,"has_market":1,"has_waystone":1},"geometry":{"type":"Point","coordinates":[15092,25183]}},{"type":"Feature","properties":{"entityId":"1224979098670115967","name":"Florida T2 Ore N More","tier":2,"has_bank":1,"has_market":0,"has_waystone":1},"geometry":{"type":"Point","coordinates":[14814,24764]}},{"type":"Feature","properties":{"entityId":"1224979098670793767","name":"Velrath","tier":2,"has_bank":1,"has_market":0,"has_waystone":1},"geometry":{"type":"Point","coordinates":[13392,28428]}},{"type":"Feature","properties":{"entityId":"1224979098670797251","name":"Rannington","tier":3,"has_bank":0,"has_market":0,"has_waystone":0},"geometry":{"type":"Point","coordinates":[13339,24752]}},{"type":"Feature","properties":{"entityId":"1224979098689784289","name":"Ogygia Island","tier":2,"has_bank":1,"has_market":0,"has_waystone":1},"geometry":{"type":"Point","coordinates":[8686,24760]}},{"type":"Feature","properties":{"entityId":"1224979098702371756","name":"Asylum Of Souls","tier":2,"has_bank":1,"has_market":0,"has_waystone":0},"geometry":{"type":"Point","coordinates":[13141,29866]}},{"type":"Feature","properties":{"entityId":"1224979098696550198","name":"Kings Landing","tier":3,"has_bank":1,"has_market":0,"has_waystone":1},"geometry":{"type":"Point","coordinates":[14594,24167]}},{"type":"Feature","properties":{"entityId":"1224979098671134182","name":"Dragons Den","tier":3,"has_bank":0,"has_market":0,"has_waystone":0},"geometry":{"type":"Point","coordinates":[12190,27186]}},{"type":"Feature","properties":{"entityId":"1224979098704687705","name":"Franc","tier":2,"has_bank":0,"has_market":0,"has_waystone":1},"geometry":{"type":"Point","coordinates":[10338,25351]}},{"type":"Feature","properties":{"entityId":"1224979098693384640","name":"Western OutPost","tier":2,"has_bank":0,"has_market":0,"has_waystone":1},"geometry":{"type":"Point","coordinates":[9666,23719]}},{"type":"Feature","properties":{"entityId":"1224979098672007701","name":"Abhainn Caol","tier":5,"has_bank":1,"has_market":1,"has_waystone":1},"geometry":{"type":"Point","coordinates":[9067,23973]}},{"type":"Feature","properties":{"entityId":"1224979098677427136","name":"Emerald Vale","tier":4,"has_bank":1,"has_market":0,"has_waystone":0},"geometry":{"type":"Point","coordinates":[12228,24947]}},{"type":"Feature","properties":{"entityId":"1224979098672254461","name":"Verdant Pointe","tier":3,"has_bank":1,"has_market":0,"has_waystone":1},"geometry":{"type":"Point","coordinates":[10762,26288]}},{"type":"Feature","properties":{"entityId":"1224979098714368016","name":"BURMALDAK","tier":2,"has_bank":0,"has_market":0,"has_waystone":0},"geometry":{"type":"Point","coordinates":[13675,28245]}},{"type":"Feature","properties":{"entityId":"1224979098672719128","name":"Dragon Pebble","tier":4,"has_bank":1,"has_market":0,"has_waystone":1},"geometry":{"type":"Point","coordinates":[8667,27304]}},{"type":"Feature","properties":{"entityId":"1224979098672959202","name":"GARRISON POINTE N 10157 E 4231","tier":5,"has_bank":1,"has_market":0,"has_waystone":1},"geometry":{"type":"Point","coordinates":[12694,30471]}},{"type":"Feature","properties":{"entityId":"1224979098673042951","name":"Gvsgatla Tsgili Didlohisdii","tier":3,"has_bank":1,"has_market":0,"has_waystone":1},"geometry":{"type":"Point","coordinates":[9885,28542]}},{"type":"Feature","properties":{"entityId":"1224979098673057316","name":"Claimed area (N: 8167, E: 4509)","tier":3,"has_bank":1,"has_market":0,"has_waystone":0},"geometry":{"type":"Point","coordinates":[13528,24502]}},{"type":"Feature","properties":{"entityId":"1224979098713471097","name":"Asterleigh","tier":2,"has_bank":0,"has_market":0,"has_waystone":0},"geometry":{"type":"Point","coordinates":[10458,26728]}},{"type":"Feature","properties":{"entityId":"1224979098687318737","name":"Wintoma","tier":3,"has_bank":1,"has_market":0,"has_waystone":0},"geometry":{"type":"Point","coordinates":[11458,27298]}},{"type":"Feature","properties":{"entityId":"1224979098675847493","name":"Lynxwall","tier":2,"has_bank":0,"has_market":0,"has_waystone":1},"geometry":{"type":"Point","coordinates":[14616,26568]}},{"type":"Feature","properties":{"entityId":"1224979098675853309","name":"Elworth","tier":3,"has_bank":0,"has_market":0,"has_waystone":0},"geometry":{"type":"Point","coordinates":[14265,25664]}},{"type":"Feature","properties":{"entityId":"1224979098681798956","name":"Northern OP","tier":3,"has_bank":0,"has_market":0,"has_waystone":1},"geometry":{"type":"Point","coordinates":[13423,28599]}},{"type":"Feature","properties":{"entityId":"1224979098696612069","name":"Torn Hill Port  The Militia","tier":2,"has_bank":0,"has_market":0,"has_waystone":0},"geometry":{"type":"Point","coordinates":[11532,30084]}},{"type":"Feature","properties":{"entityId":"1224979098676040944","name":"Northern Sky Fish Camp","tier":4,"has_bank":1,"has_market":0,"has_waystone":1},"geometry":{"type":"Point","coordinates":[10814,29695]}},{"type":"Feature","properties":{"entityId":"1224979098676089513","name":"Wings of Dawn","tier":2,"has_bank":1,"has_market":0,"has_waystone":0},"geometry":{"type":"Point","coordinates":[13574,24988]}},{"type":"Feature","properties":{"entityId":"1224979098706334982","name":"Jakyls Den","tier":3,"has_bank":1,"has_market":0,"has_waystone":1},"geometry":{"type":"Point","coordinates":[11942,28089]}},{"type":"Feature","properties":{"entityId":"1224979098703617097","name":"Militia West","tier":2,"has_bank":0,"has_market":0,"has_waystone":0},"geometry":{"type":"Point","coordinates":[12627,30393]}},{"type":"Feature","properties":{"entityId":"1224979098676866870","name":"Cloudcap Cove","tier":3,"has_bank":1,"has_market":0,"has_waystone":1},"geometry":{"type":"Point","coordinates":[9308,24956]}},{"type":"Feature","properties":{"entityId":"1224979098713078634","name":"Z Nation","tier":2,"has_bank":1,"has_market":0,"has_waystone":0},"geometry":{"type":"Point","coordinates":[13422,26374]}},{"type":"Feature","properties":{"entityId":"1224979098678443373","name":"Vault 117","tier":3,"has_bank":1,"has_market":0,"has_waystone":1},"geometry":{"type":"Point","coordinates":[12030,26970]}},{"type":"Feature","properties":{"entityId":"1224979098678614304","name":"Claimed area (N: 8608, E: 3973)","tier":2,"has_bank":0,"has_market":0,"has_waystone":0},"geometry":{"type":"Point","coordinates":[11918,25824]}},{"type":"Feature","properties":{"entityId":"1224979098691146522","name":"Shibby","tier":5,"has_bank":1,"has_market":1,"has_waystone":1},"geometry":{"type":"Point","coordinates":[10106,24676]}},{"type":"Feature","properties":{"entityId":"1224979098684914969","name":"Ravenmist","tier":3,"has_bank":1,"has_market":0,"has_waystone":0},"geometry":{"type":"Point","coordinates":[12865,27489]}},{"type":"Feature","properties":{"entityId":"1224979098711053022","name":"Red Bull Global HQ","tier":2,"has_bank":0,"has_market":0,"has_waystone":0},"geometry":{"type":"Point","coordinates":[13296,25722]}},{"type":"Feature","properties":{"entityId":"1224979098691705964","name":"Sentinals Gateway","tier":2,"has_bank":1,"has_market":0,"has_waystone":1},"geometry":{"type":"Point","coordinates":[8148,25031]}},{"type":"Feature","properties":{"entityId":"1224979098713592720","name":"Cargo Storage","tier":2,"has_bank":0,"has_market":0,"has_waystone":1},"geometry":{"type":"Point","coordinates":[12424,28538]}},{"type":"Feature","properties":{"entityId":"1224979098697368193","name":"Starstone Strand","tier":3,"has_bank":1,"has_market":0,"has_waystone":1},"geometry":{"type":"Point","coordinates":[8790,28446]}},{"type":"Feature","properties":{"entityId":"1224979098703621953","name":"Militia Bay","tier":2,"has_bank":0,"has_market":0,"has_waystone":0},"geometry":{"type":"Point","coordinates":[12784,30086]}},{"type":"Feature","properties":{"entityId":"1224979098692633755","name":"Militia Training Grounds","tier":2,"has_bank":0,"has_market":0,"has_waystone":0},"geometry":{"type":"Point","coordinates":[12965,30213]}},{"type":"Feature","properties":{"entityId":"1224979098680642299","name":"Little Rockwood","tier":3,"has_bank":1,"has_market":0,"has_waystone":1},"geometry":{"type":"Point","coordinates":[12344,27892]}},{"type":"Feature","properties":{"entityId":"1224979098695053256","name":"Radical Dreamers","tier":3,"has_bank":1,"has_market":0,"has_waystone":1},"geometry":{"type":"Point","coordinates":[11425,25445]}},{"type":"Feature","properties":{"entityId":"1224979098682879011","name":"Isle of Eldoria","tier":4,"has_bank":1,"has_market":0,"has_waystone":1},"geometry":{"type":"Point","coordinates":[14095,27317]}},{"type":"Feature","properties":{"entityId":"1224979098710299559","name":"Crazy Kittens House","tier":2,"has_bank":0,"has_market":0,"has_waystone":1},"geometry":{"type":"Point","coordinates":[13517,27337]}},{"type":"Feature","properties":{"entityId":"1224979098681847013","name":"Hickoryforge","tier":3,"has_bank":1,"has_market":0,"has_waystone":0},"geometry":{"type":"Point","coordinates":[9078,24351]}},{"type":"Feature","properties":{"entityId":"1224979098682733574","name":"Automa","tier":3,"has_bank":1,"has_market":0,"has_waystone":1},"geometry":{"type":"Point","coordinates":[13002,28262]}},{"type":"Feature","properties":{"entityId":"1224979098682866664","name":"Mount Olympus","tier":5,"has_bank":1,"has_market":1,"has_waystone":1},"geometry":{"type":"Point","coordinates":[10923,28603]}},{"type":"Feature","properties":{"entityId":"1224979098695605733","name":"McDhai","tier":3,"has_bank":1,"has_market":0,"has_waystone":1},"geometry":{"type":"Point","coordinates":[9749,27371]}},{"type":"Feature","properties":{"entityId":"1224979098683404770","name":"The Crimson Covenant","tier":3,"has_bank":1,"has_market":0,"has_waystone":1},"geometry":{"type":"Point","coordinates":[15059,24954]}},{"type":"Feature","properties":{"entityId":"1224979098703289347","name":"Gropeh MP","tier":2,"has_bank":0,"has_market":0,"has_waystone":0},"geometry":{"type":"Point","coordinates":[12803,24758]}},{"type":"Feature","properties":{"entityId":"1224979098697412280","name":"Kat Den","tier":2,"has_bank":0,"has_market":0,"has_waystone":0},"geometry":{"type":"Point","coordinates":[11684,28192]}},{"type":"Feature","properties":{"entityId":"1224979098685379080","name":"The Silk Road","tier":3,"has_bank":1,"has_market":0,"has_waystone":1},"geometry":{"type":"Point","coordinates":[13851,25304]}},{"type":"Feature","properties":{"entityId":"1224979098687543148","name":"Hypnos","tier":2,"has_bank":0,"has_market":0,"has_waystone":1},"geometry":{"type":"Point","coordinates":[11587,27899]}},{"type":"Feature","properties":{"entityId":"1224979098685892354","name":"Hush","tier":3,"has_bank":1,"has_market":0,"has_waystone":1},"geometry":{"type":"Point","coordinates":[8098,25515]}},{"type":"Feature","properties":{"entityId":"1224979098688221306","name":"Roviatamburg","tier":3,"has_bank":1,"has_market":0,"has_waystone":1},"geometry":{"type":"Point","coordinates":[9207,24635]}},{"type":"Feature","properties":{"entityId":"1224979098710290729","name":"Ferralith Mining Station","tier":2,"has_bank":0,"has_market":0,"has_waystone":0},"geometry":{"type":"Point","coordinates":[11356,27204]}},{"type":"Feature","properties":{"entityId":"1224979098703618256","name":"Militia East","tier":2,"has_bank":0,"has_market":0,"has_waystone":0},"geometry":{"type":"Point","coordinates":[12763,30383]}},{"type":"Feature","properties":{"entityId":"1224979098690099124","name":"Silvara","tier":2,"has_bank":1,"has_market":0,"has_waystone":1},"geometry":{"type":"Point","coordinates":[13324,28767]}},{"type":"Feature","properties":{"entityId":"1224979098694645895","name":"Klify Ksiazece","tier":3,"has_bank":1,"has_market":0,"has_waystone":1},"geometry":{"type":"Point","coordinates":[10189,28651]}},{"type":"Feature","properties":{"entityId":"1224979098690648440","name":"Kitty City","tier":4,"has_bank":1,"has_market":1,"has_waystone":1},"geometry":{"type":"Point","coordinates":[13134,27740]}},{"type":"Feature","properties":{"entityId":"1224979098692474079","name":"Sweetwater Bay","tier":2,"has_bank":1,"has_market":0,"has_waystone":1},"geometry":{"type":"Point","coordinates":[13086,27575]}},{"type":"Feature","properties":{"entityId":"1224979098692058889","name":"Eat me like a bug","tier":3,"has_bank":1,"has_market":0,"has_waystone":0},"geometry":{"type":"Point","coordinates":[9901,25530]}},{"type":"Feature","properties":{"entityId":"1224979098692266383","name":"Herbatkowo","tier":2,"has_bank":0,"has_market":0,"has_waystone":0},"geometry":{"type":"Point","coordinates":[10872,28008]}},{"type":"Feature","properties":{"entityId":"1224979098692315380","name":"Between White Trees","tier":4,"has_bank":1,"has_market":0,"has_waystone":1},"geometry":{"type":"Point","coordinates":[13812,28651]}},{"type":"Feature","properties":{"entityId":"1224979098703619424","name":"Port Militia","tier":2,"has_bank":0,"has_market":0,"has_waystone":0},"geometry":{"type":"Point","coordinates":[12781,30248]}},{"type":"Feature","properties":{"entityId":"1224979098713915865","name":"Lazy Gamers","tier":4,"has_bank":0,"has_market":0,"has_waystone":1},"geometry":{"type":"Point","coordinates":[9397,29356]}},{"type":"Feature","properties":{"entityId":"1224979098702984763","name":"Jaruudholm","tier":3,"has_bank":1,"has_market":0,"has_waystone":1},"geometry":{"type":"Point","coordinates":[10966,29151]}},{"type":"Feature","properties":{"entityId":"1224979098704613957","name":"HEALING POTION","tier":2,"has_bank":0,"has_market":0,"has_waystone":0},"geometry":{"type":"Point","coordinates":[11186,26484]}},{"type":"Feature","properties":{"entityId":"1224979098705257147","name":"New Sky","tier":3,"has_bank":0,"has_market":0,"has_waystone":0},"geometry":{"type":"Point","coordinates":[12513,27822]}},{"type":"Feature","properties":{"entityId":"1224979098705520197","name":"Claymores Gate","tier":2,"has_bank":1,"has_market":0,"has_waystone":1},"geometry":{"type":"Point","coordinates":[11920,25187]}},{"type":"Feature","properties":{"entityId":"1224979098705918181","name":"Aquatica","tier":2,"has_bank":1,"has_market":0,"has_waystone":1},"geometry":{"type":"Point","coordinates":[11117,24092]}},{"type":"Feature","properties":{"entityId":"1224979098706561190","name":"moimiti city","tier":2,"has_bank":0,"has_market":0,"has_waystone":0},"geometry":{"type":"Point","coordinates":[11696,24244]}},{"type":"Feature","properties":{"entityId":"1224979098706622661","name":"Silver Moon Kittens Outpost","tier":4,"has_bank":1,"has_market":0,"has_waystone":1},"geometry":{"type":"Point","coordinates":[11181,27498]}},{"type":"Feature","properties":{"entityId":"1224979098707227546","name":"Celador","tier":2,"has_bank":1,"has_market":0,"has_waystone":0},"geometry":{"type":"Point","coordinates":[11275,27140]}},{"type":"Feature","properties":{"entityId":"1224979098707046446","name":"kodoku","tier":3,"has_bank":1,"has_market":0,"has_waystone":0},"geometry":{"type":"Point","coordinates":[12538,27385]}},{"type":"Feature","properties":{"entityId":"1224979098707236744","name":"Puddleish","tier":2,"has_bank":0,"has_market":0,"has_waystone":0},"geometry":{"type":"Point","coordinates":[12516,24912]}},{"type":"Feature","properties":{"entityId":"1224979098707538490","name":"Narcocommands","tier":1,"has_bank":0,"has_market":0,"has_waystone":0},"geometry":{"type":"Point","coordinates":[11964,26608]}},{"type":"Feature","properties":{"entityId":"1224979098708220044","name":"Sintervale","tier":2,"has_bank":0,"has_market":0,"has_waystone":0},"geometry":{"type":"Point","coordinates":[11544,24912]}},{"type":"Feature","properties":{"entityId":"1224979098708283234","name":"Dawnwood Acres","tier":2,"has_bank":0,"has_market":0,"has_waystone":0},"geometry":{"type":"Point","coordinates":[12913,27381]}},{"type":"Feature","properties":{"entityId":"1224979098709387967","name":"PetyusPolisz","tier":3,"has_bank":1,"has_market":0,"has_waystone":1},"geometry":{"type":"Point","coordinates":[12819,27815]}},{"type":"Feature","properties":{"entityId":"1224979098710133389","name":"Inkling Lodge","tier":2,"has_bank":0,"has_market":0,"has_waystone":0},"geometry":{"type":"Point","coordinates":[10071,26365]}},{"type":"Feature","properties":{"entityId":"1224979098710465249","name":"Drifters Lodge","tier":2,"has_bank":0,"has_market":0,"has_waystone":0},"geometry":{"type":"Point","coordinates":[10128,27478]}},{"type":"Feature","properties":{"entityId":"1224979098710839735","name":"Frozen Squirrel Delight","tier":3,"has_bank":0,"has_market":0,"has_waystone":1},"geometry":{"type":"Point","coordinates":[9642,27942]}},{"type":"Feature","properties":{"entityId":"1224979098710864380","name":"Anvils Crossing","tier":2,"has_bank":0,"has_market":0,"has_waystone":0},"geometry":{"type":"Point","coordinates":[12835,27165]}},{"type":"Feature","properties":{"entityId":"1224979098711012478","name":"Port YamCorp","tier":3,"has_bank":1,"has_market":0,"has_waystone":1},"geometry":{"type":"Point","coordinates":[9968,25016]}},{"type":"Feature","properties":{"entityId":"1224979098711119816","name":"Prospect North","tier":2,"has_bank":0,"has_market":0,"has_waystone":0},"geometry":{"type":"Point","coordinates":[8470,28249]}},{"type":"Feature","properties":{"entityId":"1224979098711805308","name":"Stray Cat Alley","tier":2,"has_bank":0,"has_market":0,"has_waystone":0},"geometry":{"type":"Point","coordinates":[11379,26682]}},{"type":"Feature","properties":{"entityId":"1224979098713997021","name":"Ostia","tier":2,"has_bank":1,"has_market":0,"has_waystone":0},"geometry":{"type":"Point","coordinates":[11097,25740]}},{"type":"Feature","properties":{"entityId":"1224979098714415854","name":"Claimed area (N: 8756, E: 4017)","tier":2,"has_bank":0,"has_market":0,"has_waystone":0},"geometry":{"type":"Point","coordinates":[12051,26269]}},{"type":"Feature","properties":{"entityId":"1224979098714447304","name":"Kraken Six Packs","tier":1,"has_bank":0,"has_market":0,"has_waystone":0},"geometry":{"type":"Point","coordinates":[10651,28297]}},{"type":"Feature","properties":{"entityId":"1224979098714569338","name":"Whatever you want bro","tier":2,"has_bank":1,"has_market":0,"has_waystone":0},"geometry":{"type":"Point","coordinates":[12698,27232]}},{"type":"Feature","properties":{"entityId":"1297036692700056569","name":"Bitbucht","tier":8,"has_bank":1,"has_market":1,"has_waystone":1},"geometry":{"type":"Point","coordinates":[22318,25320]}},{"type":"Feature","properties":{"entityId":"1297036692700078696","name":"Istanbullfrog","tier":8,"has_bank":1,"has_market":1,"has_waystone":1},"geometry":{"type":"Point","coordinates":[22859,26533]}},{"type":"Feature","properties":{"entityId":"1297036692700081631","name":"Bumbeaux Bay","tier":7,"has_bank":1,"has_market":1,"has_waystone":1},"geometry":{"type":"Point","coordinates":[21269,25521]}},{"type":"Feature","properties":{"entityId":"1297036692756514549","name":"Rivershore Homestead","tier":3,"has_bank":1,"has_market":0,"has_waystone":0},"geometry":{"type":"Point","coordinates":[21782,27612]}},{"type":"Feature","properties":{"entityId":"1297036692700169016","name":"Grassland Garden","tier":6,"has_bank":1,"has_market":1,"has_waystone":1},"geometry":{"type":"Point","coordinates":[22296,23550]}},{"type":"Feature","properties":{"entityId":"1297036692700277131","name":"Zazaland","tier":4,"has_bank":1,"has_market":1,"has_waystone":1},"geometry":{"type":"Point","coordinates":[22450,25041]}},{"type":"Feature","properties":{"entityId":"1297036692700307857","name":"NOC Fluffy Bread Factory","tier":3,"has_bank":1,"has_market":0,"has_waystone":0},"geometry":{"type":"Point","coordinates":[17848,26547]}},{"type":"Feature","properties":{"entityId":"1297036692700314050","name":"NOC Tailor District","tier":3,"has_bank":1,"has_market":0,"has_waystone":0},"geometry":{"type":"Point","coordinates":[17979,26547]}},{"type":"Feature","properties":{"entityId":"1297036692700317558","name":"New Odyn City","tier":8,"has_bank":1,"has_market":1,"has_waystone":1},"geometry":{"type":"Point","coordinates":[17913,26461]}},{"type":"Feature","properties":{"entityId":"1297036692700320857","name":"NOC SAGI Ranch","tier":2,"has_bank":1,"has_market":0,"has_waystone":0},"geometry":{"type":"Point","coordinates":[17847,26375]}},{"type":"Feature","properties":{"entityId":"1297036692700324205","name":"NOC Masonry District","tier":2,"has_bank":0,"has_market":0,"has_waystone":0},"geometry":{"type":"Point","coordinates":[17979,26375]}},{"type":"Feature","properties":{"entityId":"1297036692700383634","name":"KOTONOE","tier":6,"has_bank":1,"has_market":1,"has_waystone":1},"geometry":{"type":"Point","coordinates":[16275,27582]}},{"type":"Feature","properties":{"entityId":"1297036692700525541","name":"Dystopia T1 Mine","tier":4,"has_bank":1,"has_market":0,"has_waystone":1},"geometry":{"type":"Point","coordinates":[21467,28561]}},{"type":"Feature","properties":{"entityId":"1297036692703162218","name":"Runi T3 Mine","tier":4,"has_bank":1,"has_market":1,"has_waystone":1},"geometry":{"type":"Point","coordinates":[21793,28176]}},{"type":"Feature","properties":{"entityId":"1297036692700628484","name":"Gryphis Waldensis","tier":3,"has_bank":1,"has_market":0,"has_waystone":1},"geometry":{"type":"Point","coordinates":[22367,28026]}},{"type":"Feature","properties":{"entityId":"1297036692700884233","name":"Island of Pen","tier":4,"has_bank":1,"has_market":0,"has_waystone":1},"geometry":{"type":"Point","coordinates":[22501,27749]}},{"type":"Feature","properties":{"entityId":"1297036692701625912","name":"Meow Metal","tier":6,"has_bank":1,"has_market":1,"has_waystone":1},"geometry":{"type":"Point","coordinates":[21560,27698]}},{"type":"Feature","properties":{"entityId":"1297036692727152044","name":"Kindling","tier":4,"has_bank":1,"has_market":0,"has_waystone":1},"geometry":{"type":"Point","coordinates":[22005,26731]}},{"type":"Feature","properties":{"entityId":"1297036692770225291","name":"Redleaf","tier":3,"has_bank":1,"has_market":0,"has_waystone":1},"geometry":{"type":"Point","coordinates":[22772,26817]}},{"type":"Feature","properties":{"entityId":"1297036692762575026","name":"DESU Kentucky Fried Chicken","tier":1,"has_bank":0,"has_market":0,"has_waystone":0},"geometry":{"type":"Point","coordinates":[16043,28377]}},{"type":"Feature","properties":{"entityId":"1297036692701538555","name":"Wits End","tier":4,"has_bank":1,"has_market":0,"has_waystone":1},"geometry":{"type":"Point","coordinates":[20451,23978]}},{"type":"Feature","properties":{"entityId":"1297036692719152908","name":"Yagi Peak","tier":6,"has_bank":1,"has_market":0,"has_waystone":1},"geometry":{"type":"Point","coordinates":[19966,28971]}},{"type":"Feature","properties":{"entityId":"1297036692701919708","name":"Sanctuary","tier":4,"has_bank":1,"has_market":1,"has_waystone":1},"geometry":{"type":"Point","coordinates":[19245,26662]}},{"type":"Feature","properties":{"entityId":"1297036692701746154","name":"The Burg","tier":4,"has_bank":1,"has_market":1,"has_waystone":1},"geometry":{"type":"Point","coordinates":[18259,25176]}},{"type":"Feature","properties":{"entityId":"1297036692701780376","name":"DESU Pine Mountain T3 Mine","tier":4,"has_bank":1,"has_market":0,"has_waystone":1},"geometry":{"type":"Point","coordinates":[18256,28295]}},{"type":"Feature","properties":{"entityId":"1297036692701873009","name":"Ezo","tier":5,"has_bank":1,"has_market":1,"has_waystone":1},"geometry":{"type":"Point","coordinates":[22743,26121]}},{"type":"Feature","properties":{"entityId":"1297036692701900883","name":"THUNDERDOME T3 MINE","tier":3,"has_bank":1,"has_market":0,"has_waystone":1},"geometry":{"type":"Point","coordinates":[22415,27284]}},{"type":"Feature","properties":{"entityId":"1297036692736520856","name":"Bumbeaux Quarry","tier":6,"has_bank":1,"has_market":0,"has_waystone":1},"geometry":{"type":"Point","coordinates":[16526,24036]}},{"type":"Feature","properties":{"entityId":"1297036692705901265","name":"Largos Rest","tier":4,"has_bank":1,"has_market":0,"has_waystone":1},"geometry":{"type":"Point","coordinates":[22375,27074]}},{"type":"Feature","properties":{"entityId":"1297036692702177159","name":"Kazegawa","tier":6,"has_bank":1,"has_market":1,"has_waystone":1},"geometry":{"type":"Point","coordinates":[19678,23907]}},{"type":"Feature","properties":{"entityId":"1297036692702225460","name":"KroNainbourg","tier":3,"has_bank":1,"has_market":0,"has_waystone":1},"geometry":{"type":"Point","coordinates":[20269,29127]}},{"type":"Feature","properties":{"entityId":"1297036692726508458","name":"Port Crone","tier":7,"has_bank":1,"has_market":1,"has_waystone":1},"geometry":{"type":"Point","coordinates":[22459,28539]}},{"type":"Feature","properties":{"entityId":"1297036692762802313","name":"Fishermans Bay","tier":1,"has_bank":0,"has_market":0,"has_waystone":0},"geometry":{"type":"Point","coordinates":[20713,24587]}},{"type":"Feature","properties":{"entityId":"1297036692702501181","name":"New Purrsia","tier":6,"has_bank":1,"has_market":1,"has_waystone":1},"geometry":{"type":"Point","coordinates":[22603,27447]}},{"type":"Feature","properties":{"entityId":"1297036692702527900","name":"DESU Ikea","tier":5,"has_bank":1,"has_market":1,"has_waystone":1},"geometry":{"type":"Point","coordinates":[20597,27178]}},{"type":"Feature","properties":{"entityId":"1297036692702594786","name":"Miraleth","tier":5,"has_bank":1,"has_market":1,"has_waystone":1},"geometry":{"type":"Point","coordinates":[15657,25811]}},{"type":"Feature","properties":{"entityId":"1297036692702683336","name":"Asterwyn","tier":4,"has_bank":1,"has_market":1,"has_waystone":1},"geometry":{"type":"Point","coordinates":[20853,24695]}},{"type":"Feature","properties":{"entityId":"1297036692705329724","name":"Dragonsmaw Forge","tier":3,"has_bank":1,"has_market":0,"has_waystone":1},"geometry":{"type":"Point","coordinates":[17053,29637]}},{"type":"Feature","properties":{"entityId":"1297036692774053307","name":"DESU Lighthouse","tier":1,"has_bank":0,"has_market":0,"has_waystone":0},"geometry":{"type":"Point","coordinates":[17701,26129]}},{"type":"Feature","properties":{"entityId":"1297036692702902281","name":"The Red Spider T6 Mine T7 Dungeon","tier":6,"has_bank":1,"has_market":0,"has_waystone":1},"geometry":{"type":"Point","coordinates":[16122,28320]}},{"type":"Feature","properties":{"entityId":"1297036692703143862","name":"Eclipsara","tier":4,"has_bank":1,"has_market":0,"has_waystone":1},"geometry":{"type":"Point","coordinates":[22343,25860]}},{"type":"Feature","properties":{"entityId":"1297036692703152613","name":"loudogahamaJP","tier":4,"has_bank":1,"has_market":1,"has_waystone":1},"geometry":{"type":"Point","coordinates":[15831,27995]}},{"type":"Feature","properties":{"entityId":"1297036692723179495","name":"Lavendell","tier":6,"has_bank":1,"has_market":1,"has_waystone":1},"geometry":{"type":"Point","coordinates":[21213,24215]}},{"type":"Feature","properties":{"entityId":"1297036692703321501","name":"The Merchants Guild","tier":4,"has_bank":1,"has_market":1,"has_waystone":1},"geometry":{"type":"Point","coordinates":[20790,28162]}},{"type":"Feature","properties":{"entityId":"1297036692703449564","name":"Drachen Feld","tier":2,"has_bank":0,"has_market":0,"has_waystone":0},"geometry":{"type":"Point","coordinates":[22282,25219]}},{"type":"Feature","properties":{"entityId":"1297036692703488660","name":"Yzk Industrial Harbor","tier":4,"has_bank":1,"has_market":1,"has_waystone":1},"geometry":{"type":"Point","coordinates":[16280,26857]}},{"type":"Feature","properties":{"entityId":"1297036692772096218","name":"Claimed area (N: 8053, E: 7146)","tier":1,"has_bank":0,"has_market":0,"has_waystone":0},"geometry":{"type":"Point","coordinates":[21439,24158]}},{"type":"Feature","properties":{"entityId":"1297036692703700544","name":"Serpents Reach","tier":4,"has_bank":1,"has_market":1,"has_waystone":1},"geometry":{"type":"Point","coordinates":[21980,29762]}},{"type":"Feature","properties":{"entityId":"1297036692706988329","name":"NOC FrostVale Landing","tier":2,"has_bank":0,"has_market":0,"has_waystone":1},"geometry":{"type":"Point","coordinates":[18111,28505]}},{"type":"Feature","properties":{"entityId":"1297036692714002486","name":"NOC Frost Peak","tier":8,"has_bank":1,"has_market":0,"has_waystone":1},"geometry":{"type":"Point","coordinates":[18911,29065]}},{"type":"Feature","properties":{"entityId":"1297036692739422731","name":"Lavendell Cove","tier":2,"has_bank":1,"has_market":0,"has_waystone":0},"geometry":{"type":"Point","coordinates":[21255,24339]}},{"type":"Feature","properties":{"entityId":"1297036692704076884","name":"The Piston Port","tier":4,"has_bank":1,"has_market":0,"has_waystone":1},"geometry":{"type":"Point","coordinates":[22576,25753]}},{"type":"Feature","properties":{"entityId":"1297036692756329617","name":"DESU Boardwalk West","tier":1,"has_bank":0,"has_market":0,"has_waystone":0},"geometry":{"type":"Point","coordinates":[18036,25928]}},{"type":"Feature","properties":{"entityId":"1297036692704202941","name":"Join Varrock R19","tier":3,"has_bank":1,"has_market":0,"has_waystone":1},"geometry":{"type":"Point","coordinates":[19111,24023]}},{"type":"Feature","properties":{"entityId":"1297036692704233030","name":"Lavendell Pinewatch","tier":3,"has_bank":0,"has_market":0,"has_waystone":1},"geometry":{"type":"Point","coordinates":[19689,27971]}},{"type":"Feature","properties":{"entityId":"1297036692768535415","name":"Claimed area (N: 8546, E: 7106)","tier":1,"has_bank":0,"has_market":0,"has_waystone":0},"geometry":{"type":"Point","coordinates":[21318,25637]}},{"type":"Feature","properties":{"entityId":"1297036692744300232","name":"Medonia 2","tier":3,"has_bank":0,"has_market":0,"has_waystone":1},"geometry":{"type":"Point","coordinates":[20774,26895]}},{"type":"Feature","properties":{"entityId":"1297036692704452218","name":"Bremensis","tier":5,"has_bank":1,"has_market":1,"has_waystone":1},"geometry":{"type":"Point","coordinates":[21007,28414]}},{"type":"Feature","properties":{"entityId":"1297036692752066414","name":"Peon Rebellion Echo Base","tier":2,"has_bank":0,"has_market":0,"has_waystone":0},"geometry":{"type":"Point","coordinates":[17905,26279]}},{"type":"Feature","properties":{"entityId":"1297036692750869021","name":"Winter Snow","tier":2,"has_bank":0,"has_market":0,"has_waystone":0},"geometry":{"type":"Point","coordinates":[21941,29044]}},{"type":"Feature","properties":{"entityId":"1297036692704623941","name":"Automonton","tier":2,"has_bank":0,"has_market":0,"has_waystone":0},"geometry":{"type":"Point","coordinates":[16939,27764]}},{"type":"Feature","properties":{"entityId":"1297036692728131134","name":"Sentinel Shores","tier":2,"has_bank":1,"has_market":0,"has_waystone":1},"geometry":{"type":"Point","coordinates":[19972,23953]}},{"type":"Feature","properties":{"entityId":"1297036692738637266","name":"Desu Seven Rests T2 Mine","tier":2,"has_bank":1,"has_market":0,"has_waystone":1},"geometry":{"type":"Point","coordinates":[17932,27045]}},{"type":"Feature","properties":{"entityId":"1297036692709536097","name":"Desu Scalawags Hook","tier":3,"has_bank":1,"has_market":0,"has_waystone":1},"geometry":{"type":"Point","coordinates":[19876,30165]}},{"type":"Feature","properties":{"entityId":"1297036692719106376","name":"Winterhawk Ridge","tier":5,"has_bank":1,"has_market":0,"has_waystone":1},"geometry":{"type":"Point","coordinates":[18131,27674]}},{"type":"Feature","properties":{"entityId":"1297036692740613448","name":"Eisenwald","tier":3,"has_bank":1,"has_market":0,"has_waystone":0},"geometry":{"type":"Point","coordinates":[22354,25161]}},{"type":"Feature","properties":{"entityId":"1297036692727717445","name":"Die Erbauer T2 Mine","tier":2,"has_bank":0,"has_market":0,"has_waystone":1},"geometry":{"type":"Point","coordinates":[21696,25016]}},{"type":"Feature","properties":{"entityId":"1297036692705052071","name":"Natures Serenity","tier":5,"has_bank":1,"has_market":1,"has_waystone":1},"geometry":{"type":"Point","coordinates":[22563,26080]}},{"type":"Feature","properties":{"entityId":"1297036692705710607","name":"Shinkansen","tier":3,"has_bank":1,"has_market":0,"has_waystone":1},"geometry":{"type":"Point","coordinates":[19568,27592]}},{"type":"Feature","properties":{"entityId":"1297036692747584892","name":"Settlers Campsite","tier":4,"has_bank":1,"has_market":0,"has_waystone":1},"geometry":{"type":"Point","coordinates":[20408,24328]}},{"type":"Feature","properties":{"entityId":"1297036692705349982","name":"Grindburg","tier":5,"has_bank":1,"has_market":1,"has_waystone":1},"geometry":{"type":"Point","coordinates":[19877,28201]}},{"type":"Feature","properties":{"entityId":"1297036692710310339","name":"Ferralith Bay","tier":2,"has_bank":1,"has_market":0,"has_waystone":0},"geometry":{"type":"Point","coordinates":[18460,25486]}},{"type":"Feature","properties":{"entityId":"1297036692705334199","name":"Lumbridge","tier":6,"has_bank":1,"has_market":1,"has_waystone":1},"geometry":{"type":"Point","coordinates":[16747,27784]}},{"type":"Feature","properties":{"entityId":"1297036692705572224","name":"DESU Mangrove Cay","tier":4,"has_bank":1,"has_market":1,"has_waystone":1},"geometry":{"type":"Point","coordinates":[18323,25753]}},{"type":"Feature","properties":{"entityId":"1297036692705612760","name":"DESU West Harbor","tier":3,"has_bank":1,"has_market":0,"has_waystone":1},"geometry":{"type":"Point","coordinates":[16645,26696]}},{"type":"Feature","properties":{"entityId":"1297036692729761419","name":"Bliss","tier":3,"has_bank":1,"has_market":0,"has_waystone":1},"geometry":{"type":"Point","coordinates":[21657,23919]}},{"type":"Feature","properties":{"entityId":"1297036692705747071","name":"DESU Qingbo Stockade","tier":4,"has_bank":1,"has_market":1,"has_waystone":1},"geometry":{"type":"Point","coordinates":[18423,27832]}},{"type":"Feature","properties":{"entityId":"1297036692773819151","name":"DESU Pine River Warehouse","tier":2,"has_bank":1,"has_market":0,"has_waystone":0},"geometry":{"type":"Point","coordinates":[18277,27599]}},{"type":"Feature","properties":{"entityId":"1297036692705871979","name":"duckyme ocean port","tier":2,"has_bank":1,"has_market":0,"has_waystone":0},"geometry":{"type":"Point","coordinates":[21506,23794]}},{"type":"Feature","properties":{"entityId":"1297036692705881383","name":"Lake Ocean View","tier":5,"has_bank":1,"has_market":1,"has_waystone":1},"geometry":{"type":"Point","coordinates":[21524,28348]}},{"type":"Feature","properties":{"entityId":"1297036692742061513","name":"KUMAMOMO","tier":3,"has_bank":1,"has_market":0,"has_waystone":0},"geometry":{"type":"Point","coordinates":[16326,27480]}},{"type":"Feature","properties":{"entityId":"1297036692705988263","name":"Kaels T4 Ore Emporium","tier":5,"has_bank":1,"has_market":0,"has_waystone":1},"geometry":{"type":"Point","coordinates":[15882,23902]}},{"type":"Feature","properties":{"entityId":"1297036692725631227","name":"Silverlight","tier":4,"has_bank":1,"has_market":0,"has_waystone":1},"geometry":{"type":"Point","coordinates":[16191,29332]}},{"type":"Feature","properties":{"entityId":"1297036692706048034","name":"Farment","tier":2,"has_bank":1,"has_market":0,"has_waystone":1},"geometry":{"type":"Point","coordinates":[20059,26266]}},{"type":"Feature","properties":{"entityId":"1297036692706825140","name":"Big DealVille","tier":5,"has_bank":1,"has_market":1,"has_waystone":1},"geometry":{"type":"Point","coordinates":[17301,25860]}},{"type":"Feature","properties":{"entityId":"1297036692768316484","name":"Orwell Acres","tier":2,"has_bank":1,"has_market":0,"has_waystone":0},"geometry":{"type":"Point","coordinates":[21331,25442]}},{"type":"Feature","properties":{"entityId":"1297036692773997007","name":"Claimed area (N: 8044, E: 7111)","tier":1,"has_bank":0,"has_market":0,"has_waystone":0},"geometry":{"type":"Point","coordinates":[21334,24132]}},{"type":"Feature","properties":{"entityId":"1297036692733337052","name":"Alistad","tier":2,"has_bank":1,"has_market":0,"has_waystone":0},"geometry":{"type":"Point","coordinates":[21572,25376]}},{"type":"Feature","properties":{"entityId":"1297036692707089099","name":"Utopia T3 Mine","tier":4,"has_bank":1,"has_market":1,"has_waystone":1},"geometry":{"type":"Point","coordinates":[21382,29242]}},{"type":"Feature","properties":{"entityId":"1297036692714916055","name":"NachtHexen","tier":4,"has_bank":1,"has_market":0,"has_waystone":1},"geometry":{"type":"Point","coordinates":[22617,29439]}},{"type":"Feature","properties":{"entityId":"1297036692707260705","name":"Deepfork Estuary","tier":4,"has_bank":1,"has_market":0,"has_waystone":1},"geometry":{"type":"Point","coordinates":[17100,27604]}},{"type":"Feature","properties":{"entityId":"1297036692725798025","name":"DESU Waffle House T3 Dungeon","tier":2,"has_bank":1,"has_market":0,"has_waystone":1},"geometry":{"type":"Point","coordinates":[16887,26407]}},{"type":"Feature","properties":{"entityId":"1297036692707408806","name":"Sparrows Nest","tier":3,"has_bank":1,"has_market":0,"has_waystone":1},"geometry":{"type":"Point","coordinates":[21907,28699]}},{"type":"Feature","properties":{"entityId":"1297036692756282969","name":"DESU Boardwalk","tier":3,"has_bank":1,"has_market":0,"has_waystone":0},"geometry":{"type":"Point","coordinates":[18140,25922]}},{"type":"Feature","properties":{"entityId":"1297036692720374623","name":"Natures Storage","tier":2,"has_bank":1,"has_market":0,"has_waystone":0},"geometry":{"type":"Point","coordinates":[22601,25971]}},{"type":"Feature","properties":{"entityId":"1297036692707515795","name":"yes","tier":3,"has_bank":1,"has_market":0,"has_waystone":1},"geometry":{"type":"Point","coordinates":[22283,28516]}},{"type":"Feature","properties":{"entityId":"1297036692707619818","name":"Bithafen","tier":2,"has_bank":0,"has_market":0,"has_waystone":0},"geometry":{"type":"Point","coordinates":[22303,25504]}},{"type":"Feature","properties":{"entityId":"1297036692707654015","name":"NRTOFF","tier":4,"has_bank":1,"has_market":0,"has_waystone":1},"geometry":{"type":"Point","coordinates":[17651,26457]}},{"type":"Feature","properties":{"entityId":"1297036692707683705","name":"city on the Neva","tier":6,"has_bank":1,"has_market":1,"has_waystone":1},"geometry":{"type":"Point","coordinates":[16813,27634]}},{"type":"Feature","properties":{"entityId":"1297036692707830938","name":"Lavendell Sakura","tier":3,"has_bank":1,"has_market":0,"has_waystone":0},"geometry":{"type":"Point","coordinates":[21215,24053]}},{"type":"Feature","properties":{"entityId":"1297036692707912770","name":"DESU Highland Port","tier":2,"has_bank":1,"has_market":0,"has_waystone":1},"geometry":{"type":"Point","coordinates":[17990,24054]}},{"type":"Feature","properties":{"entityId":"1297036692708090922","name":"Solos Oasis","tier":4,"has_bank":1,"has_market":0,"has_waystone":0},"geometry":{"type":"Point","coordinates":[22671,26040]}},{"type":"Feature","properties":{"entityId":"1297036692708297999","name":"Port Mourne","tier":5,"has_bank":1,"has_market":1,"has_waystone":1},"geometry":{"type":"Point","coordinates":[21288,29624]}},{"type":"Feature","properties":{"entityId":"1297036692761187441","name":"Bayfolk Farms","tier":2,"has_bank":0,"has_market":0,"has_waystone":0},"geometry":{"type":"Point","coordinates":[21179,25500]}},{"type":"Feature","properties":{"entityId":"1297036692708398216","name":"Peon Rebellion Shield Generator","tier":1,"has_bank":0,"has_market":0,"has_waystone":0},"geometry":{"type":"Point","coordinates":[17978,26174]}},{"type":"Feature","properties":{"entityId":"1297036692708388286","name":"Peon Rebellion HQ","tier":1,"has_bank":0,"has_market":0,"has_waystone":0},"geometry":{"type":"Point","coordinates":[17847,26175]}},{"type":"Feature","properties":{"entityId":"1297036692708508822","name":"DESU Sleepy Temple T5 Mine","tier":5,"has_bank":1,"has_market":0,"has_waystone":1},"geometry":{"type":"Point","coordinates":[16861,24929]}},{"type":"Feature","properties":{"entityId":"1297036692744250574","name":"Jackal Haven JP","tier":2,"has_bank":1,"has_market":0,"has_waystone":1},"geometry":{"type":"Point","coordinates":[17593,27056]}},{"type":"Feature","properties":{"entityId":"1297036692709000580","name":"Dorkshire","tier":5,"has_bank":1,"has_market":1,"has_waystone":1},"geometry":{"type":"Point","coordinates":[21092,25168]}},{"type":"Feature","properties":{"entityId":"1297036692709134246","name":"Ole DriftWood Gulch","tier":4,"has_bank":1,"has_market":0,"has_waystone":1},"geometry":{"type":"Point","coordinates":[16886,25576]}},{"type":"Feature","properties":{"entityId":"1297036692764505481","name":"Newtopia","tier":2,"has_bank":0,"has_market":0,"has_waystone":1},"geometry":{"type":"Point","coordinates":[18704,24050]}},{"type":"Feature","properties":{"entityId":"1297036692740542976","name":"Rock Gateway","tier":4,"has_bank":1,"has_market":0,"has_waystone":1},"geometry":{"type":"Point","coordinates":[16582,26049]}},{"type":"Feature","properties":{"entityId":"1297036692709549668","name":"Jimstown","tier":5,"has_bank":1,"has_market":0,"has_waystone":1},"geometry":{"type":"Point","coordinates":[20290,28205]}},{"type":"Feature","properties":{"entityId":"1297036692709579777","name":"First light","tier":2,"has_bank":1,"has_market":0,"has_waystone":0},"geometry":{"type":"Point","coordinates":[19998,25360]}},{"type":"Feature","properties":{"entityId":"1297036692709783614","name":"Camelot","tier":2,"has_bank":0,"has_market":0,"has_waystone":1},"geometry":{"type":"Point","coordinates":[20496,30403]}},{"type":"Feature","properties":{"entityId":"1297036692723603932","name":"Rock Hard Brotherhood","tier":6,"has_bank":1,"has_market":0,"has_waystone":1},"geometry":{"type":"Point","coordinates":[22443,27562]}},{"type":"Feature","properties":{"entityId":"1297036692733055654","name":"Little Louisiana","tier":3,"has_bank":0,"has_market":0,"has_waystone":0},"geometry":{"type":"Point","coordinates":[21724,28030]}},{"type":"Feature","properties":{"entityId":"1297036692767397299","name":"DESU Puppy Palace","tier":1,"has_bank":0,"has_market":0,"has_waystone":0},"geometry":{"type":"Point","coordinates":[19806,26787]}},{"type":"Feature","properties":{"entityId":"1297036692711024522","name":"Drachen Stahl","tier":4,"has_bank":1,"has_market":0,"has_waystone":1},"geometry":{"type":"Point","coordinates":[17971,24797]}},{"type":"Feature","properties":{"entityId":"1297036692711173616","name":"La Belle Province","tier":4,"has_bank":1,"has_market":0,"has_waystone":1},"geometry":{"type":"Point","coordinates":[20494,26758]}},{"type":"Feature","properties":{"entityId":"1297036692711239583","name":"Bishland","tier":4,"has_bank":1,"has_market":0,"has_waystone":1},"geometry":{"type":"Point","coordinates":[21098,28747]}},{"type":"Feature","properties":{"entityId":"1297036692730890734","name":"Resource Dungeon","tier":2,"has_bank":0,"has_market":0,"has_waystone":1},"geometry":{"type":"Point","coordinates":[19738,26229]}},{"type":"Feature","properties":{"entityId":"1297036692743303851","name":"Autumn Nights","tier":3,"has_bank":1,"has_market":0,"has_waystone":1},"geometry":{"type":"Point","coordinates":[21834,29146]}},{"type":"Feature","properties":{"entityId":"1297036692739119160","name":"ORE REFINING AT THE MINES T3","tier":3,"has_bank":1,"has_market":0,"has_waystone":1},"geometry":{"type":"Point","coordinates":[16508,28699]}},{"type":"Feature","properties":{"entityId":"1297036692761896513","name":"Town of Outcast","tier":3,"has_bank":1,"has_market":0,"has_waystone":0},"geometry":{"type":"Point","coordinates":[20507,28071]}},{"type":"Feature","properties":{"entityId":"1297036692756327098","name":"DESU Treasury","tier":3,"has_bank":0,"has_market":0,"has_waystone":0},"geometry":{"type":"Point","coordinates":[18006,26031]}},{"type":"Feature","properties":{"entityId":"1297036692711853047","name":"Kautokeino","tier":4,"has_bank":1,"has_market":0,"has_waystone":1},"geometry":{"type":"Point","coordinates":[19357,23997]}},{"type":"Feature","properties":{"entityId":"1297036692712025883","name":"Mystic R18","tier":3,"has_bank":0,"has_market":0,"has_waystone":0},"geometry":{"type":"Point","coordinates":[19466,25973]}},{"type":"Feature","properties":{"entityId":"1297036692738293374","name":"Meow Plantation","tier":2,"has_bank":0,"has_market":0,"has_waystone":0},"geometry":{"type":"Point","coordinates":[21517,27805]}},{"type":"Feature","properties":{"entityId":"1297036692712428884","name":"Velmoor","tier":5,"has_bank":1,"has_market":1,"has_waystone":1},"geometry":{"type":"Point","coordinates":[22345,26585]}},{"type":"Feature","properties":{"entityId":"1297036692766297065","name":"Kakurega","tier":2,"has_bank":1,"has_market":0,"has_waystone":1},"geometry":{"type":"Point","coordinates":[20807,24450]}},{"type":"Feature","properties":{"entityId":"1297036692738760218","name":"Ecbatana","tier":4,"has_bank":1,"has_market":0,"has_waystone":1},"geometry":{"type":"Point","coordinates":[17434,26083]}},{"type":"Feature","properties":{"entityId":"1297036692713121759","name":"Pineburg Processing","tier":4,"has_bank":1,"has_market":0,"has_waystone":1},"geometry":{"type":"Point","coordinates":[17495,27634]}},{"type":"Feature","properties":{"entityId":"1297036692763381978","name":"Dork on the Rocks","tier":4,"has_bank":1,"has_market":0,"has_waystone":1},"geometry":{"type":"Point","coordinates":[17884,24375]}},{"type":"Feature","properties":{"entityId":"1297036692738852942","name":"DESU Intersection","tier":2,"has_bank":1,"has_market":0,"has_waystone":1},"geometry":{"type":"Point","coordinates":[20567,25916]}},{"type":"Feature","properties":{"entityId":"1297036692735705033","name":"redledger","tier":4,"has_bank":1,"has_market":0,"has_waystone":1},"geometry":{"type":"Point","coordinates":[19744,28143]}},{"type":"Feature","properties":{"entityId":"1297036692768004269","name":"Bee 52 Hanger","tier":3,"has_bank":1,"has_market":0,"has_waystone":0},"geometry":{"type":"Point","coordinates":[21391,28953]}},{"type":"Feature","properties":{"entityId":"1297036692714484120","name":"Demeters Bounty","tier":4,"has_bank":1,"has_market":0,"has_waystone":1},"geometry":{"type":"Point","coordinates":[17504,25988]}},{"type":"Feature","properties":{"entityId":"1297036692744743455","name":"Awesometon","tier":2,"has_bank":1,"has_market":0,"has_waystone":0},"geometry":{"type":"Point","coordinates":[20611,26867]}},{"type":"Feature","properties":{"entityId":"1297036692763772337","name":"Blackwood","tier":2,"has_bank":1,"has_market":0,"has_waystone":0},"geometry":{"type":"Point","coordinates":[19413,24091]}},{"type":"Feature","properties":{"entityId":"1297036692715300104","name":"Heaven Cove","tier":4,"has_bank":1,"has_market":1,"has_waystone":1},"geometry":{"type":"Point","coordinates":[17463,25864]}},{"type":"Feature","properties":{"entityId":"1297036692772281342","name":"Claimed area (N: 8252, E: 6922)","tier":1,"has_bank":0,"has_market":0,"has_waystone":0},"geometry":{"type":"Point","coordinates":[20765,24755]}},{"type":"Feature","properties":{"entityId":"1297036692726915641","name":"Cataracts Leap","tier":3,"has_bank":0,"has_market":0,"has_waystone":1},"geometry":{"type":"Point","coordinates":[18411,24052]}},{"type":"Feature","properties":{"entityId":"1297036692759956432","name":"Claimed area (N: 8524, E: 6958)","tier":2,"has_bank":1,"has_market":0,"has_waystone":0},"geometry":{"type":"Point","coordinates":[20875,25572]}},{"type":"Feature","properties":{"entityId":"1297036692753897457","name":"Bumbeaux Pain and Feu","tier":2,"has_bank":1,"has_market":0,"has_waystone":0},"geometry":{"type":"Point","coordinates":[21171,25601]}},{"type":"Feature","properties":{"entityId":"1297036692746500237","name":"golden vale","tier":2,"has_bank":1,"has_market":0,"has_waystone":0},"geometry":{"type":"Point","coordinates":[22308,24050]}},{"type":"Feature","properties":{"entityId":"1297036692748514498","name":"REFUGIO","tier":3,"has_bank":1,"has_market":0,"has_waystone":0},"geometry":{"type":"Point","coordinates":[21664,26611]}},{"type":"Feature","properties":{"entityId":"1297036692738718710","name":"Erhenrang","tier":3,"has_bank":1,"has_market":0,"has_waystone":1},"geometry":{"type":"Point","coordinates":[21573,29639]}},{"type":"Feature","properties":{"entityId":"1297036692718119413","name":"Chocolate Chip N 9439 E 5505","tier":4,"has_bank":1,"has_market":1,"has_waystone":1},"geometry":{"type":"Point","coordinates":[16516,28316]}},{"type":"Feature","properties":{"entityId":"1297036692718134829","name":"Shinsekai","tier":3,"has_bank":1,"has_market":0,"has_waystone":1},"geometry":{"type":"Point","coordinates":[18898,24207]}},{"type":"Feature","properties":{"entityId":"1297036692773683727","name":"DESU Nature Reserve","tier":1,"has_bank":0,"has_market":0,"has_waystone":0},"geometry":{"type":"Point","coordinates":[18179,26147]}},{"type":"Feature","properties":{"entityId":"1297036692731705308","name":"Velden","tier":4,"has_bank":1,"has_market":0,"has_waystone":1},"geometry":{"type":"Point","coordinates":[15925,27355]}},{"type":"Feature","properties":{"entityId":"1297036692718490130","name":"The Owlpost","tier":3,"has_bank":1,"has_market":0,"has_waystone":1},"geometry":{"type":"Point","coordinates":[21480,26432]}},{"type":"Feature","properties":{"entityId":"1297036692718503704","name":"Dragon Steel","tier":2,"has_bank":1,"has_market":0,"has_waystone":1},"geometry":{"type":"Point","coordinates":[16456,29852]}},{"type":"Feature","properties":{"entityId":"1297036692767746550","name":"Svea","tier":3,"has_bank":1,"has_market":0,"has_waystone":0},"geometry":{"type":"Point","coordinates":[22897,27067]}},{"type":"Feature","properties":{"entityId":"1297036692720179494","name":"Riff Raff","tier":4,"has_bank":1,"has_market":0,"has_waystone":1},"geometry":{"type":"Point","coordinates":[22318,28175]}},{"type":"Feature","properties":{"entityId":"1297036692722356602","name":"JOJO fans city","tier":4,"has_bank":1,"has_market":1,"has_waystone":1},"geometry":{"type":"Point","coordinates":[20094,27929]}},{"type":"Feature","properties":{"entityId":"1297036692722579951","name":"Solace Ridge","tier":4,"has_bank":1,"has_market":0,"has_waystone":1},"geometry":{"type":"Point","coordinates":[18103,29216]}},{"type":"Feature","properties":{"entityId":"1297036692766565409","name":"Joes Crap Shack","tier":1,"has_bank":0,"has_market":0,"has_waystone":0},"geometry":{"type":"Point","coordinates":[17352,25136]}},{"type":"Feature","properties":{"entityId":"1297036692726976777","name":"Purrsia Plantations","tier":3,"has_bank":0,"has_market":0,"has_waystone":0},"geometry":{"type":"Point","coordinates":[22705,27539]}},{"type":"Feature","properties":{"entityId":"1297036692727423775","name":"Poest Happy place","tier":2,"has_bank":0,"has_market":0,"has_waystone":1},"geometry":{"type":"Point","coordinates":[17811,28370]}},{"type":"Feature","properties":{"entityId":"1297036692729098925","name":"High Rock","tier":4,"has_bank":1,"has_market":0,"has_waystone":1},"geometry":{"type":"Point","coordinates":[18334,24453]}},{"type":"Feature","properties":{"entityId":"1297036692731019666","name":"Zapataria a la mode","tier":4,"has_bank":1,"has_market":1,"has_waystone":1},"geometry":{"type":"Point","coordinates":[21179,28465]}},{"type":"Feature","properties":{"entityId":"1297036692731101675","name":"Claimed area (N: 9421, E: 5931)","tier":2,"has_bank":0,"has_market":0,"has_waystone":0},"geometry":{"type":"Point","coordinates":[17793,28262]}},{"type":"Feature","properties":{"entityId":"1297036692731649652","name":"Beaver Bay","tier":6,"has_bank":1,"has_market":1,"has_waystone":1},"geometry":{"type":"Point","coordinates":[22302,29467]}},{"type":"Feature","properties":{"entityId":"1297036692772301123","name":"Magyar Betyarok","tier":2,"has_bank":0,"has_market":0,"has_waystone":1},"geometry":{"type":"Point","coordinates":[22099,28845]}},{"type":"Feature","properties":{"entityId":"1297036692732706755","name":"Pura Phuri","tier":3,"has_bank":1,"has_market":0,"has_waystone":1},"geometry":{"type":"Point","coordinates":[18353,26683]}},{"type":"Feature","properties":{"entityId":"1297036692733416986","name":"POTHOLE PROPHETS HQ","tier":2,"has_bank":1,"has_market":0,"has_waystone":1},"geometry":{"type":"Point","coordinates":[18984,29838]}},{"type":"Feature","properties":{"entityId":"1297036692733452078","name":"Market Hub","tier":3,"has_bank":1,"has_market":0,"has_waystone":1},"geometry":{"type":"Point","coordinates":[19999,26705]}},{"type":"Feature","properties":{"entityId":"1297036692751180524","name":"Planet Vegeta","tier":2,"has_bank":1,"has_market":0,"has_waystone":1},"geometry":{"type":"Point","coordinates":[18101,26348]}},{"type":"Feature","properties":{"entityId":"1297036692733538613","name":"Beast Master Resort","tier":3,"has_bank":1,"has_market":0,"has_waystone":1},"geometry":{"type":"Point","coordinates":[22596,28791]}},{"type":"Feature","properties":{"entityId":"1297036692764482668","name":"DESU Popeyes Louisiana Kitchen","tier":1,"has_bank":0,"has_market":0,"has_waystone":0},"geometry":{"type":"Point","coordinates":[19854,24024]}},{"type":"Feature","properties":{"entityId":"1297036692733907583","name":"Caerbannog","tier":3,"has_bank":0,"has_market":0,"has_waystone":0},"geometry":{"type":"Point","coordinates":[20789,28508]}},{"type":"Feature","properties":{"entityId":"1297036692742165736","name":"Inferness","tier":6,"has_bank":1,"has_market":1,"has_waystone":1},"geometry":{"type":"Point","coordinates":[21847,23774]}},{"type":"Feature","properties":{"entityId":"1297036692771611001","name":"DESU Jakyl Farm","tier":1,"has_bank":0,"has_market":0,"has_waystone":1},"geometry":{"type":"Point","coordinates":[19044,24661]}},{"type":"Feature","properties":{"entityId":"1297036692755516858","name":"Lavendell Forest","tier":1,"has_bank":0,"has_market":0,"has_waystone":0},"geometry":{"type":"Point","coordinates":[21371,24251]}},{"type":"Feature","properties":{"entityId":"1297036692773006029","name":"Claimed area (N: 9201, E: 6433)","tier":2,"has_bank":0,"has_market":0,"has_waystone":0},"geometry":{"type":"Point","coordinates":[19300,27604]}},{"type":"Feature","properties":{"entityId":"1297036692745171801","name":"Steam Family","tier":4,"has_bank":1,"has_market":1,"has_waystone":1},"geometry":{"type":"Point","coordinates":[22349,24662]}},{"type":"Feature","properties":{"entityId":"1297036692745258348","name":"Summer Sunset","tier":3,"has_bank":1,"has_market":0,"has_waystone":0},"geometry":{"type":"Point","coordinates":[21823,29254]}},{"type":"Feature","properties":{"entityId":"1297036692745419651","name":"Hardthome Pines","tier":4,"has_bank":1,"has_market":0,"has_waystone":1},"geometry":{"type":"Point","coordinates":[17067,28787]}},{"type":"Feature","properties":{"entityId":"1297036692746477052","name":"Atami","tier":3,"has_bank":1,"has_market":0,"has_waystone":1},"geometry":{"type":"Point","coordinates":[19018,27709]}},{"type":"Feature","properties":{"entityId":"1297036692746593987","name":"Shartington","tier":3,"has_bank":0,"has_market":0,"has_waystone":0},"geometry":{"type":"Point","coordinates":[21634,26107]}},{"type":"Feature","properties":{"entityId":"1297036692761665506","name":"Claimed area (N: 9168, E: 6072)","tier":2,"has_bank":1,"has_market":0,"has_waystone":0},"geometry":{"type":"Point","coordinates":[18216,27505]}},{"type":"Feature","properties":{"entityId":"1297036692748208920","name":"Nightshade","tier":3,"has_bank":1,"has_market":0,"has_waystone":1},"geometry":{"type":"Point","coordinates":[21353,23852]}},{"type":"Feature","properties":{"entityId":"1297036692749206903","name":"Khittomer","tier":3,"has_bank":1,"has_market":0,"has_waystone":0},"geometry":{"type":"Point","coordinates":[20966,27313]}},{"type":"Feature","properties":{"entityId":"1297036692750747950","name":"Autum Nights T2 Foundry","tier":2,"has_bank":1,"has_market":0,"has_waystone":0},"geometry":{"type":"Point","coordinates":[22080,29120]}},{"type":"Feature","properties":{"entityId":"1297036692751069649","name":"Claimed area (N: 8552, E: 6165)","tier":3,"has_bank":1,"has_market":0,"has_waystone":1},"geometry":{"type":"Point","coordinates":[18494,25656]}},{"type":"Feature","properties":{"entityId":"1297036692772148064","name":"Claimed area (N: 7961, E: 5445)","tier":1,"has_bank":0,"has_market":0,"has_waystone":0},"geometry":{"type":"Point","coordinates":[16336,23883]}},{"type":"Feature","properties":{"entityId":"1297036692760761548","name":"The Buttercup","tier":3,"has_bank":0,"has_market":0,"has_waystone":0},"geometry":{"type":"Point","coordinates":[21463,24273]}},{"type":"Feature","properties":{"entityId":"1297036692753686591","name":"DESU","tier":7,"has_bank":1,"has_market":1,"has_waystone":1},"geometry":{"type":"Point","coordinates":[18115,26030]}},{"type":"Feature","properties":{"entityId":"1297036692759067882","name":"DESU Riverside","tier":1,"has_bank":0,"has_market":0,"has_waystone":0},"geometry":{"type":"Point","coordinates":[18277,26090]}},{"type":"Feature","properties":{"entityId":"1297036692753942674","name":"Mineral Town","tier":4,"has_bank":1,"has_market":1,"has_waystone":1},"geometry":{"type":"Point","coordinates":[21969,24672]}},{"type":"Feature","properties":{"entityId":"1297036692767350620","name":"Banderbeaux","tier":2,"has_bank":1,"has_market":0,"has_waystone":0},"geometry":{"type":"Point","coordinates":[21078,26206]}},{"type":"Feature","properties":{"entityId":"1297036692758826001","name":"The Owls Den","tier":2,"has_bank":0,"has_market":0,"has_waystone":0},"geometry":{"type":"Point","coordinates":[21039,24778]}},{"type":"Feature","properties":{"entityId":"1297036692759161009","name":"Gingerbread Village","tier":3,"has_bank":1,"has_market":0,"has_waystone":1},"geometry":{"type":"Point","coordinates":[19349,28795]}},{"type":"Feature","properties":{"entityId":"1297036692756116782","name":"Numahara","tier":2,"has_bank":0,"has_market":0,"has_waystone":1},"geometry":{"type":"Point","coordinates":[21172,26974]}},{"type":"Feature","properties":{"entityId":"1297036692756008296","name":"Little Frogs and Pollywogs","tier":3,"has_bank":1,"has_market":0,"has_waystone":1},"geometry":{"type":"Point","coordinates":[20338,28404]}},{"type":"Feature","properties":{"entityId":"1297036692759001788","name":"Wisteria Shores","tier":4,"has_bank":1,"has_market":0,"has_waystone":1},"geometry":{"type":"Point","coordinates":[22561,29070]}},{"type":"Feature","properties":{"entityId":"1297036692760833860","name":"Claimed area (N: 8169, E: 7099)","tier":2,"has_bank":0,"has_market":0,"has_waystone":0},"geometry":{"type":"Point","coordinates":[21298,24507]}},{"type":"Feature","properties":{"entityId":"1297036692759267235","name":"Otuken","tier":3,"has_bank":0,"has_market":0,"has_waystone":0},"geometry":{"type":"Point","coordinates":[21135,24944]}},{"type":"Feature","properties":{"entityId":"1297036692761141421","name":"Magnolia Landing","tier":3,"has_bank":1,"has_market":0,"has_waystone":1},"geometry":{"type":"Point","coordinates":[21576,23874]}},{"type":"Feature","properties":{"entityId":"1297036692761143318","name":"Fisher Grove N 8942 E 7631","tier":2,"has_bank":1,"has_market":0,"has_waystone":0},"geometry":{"type":"Point","coordinates":[22892,26825]}},{"type":"Feature","properties":{"entityId":"1297036692765594666","name":"DESU Mountain Bridge Construction","tier":1,"has_bank":0,"has_market":0,"has_waystone":0},"geometry":{"type":"Point","coordinates":[18196,28554]}},{"type":"Feature","properties":{"entityId":"1297036692770849414","name":"Graenholmhavn","tier":2,"has_bank":0,"has_market":0,"has_waystone":0},"geometry":{"type":"Point","coordinates":[21332,24771]}},{"type":"Feature","properties":{"entityId":"1297036692761469070","name":"Claimed area (N: 8070, E: 6697)","tier":2,"has_bank":0,"has_market":0,"has_waystone":0},"geometry":{"type":"Point","coordinates":[20091,24209]}},{"type":"Feature","properties":{"entityId":"1297036692761601484","name":"DESU Grass Fed Emergency Rations","tier":2,"has_bank":0,"has_market":0,"has_waystone":1},"geometry":{"type":"Point","coordinates":[18591,25848]}},{"type":"Feature","properties":{"entityId":"1297036692762910730","name":"Pagpag Hill","tier":3,"has_bank":0,"has_market":0,"has_waystone":1},"geometry":{"type":"Point","coordinates":[19690,25083]}},{"type":"Feature","properties":{"entityId":"1297036692761776514","name":"DESU Boardwalk East","tier":1,"has_bank":0,"has_market":0,"has_waystone":0},"geometry":{"type":"Point","coordinates":[18270,25940]}},{"type":"Feature","properties":{"entityId":"1297036692762280066","name":"Timber Cove","tier":2,"has_bank":1,"has_market":0,"has_waystone":0},"geometry":{"type":"Point","coordinates":[20084,27514]}},{"type":"Feature","properties":{"entityId":"1297036692762407779","name":"The Shepherds Fold","tier":3,"has_bank":1,"has_market":0,"has_waystone":1},"geometry":{"type":"Point","coordinates":[20574,27693]}},{"type":"Feature","properties":{"entityId":"1297036692763379817","name":"Taco Town","tier":3,"has_bank":1,"has_market":0,"has_waystone":1},"geometry":{"type":"Point","coordinates":[22881,27244]}},{"type":"Feature","properties":{"entityId":"1297036692764050149","name":"O Deere","tier":4,"has_bank":1,"has_market":0,"has_waystone":1},"geometry":{"type":"Point","coordinates":[20939,29627]}},{"type":"Feature","properties":{"entityId":"1297036692764387499","name":"SAKURA Village","tier":3,"has_bank":1,"has_market":0,"has_waystone":1},"geometry":{"type":"Point","coordinates":[21473,29750]}},{"type":"Feature","properties":{"entityId":"1297036692769589903","name":"Garden of Grace","tier":2,"has_bank":0,"has_market":0,"has_waystone":0},"geometry":{"type":"Point","coordinates":[20622,24489]}},{"type":"Feature","properties":{"entityId":"1297036692764632740","name":"Tomba Bay","tier":3,"has_bank":0,"has_market":0,"has_waystone":0},"geometry":{"type":"Point","coordinates":[16977,27132]}},{"type":"Feature","properties":{"entityId":"1297036692767759430","name":"Claimed area (N: 8505, E: 7027)","tier":1,"has_bank":0,"has_market":0,"has_waystone":0},"geometry":{"type":"Point","coordinates":[21082,25514]}},{"type":"Feature","properties":{"entityId":"1297036692770007524","name":"NOC Silverpine Harbor","tier":5,"has_bank":1,"has_market":0,"has_waystone":1},"geometry":{"type":"Point","coordinates":[18230,30073]}},{"type":"Feature","properties":{"entityId":"1369094286737189255","name":"LunarBound","tier":6,"has_bank":1,"has_market":1,"has_waystone":1},"geometry":{"type":"Point","coordinates":[27361,23715]}},{"type":"Feature","properties":{"entityId":"1369094286737208179","name":"Fluffy Unicorn","tier":7,"has_bank":1,"has_market":1,"has_waystone":1},"geometry":{"type":"Point","coordinates":[23572,28321]}},{"type":"Feature","properties":{"entityId":"1369094286737271887","name":"Pandoria","tier":6,"has_bank":1,"has_market":1,"has_waystone":1},"geometry":{"type":"Point","coordinates":[24103,28750]}},{"type":"Feature","properties":{"entityId":"1369094286737279821","name":"Blackwater Hollow T5 cave","tier":7,"has_bank":1,"has_market":1,"has_waystone":1},"geometry":{"type":"Point","coordinates":[23656,25112]}},{"type":"Feature","properties":{"entityId":"1369094286737286086","name":"Ba Sing Se","tier":8,"has_bank":1,"has_market":1,"has_waystone":1},"geometry":{"type":"Point","coordinates":[28268,24054]}},{"type":"Feature","properties":{"entityId":"1369094286798808734","name":"Gaea","tier":2,"has_bank":0,"has_market":0,"has_waystone":0},"geometry":{"type":"Point","coordinates":[27137,27186]}},{"type":"Feature","properties":{"entityId":"1369094286737410646","name":"Herebeorg","tier":6,"has_bank":1,"has_market":1,"has_waystone":1},"geometry":{"type":"Point","coordinates":[26313,29940]}},{"type":"Feature","properties":{"entityId":"1369094286737574129","name":"The Root","tier":7,"has_bank":1,"has_market":1,"has_waystone":1},"geometry":{"type":"Point","coordinates":[27747,24981]}},{"type":"Feature","properties":{"entityId":"1369094286737802982","name":"Moxtopia","tier":6,"has_bank":1,"has_market":1,"has_waystone":1},"geometry":{"type":"Point","coordinates":[25342,24891]}},{"type":"Feature","properties":{"entityId":"1369094286737941233","name":"Leviathans End T4 Rocky Garden","tier":5,"has_bank":1,"has_market":0,"has_waystone":1},"geometry":{"type":"Point","coordinates":[23490,26372]}},{"type":"Feature","properties":{"entityId":"1369094286738165519","name":"Fabios Forge","tier":5,"has_bank":1,"has_market":0,"has_waystone":1},"geometry":{"type":"Point","coordinates":[27556,25238]}},{"type":"Feature","properties":{"entityId":"1369094286739106500","name":"Tutorial Island","tier":5,"has_bank":1,"has_market":0,"has_waystone":1},"geometry":{"type":"Point","coordinates":[25812,24722]}},{"type":"Feature","properties":{"entityId":"1369094286738460866","name":"Bitsantinople","tier":7,"has_bank":1,"has_market":1,"has_waystone":1},"geometry":{"type":"Point","coordinates":[26265,24777]}},{"type":"Feature","properties":{"entityId":"1369094286778793519","name":"South T7 Dungeon","tier":2,"has_bank":1,"has_market":0,"has_waystone":1},"geometry":{"type":"Point","coordinates":[28821,26255]}},{"type":"Feature","properties":{"entityId":"1369094286738980358","name":"Pizza","tier":4,"has_bank":1,"has_market":1,"has_waystone":1},"geometry":{"type":"Point","coordinates":[27267,28960]}},{"type":"Feature","properties":{"entityId":"1369094286739093433","name":"Quostria","tier":5,"has_bank":1,"has_market":1,"has_waystone":1},"geometry":{"type":"Point","coordinates":[27936,29620]}},{"type":"Feature","properties":{"entityId":"1369094286739095753","name":"Mystic R19","tier":3,"has_bank":1,"has_market":0,"has_waystone":1},"geometry":{"type":"Point","coordinates":[27345,28027]}},{"type":"Feature","properties":{"entityId":"1369094286739211015","name":"Vandaine Cozy Core","tier":4,"has_bank":1,"has_market":1,"has_waystone":1},"geometry":{"type":"Point","coordinates":[26866,24476]}},{"type":"Feature","properties":{"entityId":"1369094286739220610","name":"BRICK","tier":7,"has_bank":1,"has_market":1,"has_waystone":1},"geometry":{"type":"Point","coordinates":[25906,26954]}},{"type":"Feature","properties":{"entityId":"1369094286739287811","name":"Cresting Falls Orchard","tier":4,"has_bank":1,"has_market":0,"has_waystone":1},"geometry":{"type":"Point","coordinates":[27906,25530]}},{"type":"Feature","properties":{"entityId":"1369094286739371165","name":"Atlantis","tier":5,"has_bank":1,"has_market":1,"has_waystone":1},"geometry":{"type":"Point","coordinates":[28010,25164]}},{"type":"Feature","properties":{"entityId":"1369094286766123988","name":"DHara","tier":3,"has_bank":0,"has_market":0,"has_waystone":0},"geometry":{"type":"Point","coordinates":[26071,29976]}},{"type":"Feature","properties":{"entityId":"1369094286739411914","name":"Xanten","tier":5,"has_bank":1,"has_market":1,"has_waystone":1},"geometry":{"type":"Point","coordinates":[27374,27642]}},{"type":"Feature","properties":{"entityId":"1369094286766532649","name":"T7 Mining Outpost","tier":2,"has_bank":0,"has_market":0,"has_waystone":1},"geometry":{"type":"Point","coordinates":[29526,29172]}},{"type":"Feature","properties":{"entityId":"1369094286739698895","name":"The Great Divide","tier":4,"has_bank":1,"has_market":0,"has_waystone":1},"geometry":{"type":"Point","coordinates":[28725,25029]}},{"type":"Feature","properties":{"entityId":"1369094286783925381","name":"Aetheris","tier":4,"has_bank":1,"has_market":1,"has_waystone":1},"geometry":{"type":"Point","coordinates":[27153,27671]}},{"type":"Feature","properties":{"entityId":"1369094286739732839","name":"CB Trading","tier":4,"has_bank":1,"has_market":1,"has_waystone":1},"geometry":{"type":"Point","coordinates":[27086,29030]}},{"type":"Feature","properties":{"entityId":"1369094286742544033","name":"Dragon Cove","tier":6,"has_bank":1,"has_market":1,"has_waystone":1},"geometry":{"type":"Point","coordinates":[27709,26945]}},{"type":"Feature","properties":{"entityId":"1369094286778847376","name":"Shadowhaven","tier":2,"has_bank":1,"has_market":0,"has_waystone":0},"geometry":{"type":"Point","coordinates":[27727,26565]}},{"type":"Feature","properties":{"entityId":"1369094286739991858","name":"Secret Tunnel T4 Elenvar Cave","tier":4,"has_bank":1,"has_market":0,"has_waystone":1},"geometry":{"type":"Point","coordinates":[29650,23781]}},{"type":"Feature","properties":{"entityId":"1369094286740226546","name":"Ost Gelon","tier":4,"has_bank":1,"has_market":1,"has_waystone":1},"geometry":{"type":"Point","coordinates":[26154,29414]}},{"type":"Feature","properties":{"entityId":"1369094286761061700","name":"Convenience R Us","tier":6,"has_bank":1,"has_market":1,"has_waystone":1},"geometry":{"type":"Point","coordinates":[27911,24468]}},{"type":"Feature","properties":{"entityId":"1369094286799049326","name":"Claimed area (N: 8948, E: 8531)","tier":2,"has_bank":0,"has_market":0,"has_waystone":0},"geometry":{"type":"Point","coordinates":[25591,26843]}},{"type":"Feature","properties":{"entityId":"1369094286740660091","name":"Varrock","tier":6,"has_bank":1,"has_market":1,"has_waystone":1},"geometry":{"type":"Point","coordinates":[26972,28802]}},{"type":"Feature","properties":{"entityId":"1369094286792482541","name":"Northeast Island","tier":4,"has_bank":1,"has_market":0,"has_waystone":0},"geometry":{"type":"Point","coordinates":[30130,28641]}},{"type":"Feature","properties":{"entityId":"1369094286741107298","name":"Walmart","tier":3,"has_bank":1,"has_market":0,"has_waystone":1},"geometry":{"type":"Point","coordinates":[25467,25534]}},{"type":"Feature","properties":{"entityId":"1369094286754375843","name":"The Badgermole Roars","tier":4,"has_bank":1,"has_market":1,"has_waystone":1},"geometry":{"type":"Point","coordinates":[27618,26034]}},{"type":"Feature","properties":{"entityId":"1369094286741194570","name":"Borinquen","tier":3,"has_bank":1,"has_market":0,"has_waystone":1},"geometry":{"type":"Point","coordinates":[23839,28047]}},{"type":"Feature","properties":{"entityId":"1369094286741926388","name":"Mystic Zephra Zen","tier":3,"has_bank":1,"has_market":0,"has_waystone":1},"geometry":{"type":"Point","coordinates":[26368,25264]}},{"type":"Feature","properties":{"entityId":"1369094286779663300","name":"Truckin Stop","tier":3,"has_bank":1,"has_market":0,"has_waystone":0},"geometry":{"type":"Point","coordinates":[25560,26148]}},{"type":"Feature","properties":{"entityId":"1369094286741860083","name":"Falador","tier":3,"has_bank":1,"has_market":0,"has_waystone":1},"geometry":{"type":"Point","coordinates":[27071,23415]}},{"type":"Feature","properties":{"entityId":"1369094286741945562","name":"Grindopolis","tier":4,"has_bank":1,"has_market":0,"has_waystone":1},"geometry":{"type":"Point","coordinates":[28131,25286]}},{"type":"Feature","properties":{"entityId":"1369094286742018535","name":"Caeles","tier":5,"has_bank":1,"has_market":0,"has_waystone":1},"geometry":{"type":"Point","coordinates":[25079,26741]}},{"type":"Feature","properties":{"entityId":"1369094286742057549","name":"Travelers Rest","tier":4,"has_bank":1,"has_market":1,"has_waystone":1},"geometry":{"type":"Point","coordinates":[28166,27255]}},{"type":"Feature","properties":{"entityId":"1369094286758277637","name":"Gruba","tier":5,"has_bank":1,"has_market":0,"has_waystone":1},"geometry":{"type":"Point","coordinates":[24848,23792]}},{"type":"Feature","properties":{"entityId":"1369094286742273972","name":"Tawerna u Dziadka","tier":2,"has_bank":1,"has_market":0,"has_waystone":0},"geometry":{"type":"Point","coordinates":[27448,27373]}},{"type":"Feature","properties":{"entityId":"1369094286742310481","name":"Mothergreen","tier":3,"has_bank":1,"has_market":0,"has_waystone":1},"geometry":{"type":"Point","coordinates":[27188,29218]}},{"type":"Feature","properties":{"entityId":"1369094286795378505","name":"Den of Weasels","tier":3,"has_bank":1,"has_market":0,"has_waystone":1},"geometry":{"type":"Point","coordinates":[29941,25381]}},{"type":"Feature","properties":{"entityId":"1369094286777412590","name":"Timbersteel Trade","tier":5,"has_bank":1,"has_market":1,"has_waystone":1},"geometry":{"type":"Point","coordinates":[27352,25192]}},{"type":"Feature","properties":{"entityId":"1369094286742545137","name":"Sanctuary of Varrock","tier":2,"has_bank":1,"has_market":0,"has_waystone":0},"geometry":{"type":"Point","coordinates":[26598,28043]}},{"type":"Feature","properties":{"entityId":"1369094286786969329","name":"T4 Fishing Outpost","tier":4,"has_bank":1,"has_market":0,"has_waystone":1},"geometry":{"type":"Point","coordinates":[24349,23997]}},{"type":"Feature","properties":{"entityId":"1369094286742566859","name":"Bungalow Bay","tier":3,"has_bank":1,"has_market":0,"has_waystone":1},"geometry":{"type":"Point","coordinates":[28199,24440]}},{"type":"Feature","properties":{"entityId":"1369094286760491059","name":"Krasivsk","tier":3,"has_bank":1,"has_market":0,"has_waystone":1},"geometry":{"type":"Point","coordinates":[29413,26916]}},{"type":"Feature","properties":{"entityId":"1369094286744163948","name":"HOPE Pine Outpost","tier":4,"has_bank":1,"has_market":0,"has_waystone":1},"geometry":{"type":"Point","coordinates":[27642,28398]}},{"type":"Feature","properties":{"entityId":"1369094286742966516","name":"arigatou village","tier":5,"has_bank":1,"has_market":1,"has_waystone":1},"geometry":{"type":"Point","coordinates":[25652,26165]}},{"type":"Feature","properties":{"entityId":"1369094286765439821","name":"Yu Dao T5 Cave","tier":5,"has_bank":1,"has_market":0,"has_waystone":1},"geometry":{"type":"Point","coordinates":[24897,24571]}},{"type":"Feature","properties":{"entityId":"1369094286765122424","name":"Broadwater Lock","tier":4,"has_bank":1,"has_market":0,"has_waystone":1},"geometry":{"type":"Point","coordinates":[27412,26248]}},{"type":"Feature","properties":{"entityId":"1369094286743069098","name":"Eryanor","tier":4,"has_bank":1,"has_market":0,"has_waystone":1},"geometry":{"type":"Point","coordinates":[25887,26308]}},{"type":"Feature","properties":{"entityId":"1369094286797954602","name":"Claimed area (N: 9549, E: 9190)","tier":2,"has_bank":0,"has_market":0,"has_waystone":0},"geometry":{"type":"Point","coordinates":[27571,28647]}},{"type":"Feature","properties":{"entityId":"1369094286743325063","name":"LoQuality","tier":6,"has_bank":1,"has_market":1,"has_waystone":1},"geometry":{"type":"Point","coordinates":[25805,25024]}},{"type":"Feature","properties":{"entityId":"1369094286757720616","name":"Bierkeller","tier":3,"has_bank":1,"has_market":0,"has_waystone":1},"geometry":{"type":"Point","coordinates":[28957,24873]}},{"type":"Feature","properties":{"entityId":"1369094286743452544","name":"Galts Mesa","tier":4,"has_bank":1,"has_market":0,"has_waystone":0},"geometry":{"type":"Point","coordinates":[23785,27387]}},{"type":"Feature","properties":{"entityId":"1369094286744480966","name":"Nekojima","tier":5,"has_bank":1,"has_market":0,"has_waystone":1},"geometry":{"type":"Point","coordinates":[28105,29841]}},{"type":"Feature","properties":{"entityId":"1369094286743524988","name":"O Estreito Sul","tier":5,"has_bank":1,"has_market":1,"has_waystone":1},"geometry":{"type":"Point","coordinates":[27756,24667]}},{"type":"Feature","properties":{"entityId":"1369094286744900494","name":"SUKIYAKI village","tier":3,"has_bank":1,"has_market":0,"has_waystone":1},"geometry":{"type":"Point","coordinates":[25376,28105]}},{"type":"Feature","properties":{"entityId":"1369094286795029897","name":"Red River","tier":3,"has_bank":1,"has_market":0,"has_waystone":0},"geometry":{"type":"Point","coordinates":[25329,25144]}},{"type":"Feature","properties":{"entityId":"1369094286744013934","name":"Akita","tier":3,"has_bank":1,"has_market":0,"has_waystone":1},"geometry":{"type":"Point","coordinates":[25936,30218]}},{"type":"Feature","properties":{"entityId":"1369094286784050334","name":"Slayers Landing","tier":1,"has_bank":0,"has_market":0,"has_waystone":1},"geometry":{"type":"Point","coordinates":[25884,24133]}},{"type":"Feature","properties":{"entityId":"1369094286744470536","name":"Tumulus","tier":5,"has_bank":1,"has_market":0,"has_waystone":1},"geometry":{"type":"Point","coordinates":[26541,28362]}},{"type":"Feature","properties":{"entityId":"1369094286787890157","name":"Lakeview Settlement","tier":3,"has_bank":1,"has_market":0,"has_waystone":0},"geometry":{"type":"Point","coordinates":[24769,27121]}},{"type":"Feature","properties":{"entityId":"1369094286746635772","name":"Dunboros Rest","tier":2,"has_bank":1,"has_market":0,"has_waystone":0},"geometry":{"type":"Point","coordinates":[26465,26726]}},{"type":"Feature","properties":{"entityId":"1369094286745183775","name":"German Empire","tier":3,"has_bank":1,"has_market":0,"has_waystone":0},"geometry":{"type":"Point","coordinates":[26242,26504]}},{"type":"Feature","properties":{"entityId":"1369094286745218663","name":"Genova","tier":4,"has_bank":1,"has_market":0,"has_waystone":1},"geometry":{"type":"Point","coordinates":[26613,28147]}},{"type":"Feature","properties":{"entityId":"1369094286800134054","name":"Claimed area (N: 8980, E: 8354)","tier":2,"has_bank":0,"has_market":0,"has_waystone":0},"geometry":{"type":"Point","coordinates":[25061,26939]}},{"type":"Feature","properties":{"entityId":"1369094286801048143","name":"Fernwick North R19","tier":2,"has_bank":0,"has_market":0,"has_waystone":0},"geometry":{"type":"Point","coordinates":[26109,28249]}},{"type":"Feature","properties":{"entityId":"1369094286745365689","name":"TROPA DO VASCO","tier":3,"has_bank":0,"has_market":0,"has_waystone":0},"geometry":{"type":"Point","coordinates":[27230,29092]}},{"type":"Feature","properties":{"entityId":"1369094286745396653","name":"Claimed area (N: 8474, E: 7816)","tier":5,"has_bank":1,"has_market":0,"has_waystone":1},"geometry":{"type":"Point","coordinates":[23448,25421]}},{"type":"Feature","properties":{"entityId":"1369094286745563162","name":"Hell et Nuts","tier":4,"has_bank":1,"has_market":0,"has_waystone":1},"geometry":{"type":"Point","coordinates":[27129,28531]}},{"type":"Feature","properties":{"entityId":"1369094286745850830","name":"Slow Life 2","tier":5,"has_bank":1,"has_market":0,"has_waystone":1},"geometry":{"type":"Point","coordinates":[27670,27338]}},{"type":"Feature","properties":{"entityId":"1369094286782448191","name":"Watchmakers station","tier":3,"has_bank":1,"has_market":0,"has_waystone":1},"geometry":{"type":"Point","coordinates":[27528,30110]}},{"type":"Feature","properties":{"entityId":"1369094286745983737","name":"Point Seclusion","tier":3,"has_bank":1,"has_market":0,"has_waystone":1},"geometry":{"type":"Point","coordinates":[28062,27661]}},{"type":"Feature","properties":{"entityId":"1369094286746392794","name":"Bunnings Warehouse","tier":3,"has_bank":1,"has_market":0,"has_waystone":1},"geometry":{"type":"Point","coordinates":[24439,24173]}},{"type":"Feature","properties":{"entityId":"1369094286766989624","name":"Hronrad","tier":2,"has_bank":1,"has_market":0,"has_waystone":0},"geometry":{"type":"Point","coordinates":[26275,30128]}},{"type":"Feature","properties":{"entityId":"1369094286746517799","name":"Bitxandria","tier":2,"has_bank":0,"has_market":0,"has_waystone":1},"geometry":{"type":"Point","coordinates":[28826,27697]}},{"type":"Feature","properties":{"entityId":"1369094286746524671","name":"Holding Hands at T6 Rathium Cave","tier":6,"has_bank":1,"has_market":0,"has_waystone":1},"geometry":{"type":"Point","coordinates":[29058,27261]}},{"type":"Feature","properties":{"entityId":"1369094286746617293","name":"Pinesburg","tier":4,"has_bank":1,"has_market":0,"has_waystone":1},"geometry":{"type":"Point","coordinates":[28563,27639]}},{"type":"Feature","properties":{"entityId":"1369094286746678232","name":"New HOPE","tier":3,"has_bank":1,"has_market":0,"has_waystone":1},"geometry":{"type":"Point","coordinates":[24916,24837]}},{"type":"Feature","properties":{"entityId":"1369094286785915982","name":"Doodle Town","tier":2,"has_bank":0,"has_market":0,"has_waystone":0},"geometry":{"type":"Point","coordinates":[26971,27505]}},{"type":"Feature","properties":{"entityId":"1369094286746906004","name":"Larange","tier":3,"has_bank":1,"has_market":0,"has_waystone":1},"geometry":{"type":"Point","coordinates":[24158,28134]}},{"type":"Feature","properties":{"entityId":"1369094286747168206","name":"Rabbits Foot","tier":2,"has_bank":0,"has_market":0,"has_waystone":0},"geometry":{"type":"Point","coordinates":[24759,23817]}},{"type":"Feature","properties":{"entityId":"1369094286783674643","name":"Bluebirds Rest","tier":2,"has_bank":1,"has_market":0,"has_waystone":1},"geometry":{"type":"Point","coordinates":[26286,24042]}},{"type":"Feature","properties":{"entityId":"1369094286747429492","name":"Lemonade Stand","tier":4,"has_bank":1,"has_market":0,"has_waystone":1},"geometry":{"type":"Point","coordinates":[27906,28278]}},{"type":"Feature","properties":{"entityId":"1369094286787995258","name":"Roads Untraveled","tier":4,"has_bank":1,"has_market":0,"has_waystone":1},"geometry":{"type":"Point","coordinates":[23750,25816]}},{"type":"Feature","properties":{"entityId":"1369094286790732781","name":"Loot City R9","tier":2,"has_bank":0,"has_market":0,"has_waystone":0},"geometry":{"type":"Point","coordinates":[25215,25104]}},{"type":"Feature","properties":{"entityId":"1369094286788434107","name":"Claimed area (N: 9203, E: 9221)","tier":2,"has_bank":1,"has_market":0,"has_waystone":0},"geometry":{"type":"Point","coordinates":[27663,27608]}},{"type":"Feature","properties":{"entityId":"1369094286790310157","name":"Mason Carpentry Dungeon","tier":2,"has_bank":1,"has_market":0,"has_waystone":1},"geometry":{"type":"Point","coordinates":[26931,25719]}},{"type":"Feature","properties":{"entityId":"1369094286791786490","name":"Shadowdale","tier":2,"has_bank":1,"has_market":0,"has_waystone":0},"geometry":{"type":"Point","coordinates":[25541,25705]}},{"type":"Feature","properties":{"entityId":"1369094286748229609","name":"The Stem","tier":4,"has_bank":1,"has_market":0,"has_waystone":1},"geometry":{"type":"Point","coordinates":[25043,25049]}},{"type":"Feature","properties":{"entityId":"1369094286748236988","name":"Pixiedust Outpost T4 Cave","tier":4,"has_bank":1,"has_market":0,"has_waystone":1},"geometry":{"type":"Point","coordinates":[25216,26267]}},{"type":"Feature","properties":{"entityId":"1369094286784825959","name":"Oolacile","tier":2,"has_bank":1,"has_market":0,"has_waystone":0},"geometry":{"type":"Point","coordinates":[25473,25002]}},{"type":"Feature","properties":{"entityId":"1369094286766698071","name":"The Eastern Frontier","tier":2,"has_bank":1,"has_market":0,"has_waystone":1},"geometry":{"type":"Point","coordinates":[29475,26626]}},{"type":"Feature","properties":{"entityId":"1369094286786086715","name":"Polish femboys","tier":2,"has_bank":0,"has_market":0,"has_waystone":0},"geometry":{"type":"Point","coordinates":[27500,27871]}},{"type":"Feature","properties":{"entityId":"1369094286749063475","name":"Gleann Aiteas","tier":3,"has_bank":0,"has_market":0,"has_waystone":0},"geometry":{"type":"Point","coordinates":[26768,28786]}},{"type":"Feature","properties":{"entityId":"1369094286749184197","name":"Guardian Post","tier":6,"has_bank":1,"has_market":0,"has_waystone":1},"geometry":{"type":"Point","coordinates":[25402,26730]}},{"type":"Feature","properties":{"entityId":"1369094286749769019","name":"HOPE Swamp Outpost","tier":5,"has_bank":1,"has_market":0,"has_waystone":1},"geometry":{"type":"Point","coordinates":[24571,26023]}},{"type":"Feature","properties":{"entityId":"1369094286749709485","name":"Fish hutte","tier":3,"has_bank":1,"has_market":0,"has_waystone":0},"geometry":{"type":"Point","coordinates":[26648,27051]}},{"type":"Feature","properties":{"entityId":"1369094286749848270","name":"Pinewood","tier":3,"has_bank":1,"has_market":0,"has_waystone":1},"geometry":{"type":"Point","coordinates":[28483,26049]}},{"type":"Feature","properties":{"entityId":"1369094286781336662","name":"Faith","tier":3,"has_bank":1,"has_market":0,"has_waystone":1},"geometry":{"type":"Point","coordinates":[26225,27251]}},{"type":"Feature","properties":{"entityId":"1369094286774846664","name":"LunarDocks","tier":3,"has_bank":0,"has_market":0,"has_waystone":0},"geometry":{"type":"Point","coordinates":[27399,23532]}},{"type":"Feature","properties":{"entityId":"1369094286787344568","name":"Claimed area (N: 8172, E: 7900)","tier":2,"has_bank":0,"has_market":0,"has_waystone":0},"geometry":{"type":"Point","coordinates":[23700,24516]}},{"type":"Feature","properties":{"entityId":"1369094286780075553","name":"The Starzone","tier":3,"has_bank":1,"has_market":0,"has_waystone":1},"geometry":{"type":"Point","coordinates":[28263,25685]}},{"type":"Feature","properties":{"entityId":"1369094286754624649","name":"Lowe Point","tier":4,"has_bank":0,"has_market":0,"has_waystone":0},"geometry":{"type":"Point","coordinates":[27702,25206]}},{"type":"Feature","properties":{"entityId":"1369094286752144696","name":"Fargo","tier":2,"has_bank":0,"has_market":0,"has_waystone":1},"geometry":{"type":"Point","coordinates":[29731,26730]}},{"type":"Feature","properties":{"entityId":"1369094286752258404","name":"NeverBerry","tier":3,"has_bank":1,"has_market":0,"has_waystone":1},"geometry":{"type":"Point","coordinates":[26883,26854]}},{"type":"Feature","properties":{"entityId":"1369094286752472394","name":"BANKARA","tier":4,"has_bank":1,"has_market":1,"has_waystone":1},"geometry":{"type":"Point","coordinates":[25952,25325]}},{"type":"Feature","properties":{"entityId":"1369094286753045175","name":"Grishlantis","tier":5,"has_bank":1,"has_market":1,"has_waystone":1},"geometry":{"type":"Point","coordinates":[27266,23475]}},{"type":"Feature","properties":{"entityId":"1369094286753181096","name":"Port Paisen","tier":4,"has_bank":1,"has_market":0,"has_waystone":1},"geometry":{"type":"Point","coordinates":[24444,29289]}},{"type":"Feature","properties":{"entityId":"1369094286778026274","name":"Luthadel","tier":3,"has_bank":1,"has_market":0,"has_waystone":1},"geometry":{"type":"Point","coordinates":[27426,24463]}},{"type":"Feature","properties":{"entityId":"1369094286753661760","name":"Whiskers outpost","tier":3,"has_bank":1,"has_market":0,"has_waystone":1},"geometry":{"type":"Point","coordinates":[27735,29258]}},{"type":"Feature","properties":{"entityId":"1369094286754141417","name":"Lunar Sentinel Slayer Camp","tier":2,"has_bank":1,"has_market":0,"has_waystone":1},"geometry":{"type":"Point","coordinates":[26314,24244]}},{"type":"Feature","properties":{"entityId":"1369094286755574821","name":"The Fire Nation T7 Cave and Forage","tier":7,"has_bank":1,"has_market":0,"has_waystone":1},"geometry":{"type":"Point","coordinates":[28977,23905]}},{"type":"Feature","properties":{"entityId":"1369094286755703685","name":"Solaris","tier":4,"has_bank":1,"has_market":0,"has_waystone":1},"geometry":{"type":"Point","coordinates":[26999,24029]}},{"type":"Feature","properties":{"entityId":"1369094286776024036","name":"Catfish Lake","tier":5,"has_bank":1,"has_market":0,"has_waystone":1},"geometry":{"type":"Point","coordinates":[23926,27167]}},{"type":"Feature","properties":{"entityId":"1369094286757555424","name":"Northern Air Temple Ruins","tier":3,"has_bank":0,"has_market":0,"has_waystone":1},"geometry":{"type":"Point","coordinates":[29817,29820]}},{"type":"Feature","properties":{"entityId":"1369094286785975393","name":"Ironpine Cove T7 dungeon","tier":3,"has_bank":1,"has_market":0,"has_waystone":1},"geometry":{"type":"Point","coordinates":[27524,29450]}},{"type":"Feature","properties":{"entityId":"1369094286785728718","name":"New Ouroboros","tier":4,"has_bank":1,"has_market":0,"has_waystone":1},"geometry":{"type":"Point","coordinates":[28849,26637]}},{"type":"Feature","properties":{"entityId":"1369094286757920103","name":"HOPE Fields","tier":2,"has_bank":1,"has_market":0,"has_waystone":0},"geometry":{"type":"Point","coordinates":[25976,27019]}},{"type":"Feature","properties":{"entityId":"1369094286794086298","name":"Claimed area (N: 9464, E: 8644)","tier":2,"has_bank":0,"has_market":0,"has_waystone":0},"geometry":{"type":"Point","coordinates":[25931,28393]}},{"type":"Feature","properties":{"entityId":"1369094286798208057","name":"RedClay","tier":2,"has_bank":0,"has_market":0,"has_waystone":0},"geometry":{"type":"Point","coordinates":[26682,27307]}},{"type":"Feature","properties":{"entityId":"1369094286776869928","name":"Elbaph","tier":4,"has_bank":1,"has_market":0,"has_waystone":1},"geometry":{"type":"Point","coordinates":[26531,26877]}},{"type":"Feature","properties":{"entityId":"1369094286775403664","name":"The Jasmine Dragon","tier":4,"has_bank":1,"has_market":0,"has_waystone":1},"geometry":{"type":"Point","coordinates":[28156,24045]}},{"type":"Feature","properties":{"entityId":"1369094286762114811","name":"Russian trading house","tier":3,"has_bank":1,"has_market":0,"has_waystone":1},"geometry":{"type":"Point","coordinates":[28283,24303]}},{"type":"Feature","properties":{"entityId":"1369094286762234614","name":"Murwent","tier":4,"has_bank":1,"has_market":0,"has_waystone":1},"geometry":{"type":"Point","coordinates":[29106,23904]}},{"type":"Feature","properties":{"entityId":"1369094286791811489","name":"AzureRock Lake","tier":5,"has_bank":1,"has_market":0,"has_waystone":1},"geometry":{"type":"Point","coordinates":[24388,26289]}},{"type":"Feature","properties":{"entityId":"1369094286800581737","name":"Goida Mountain","tier":2,"has_bank":0,"has_market":0,"has_waystone":0},"geometry":{"type":"Point","coordinates":[28047,28950]}},{"type":"Feature","properties":{"entityId":"1369094286800522865","name":"Fire Nation Feeshery","tier":2,"has_bank":1,"has_market":0,"has_waystone":1},"geometry":{"type":"Point","coordinates":[29894,24174]}},{"type":"Feature","properties":{"entityId":"1369094286796970052","name":"Basileus Outpost","tier":2,"has_bank":0,"has_market":0,"has_waystone":1},"geometry":{"type":"Point","coordinates":[26529,25862]}},{"type":"Feature","properties":{"entityId":"1369094286793522488","name":"Apartment 7","tier":2,"has_bank":0,"has_market":0,"has_waystone":0},"geometry":{"type":"Point","coordinates":[26446,27370]}},{"type":"Feature","properties":{"entityId":"1369094286797691979","name":"Definitely Not A Cult","tier":2,"has_bank":0,"has_market":0,"has_waystone":1},"geometry":{"type":"Point","coordinates":[27320,24837]}},{"type":"Feature","properties":{"entityId":"1369094286767597184","name":"nootNOOT","tier":4,"has_bank":1,"has_market":0,"has_waystone":1},"geometry":{"type":"Point","coordinates":[24569,29281]}},{"type":"Feature","properties":{"entityId":"1369094286784201065","name":"Port Tresler","tier":2,"has_bank":1,"has_market":0,"has_waystone":1},"geometry":{"type":"Point","coordinates":[26459,26585]}},{"type":"Feature","properties":{"entityId":"1369094286767951041","name":"Claimed area (N: 8500, E: 9495)","tier":2,"has_bank":1,"has_market":0,"has_waystone":1},"geometry":{"type":"Point","coordinates":[28483,25499]}},{"type":"Feature","properties":{"entityId":"1369094286786182693","name":"Ravenholm","tier":3,"has_bank":1,"has_market":0,"has_waystone":1},"geometry":{"type":"Point","coordinates":[25228,29576]}},{"type":"Feature","properties":{"entityId":"1369094286769161745","name":"Bunn Haven","tier":2,"has_bank":1,"has_market":0,"has_waystone":1},"geometry":{"type":"Point","coordinates":[27794,24232]}},{"type":"Feature","properties":{"entityId":"1369094286797424404","name":"Claimed area (N: 9484, E: 8927)","tier":2,"has_bank":0,"has_market":0,"has_waystone":0},"geometry":{"type":"Point","coordinates":[26781,28451]}},{"type":"Feature","properties":{"entityId":"1369094286799975368","name":"shtshw empire","tier":2,"has_bank":0,"has_market":0,"has_waystone":0},"geometry":{"type":"Point","coordinates":[27290,26543]}},{"type":"Feature","properties":{"entityId":"1369094286770909192","name":"The Stem T5 cave outpost","tier":1,"has_bank":0,"has_market":0,"has_waystone":0},"geometry":{"type":"Point","coordinates":[24800,25346]}},{"type":"Feature","properties":{"entityId":"1369094286773070024","name":"Fort Bucketeer","tier":2,"has_bank":1,"has_market":0,"has_waystone":0},"geometry":{"type":"Point","coordinates":[28153,24147]}},{"type":"Feature","properties":{"entityId":"1369094286788634471","name":"Wrath","tier":2,"has_bank":1,"has_market":0,"has_waystone":0},"geometry":{"type":"Point","coordinates":[26092,27051]}},{"type":"Feature","properties":{"entityId":"1369094286793525755","name":"Claimed area (N: 8091, E: 8038)","tier":1,"has_bank":0,"has_market":0,"has_waystone":0},"geometry":{"type":"Point","coordinates":[24115,24273]}},{"type":"Feature","properties":{"entityId":"1369094286789706123","name":"SYN CITY","tier":3,"has_bank":1,"has_market":0,"has_waystone":1},"geometry":{"type":"Point","coordinates":[27172,28003]}},{"type":"Feature","properties":{"entityId":"1369094286797471781","name":"Area 66","tier":2,"has_bank":0,"has_market":0,"has_waystone":1},"geometry":{"type":"Point","coordinates":[23932,25067]}},{"type":"Feature","properties":{"entityId":"1369094286789850028","name":"Lunaris GER","tier":4,"has_bank":1,"has_market":0,"has_waystone":1},"geometry":{"type":"Point","coordinates":[25777,26966]}},{"type":"Feature","properties":{"entityId":"1369094286789875664","name":"Blackwater 2","tier":3,"has_bank":1,"has_market":0,"has_waystone":1},"geometry":{"type":"Point","coordinates":[29877,28141]}},{"type":"Feature","properties":{"entityId":"1369094286790264723","name":"CreamBuns","tier":2,"has_bank":0,"has_market":0,"has_waystone":0},"geometry":{"type":"Point","coordinates":[26804,29451]}},{"type":"Feature","properties":{"entityId":"1369094286792512031","name":"The Badgermole Delves","tier":2,"has_bank":0,"has_market":0,"has_waystone":0},"geometry":{"type":"Point","coordinates":[27901,26229]}},{"type":"Feature","properties":{"entityId":"1369094286792689132","name":"The Spirit Oasis","tier":3,"has_bank":1,"has_market":0,"has_waystone":0},"geometry":{"type":"Point","coordinates":[27745,24879]}},{"type":"Feature","properties":{"entityId":"1369094286798954315","name":"Gegemonia","tier":2,"has_bank":0,"has_market":0,"has_waystone":0},"geometry":{"type":"Point","coordinates":[26713,28372]}},{"type":"Feature","properties":{"entityId":"1369094286799059032","name":"Base of Operations","tier":2,"has_bank":0,"has_market":0,"has_waystone":0},"geometry":{"type":"Point","coordinates":[28344,24164]}}]}