[{"type":"Feature","properties":{"name":"Large Ferralith Cave (N: 2660, E: 3908)","size":2,"tier":1},"geometry":{"type":"Point","coordinates":[11724,7980]}},{"type":"Feature","properties":{"name":"Large Ferralith Cave (N: 2751, E: 3970)","size":2,"tier":1},"geometry":{"type":"Point","coordinates":[11912,8252]}},{"type":"Feature","properties":{"name":"Ferralith Cave (N: 2775, E: 3876)","size":1,"tier":1},"geometry":{"type":"Point","coordinates":[11629,8325]}},{"type":"Feature","properties":{"name":"Ferralith Cave (N: 2764, E: 3832)","size":1,"tier":1},"geometry":{"type":"Point","coordinates":[11494,8291]}},{"type":"Feature","properties":{"name":"Ferralith Cave (N: 2785, E: 3747)","size":1,"tier":1},"geometry":{"type":"Point","coordinates":[11243,8355]}},{"type":"Feature","properties":{"name":"Large Pyrelite Cave (N: 2792, E: 2869)","size":2,"tier":2},"geometry":{"type":"Point","coordinates":[8607,8375]}},{"type":"Feature","properties":{"name":"Ferralith Cave (N: 2818, E: 3837)","size":1,"tier":1},"geometry":{"type":"Point","coordinates":[11512,8455]}},{"type":"Feature","properties":{"name":"Large Rathium Cave (N: 2848, E: 4704)","size":2,"tier":6},"geometry":{"type":"Point","coordinates":[14110,8543]}},{"type":"Feature","properties":{"name":"Large Ferralith Cave (N: 2870, E: 3754)","size":2,"tier":1},"geometry":{"type":"Point","coordinates":[11261,8610]}},{"type":"Feature","properties":{"name":"Large Emarium Cave (N: 2857, E: 3248)","size":2,"tier":3},"geometry":{"type":"Point","coordinates":[9746,8572]}},{"type":"Feature","properties":{"name":"Ferralith Cave (N: 2870, E: 3850)","size":1,"tier":1},"geometry":{"type":"Point","coordinates":[11550,8609]}},{"type":"Feature","properties":{"name":"Large Ferralith Cave (N: 2868, E: 3934)","size":2,"tier":1},"geometry":{"type":"Point","coordinates":[11802,8603]}},{"type":"Feature","properties":{"name":"Large Ferralith Cave (N: 2904, E: 3645)","size":2,"tier":1},"geometry":{"type":"Point","coordinates":[10934,8713]}},{"type":"Feature","properties":{"name":"Large Pyrelite Cave (N: 2887, E: 2814)","size":2,"tier":2},"geometry":{"type":"Point","coordinates":[8442,8660]}},{"type":"Feature","properties":{"name":"Large Pyrelite Cave (N: 2938, E: 2729)","size":2,"tier":2},"geometry":{"type":"Point","coordinates":[8187,8815]}},{"type":"Feature","properties":{"name":"Large Ferralith Cave (N: 2956, E: 3717)","size":2,"tier":1},"geometry":{"type":"Point","coordinates":[11150,8868]}},{"type":"Feature","properties":{"name":"Large Ferralith Cave (N: 2954, E: 3840)","size":2,"tier":1},"geometry":{"type":"Point","coordinates":[11519,8862]}},{"type":"Feature","properties":{"name":"Large Pyrelite Cave (N: 2971, E: 3008)","size":2,"tier":2},"geometry":{"type":"Point","coordinates":[9024,8912]}},{"type":"Feature","properties":{"name":"Large Pyrelite Cave (N: 2955, E: 3346)","size":2,"tier":2},"geometry":{"type":"Point","coordinates":[10039,8864]}},{"type":"Feature","properties":{"name":"Large Ferralith Cave (N: 2953, E: 3564)","size":2,"tier":1},"geometry":{"type":"Point","coordinates":[10694,8858]}},{"type":"Feature","properties":{"name":"Large Ferralith Cave (N: 2949, E: 3985)","size":2,"tier":1},"geometry":{"type":"Point","coordinates":[11956,8846]}},{"type":"Feature","properties":{"name":"Large Ferralith Cave (N: 3026, E: 3916)","size":2,"tier":1},"geometry":{"type":"Point","coordinates":[11749,9078]}},{"type":"Feature","properties":{"name":"Large Emarium Cave (N: 3019, E: 2811)","size":2,"tier":3},"geometry":{"type":"Point","coordinates":[8436,9058]}},{"type":"Feature","properties":{"name":"Ferralith Cave (N: 3009, E: 3646)","size":1,"tier":1},"geometry":{"type":"Point","coordinates":[10941,9028]}},{"type":"Feature","properties":{"name":"Large Ferralith Cave (N: 3024, E: 4090)","size":2,"tier":1},"geometry":{"type":"Point","coordinates":[12269,9071]}},{"type":"Feature","properties":{"name":"Large Ferralith Cave (N: 3020, E: 4345)","size":2,"tier":1},"geometry":{"type":"Point","coordinates":[13034,9059]}},{"type":"Feature","properties":{"name":"Large Pyrelite Cave (N: 3047, E: 3410)","size":2,"tier":2},"geometry":{"type":"Point","coordinates":[10231,9140]}},{"type":"Feature","properties":{"name":"Large Emarium Cave (N: 3087, E: 2724)","size":2,"tier":3},"geometry":{"type":"Point","coordinates":[8174,9261]}},{"type":"Feature","properties":{"name":"Large Rathium Cave (N: 3077, E: 4760)","size":2,"tier":6},"geometry":{"type":"Point","coordinates":[14280,9231]}},{"type":"Feature","properties":{"name":"Ferralith Cave (N: 3101, E: 3809)","size":1,"tier":1},"geometry":{"type":"Point","coordinates":[11428,9304]}},{"type":"Feature","properties":{"name":"Large Pyrelite Cave (N: 3081, E: 2957)","size":2,"tier":2},"geometry":{"type":"Point","coordinates":[8873,9242]}},{"type":"Feature","properties":{"name":"Large Rathium Cave (N: 3081, E: 3204)","size":2,"tier":6},"geometry":{"type":"Point","coordinates":[9613,9242]}},{"type":"Feature","properties":{"name":"Large Ferralith Cave (N: 3114, E: 3654)","size":2,"tier":1},"geometry":{"type":"Point","coordinates":[10962,9342]}},{"type":"Feature","properties":{"name":"Ferralith Cave (N: 3119, E: 3857)","size":1,"tier":1},"geometry":{"type":"Point","coordinates":[11572,9357]}},{"type":"Feature","properties":{"name":"Large Ferralith Cave (N: 3134, E: 4122)","size":2,"tier":1},"geometry":{"type":"Point","coordinates":[12366,9403]}},{"type":"Feature","properties":{"name":"Ferralith Cave (N: 3107, E: 3741)","size":1,"tier":1},"geometry":{"type":"Point","coordinates":[11225,9320]}},{"type":"Feature","properties":{"name":"Large Ferralith Cave (N: 3117, E: 3980)","size":2,"tier":1},"geometry":{"type":"Point","coordinates":[11940,9350]}},{"type":"Feature","properties":{"name":"Large Emarium Cave (N: 3165, E: 3362)","size":2,"tier":3},"geometry":{"type":"Point","coordinates":[10089,9496]}},{"type":"Feature","properties":{"name":"Ferralith Cave (N: 3142, E: 3775)","size":1,"tier":1},"geometry":{"type":"Point","coordinates":[11324,9427]}},{"type":"Feature","properties":{"name":"Large Rathium Cave (N: 3139, E: 4945)","size":2,"tier":6},"geometry":{"type":"Point","coordinates":[14838,9418]}},{"type":"Feature","properties":{"name":"Ferralith Cave (N: 3167, E: 3725)","size":1,"tier":1},"geometry":{"type":"Point","coordinates":[11175,9500]}},{"type":"Feature","properties":{"name":"Large Pyrelite Cave (N: 3168, E: 2848)","size":2,"tier":2},"geometry":{"type":"Point","coordinates":[8545,9504]}},{"type":"Feature","properties":{"name":"Large Rathium Cave (N: 3169, E: 4593)","size":2,"tier":6},"geometry":{"type":"Point","coordinates":[13779,9507]}},{"type":"Feature","properties":{"name":"Ferralith Cave (N: 3171, E: 3837)","size":1,"tier":1},"geometry":{"type":"Point","coordinates":[11511,9512]}},{"type":"Feature","properties":{"name":"Ferralith Cave (N: 3191, E: 4383)","size":1,"tier":1},"geometry":{"type":"Point","coordinates":[13149,9572]}},{"type":"Feature","properties":{"name":"Large Pyrelite Cave (N: 3213, E: 2997)","size":2,"tier":2},"geometry":{"type":"Point","coordinates":[8992,9639]}},{"type":"Feature","properties":{"name":"Large Ferralith Cave (N: 3209, E: 3904)","size":2,"tier":1},"geometry":{"type":"Point","coordinates":[11712,9627]}},{"type":"Feature","properties":{"name":"Ferralith Cave (N: 3223, E: 3990)","size":1,"tier":1},"geometry":{"type":"Point","coordinates":[11972,9669]}},{"type":"Feature","properties":{"name":"Large Ferralith Cave (N: 3211, E: 3662)","size":2,"tier":1},"geometry":{"type":"Point","coordinates":[10987,9634]}},{"type":"Feature","properties":{"name":"Large Ferralith Cave (N: 3229, E: 3781)","size":2,"tier":1},"geometry":{"type":"Point","coordinates":[11344,9686]}},{"type":"Feature","properties":{"name":"Large Ferralith Cave (N: 3219, E: 4073)","size":2,"tier":1},"geometry":{"type":"Point","coordinates":[12220,9656]}},{"type":"Feature","properties":{"name":"Ferralith Cave (N: 3210, E: 4218)","size":1,"tier":1},"geometry":{"type":"Point","coordinates":[12653,9629]}},{"type":"Feature","properties":{"name":"Large Ferralith Cave (N: 3241, E: 4300)","size":2,"tier":1},"geometry":{"type":"Point","coordinates":[12902,9722]}},{"type":"Feature","properties":{"name":"Ferralith Cave (N: 3251, E: 4397)","size":1,"tier":1},"geometry":{"type":"Point","coordinates":[13193,9752]}},{"type":"Feature","properties":{"name":"Large Pyrelite Cave (N: 3290, E: 2912)","size":2,"tier":2},"geometry":{"type":"Point","coordinates":[8735,9870]}},{"type":"Feature","properties":{"name":"Large Ferralith Cave (N: 3279, E: 4156)","size":2,"tier":1},"geometry":{"type":"Point","coordinates":[12470,9837]}},{"type":"Feature","properties":{"name":"Large Ferralith Cave (N: 3286, E: 3725)","size":2,"tier":1},"geometry":{"type":"Point","coordinates":[11174,9859]}},{"type":"Feature","properties":{"name":"Ferralith Cave (N: 3286, E: 4364)","size":1,"tier":1},"geometry":{"type":"Point","coordinates":[13092,9859]}},{"type":"Feature","properties":{"name":"Large Pyrelite Cave (N: 3287, E: 3065)","size":2,"tier":2},"geometry":{"type":"Point","coordinates":[9196,9860]}},{"type":"Feature","properties":{"name":"Large Emarium Cave (N: 3287, E: 3322)","size":2,"tier":3},"geometry":{"type":"Point","coordinates":[9966,9860]}},{"type":"Feature","properties":{"name":"Ferralith Cave (N: 3265, E: 3847)","size":1,"tier":1},"geometry":{"type":"Point","coordinates":[11543,9794]}},{"type":"Feature","properties":{"name":"Ferralith Cave (N: 3275, E: 4000)","size":1,"tier":1},"geometry":{"type":"Point","coordinates":[12000,9824]}},{"type":"Feature","properties":{"name":"Ferralith Cave (N: 3326, E: 3827)","size":1,"tier":1},"geometry":{"type":"Point","coordinates":[11481,9978]}},{"type":"Feature","properties":{"name":"Ferralith Cave (N: 3321, E: 3952)","size":1,"tier":1},"geometry":{"type":"Point","coordinates":[11858,9963]}},{"type":"Feature","properties":{"name":"Large Pyrelite Cave (N: 3306, E: 3173)","size":2,"tier":2},"geometry":{"type":"Point","coordinates":[9518,9919]}},{"type":"Feature","properties":{"name":"Large Ferralith Cave (N: 3327, E: 4283)","size":2,"tier":1},"geometry":{"type":"Point","coordinates":[12851,9982]}},{"type":"Feature","properties":{"name":"Ferralith Cave (N: 3299, E: 4430)","size":1,"tier":1},"geometry":{"type":"Point","coordinates":[13291,9896]}},{"type":"Feature","properties":{"name":"Ferralith Cave (N: 3348, E: 4096)","size":1,"tier":1},"geometry":{"type":"Point","coordinates":[12289,10045]}},{"type":"Feature","properties":{"name":"Large Rathium Cave (N: 3342, E: 4853)","size":2,"tier":6},"geometry":{"type":"Point","coordinates":[14558,10027]}},{"type":"Feature","properties":{"name":"Ferralith Cave (N: 3334, E: 3896)","size":1,"tier":1},"geometry":{"type":"Point","coordinates":[11688,10001]}},{"type":"Feature","properties":{"name":"Ferralith Cave (N: 3330, E: 4036)","size":1,"tier":1},"geometry":{"type":"Point","coordinates":[12106,9989]}},{"type":"Feature","properties":{"name":"Ferralith Cave (N: 3338, E: 4370)","size":1,"tier":1},"geometry":{"type":"Point","coordinates":[13109,10013]}},{"type":"Feature","properties":{"name":"Ferralith Cave (N: 3384, E: 3560)","size":1,"tier":1},"geometry":{"type":"Point","coordinates":[10680,10152]}},{"type":"Feature","properties":{"name":"Large Ferralith Cave (N: 3387, E: 3750)","size":2,"tier":1},"geometry":{"type":"Point","coordinates":[11252,10161]}},{"type":"Feature","properties":{"name":"Large Ferralith Cave (N: 3378, E: 4167)","size":2,"tier":1},"geometry":{"type":"Point","coordinates":[12500,10134]}},{"type":"Feature","properties":{"name":"Large Ferralith Cave (N: 3372, E: 3651)","size":2,"tier":1},"geometry":{"type":"Point","coordinates":[10952,10117]}},{"type":"Feature","properties":{"name":"Ferralith Cave (N: 3379, E: 4408)","size":1,"tier":1},"geometry":{"type":"Point","coordinates":[13225,10138]}},{"type":"Feature","properties":{"name":"Large Rathium Cave (N: 3370, E: 4607)","size":2,"tier":6},"geometry":{"type":"Point","coordinates":[13822,10111]}},{"type":"Feature","properties":{"name":"Large Rathium Cave (N: 3416, E: 2744)","size":2,"tier":6},"geometry":{"type":"Point","coordinates":[8231,10248]}},{"type":"Feature","properties":{"name":"Large Pyrelite Cave (N: 3407, E: 3047)","size":2,"tier":2},"geometry":{"type":"Point","coordinates":[9142,10222]}},{"type":"Feature","properties":{"name":"Large Ferralith Cave (N: 3417, E: 3973)","size":2,"tier":1},"geometry":{"type":"Point","coordinates":[11922,10252]}},{"type":"Feature","properties":{"name":"Large Pyrelite Cave (N: 3420, E: 3204)","size":2,"tier":2},"geometry":{"type":"Point","coordinates":[9611,10259]}},{"type":"Feature","properties":{"name":"Large Emarium Cave (N: 3413, E: 3324)","size":2,"tier":3},"geometry":{"type":"Point","coordinates":[9973,10238]}},{"type":"Feature","properties":{"name":"Ferralith Cave (N: 3415, E: 4327)","size":1,"tier":1},"geometry":{"type":"Point","coordinates":[12981,10244]}},{"type":"Feature","properties":{"name":"Large Ferralith Cave (N: 3455, E: 4262)","size":2,"tier":1},"geometry":{"type":"Point","coordinates":[12787,10365]}},{"type":"Feature","properties":{"name":"Large Emarium Cave (N: 3454, E: 2946)","size":2,"tier":3},"geometry":{"type":"Point","coordinates":[8838,10363]}},{"type":"Feature","properties":{"name":"Ferralith Cave (N: 3437, E: 3565)","size":1,"tier":1},"geometry":{"type":"Point","coordinates":[10698,10312]}},{"type":"Feature","properties":{"name":"Large Ferralith Cave (N: 3444, E: 4066)","size":2,"tier":1},"geometry":{"type":"Point","coordinates":[12199,10333]}},{"type":"Feature","properties":{"name":"Large Ferralith Cave (N: 3471, E: 3707)","size":2,"tier":1},"geometry":{"type":"Point","coordinates":[11123,10412]}},{"type":"Feature","properties":{"name":"Large Pyrelite Cave (N: 3458, E: 3862)","size":2,"tier":2},"geometry":{"type":"Point","coordinates":[11586,10373]}},{"type":"Feature","properties":{"name":"Large Ferralith Cave (N: 3479, E: 4397)","size":2,"tier":1},"geometry":{"type":"Point","coordinates":[13193,10436]}},{"type":"Feature","properties":{"name":"Large Ferralith Cave (N: 3517, E: 3638)","size":2,"tier":1},"geometry":{"type":"Point","coordinates":[10915,10552]}},{"type":"Feature","properties":{"name":"Large Ferralith Cave (N: 3516, E: 3778)","size":2,"tier":1},"geometry":{"type":"Point","coordinates":[11333,10549]}},{"type":"Feature","properties":{"name":"Ferralith Cave (N: 3500, E: 3561)","size":1,"tier":1},"geometry":{"type":"Point","coordinates":[10682,10499]}},{"type":"Feature","properties":{"name":"Ferralith Cave (N: 3514, E: 4012)","size":1,"tier":1},"geometry":{"type":"Point","coordinates":[12035,10541]}},{"type":"Feature","properties":{"name":"Large Ferralith Cave (N: 3507, E: 4196)","size":2,"tier":1},"geometry":{"type":"Point","coordinates":[12588,10520]}},{"type":"Feature","properties":{"name":"Ferralith Cave (N: 3550, E: 3349)","size":1,"tier":1},"geometry":{"type":"Point","coordinates":[10047,10650]}},{"type":"Feature","properties":{"name":"Large Pyrelite Cave (N: 3551, E: 3144)","size":2,"tier":2},"geometry":{"type":"Point","coordinates":[9433,10654]}},{"type":"Feature","properties":{"name":"Large Ferralith Cave (N: 3546, E: 3474)","size":2,"tier":1},"geometry":{"type":"Point","coordinates":[10421,10639]}},{"type":"Feature","properties":{"name":"Ferralith Cave (N: 3522, E: 3960)","size":1,"tier":1},"geometry":{"type":"Point","coordinates":[11880,10567]}},{"type":"Feature","properties":{"name":"Large Ferralith Cave (N: 3547, E: 4286)","size":2,"tier":1},"geometry":{"type":"Point","coordinates":[12861,10642]}},{"type":"Feature","properties":{"name":"Ferralith Cave (N: 3545, E: 3291)","size":1,"tier":1},"geometry":{"type":"Point","coordinates":[9875,10634]}},{"type":"Feature","properties":{"name":"Ferralith Cave (N: 3540, E: 4067)","size":1,"tier":1},"geometry":{"type":"Point","coordinates":[12200,10619]}},{"type":"Feature","properties":{"name":"Large Rathium Cave (N: 3526, E: 4964)","size":2,"tier":6},"geometry":{"type":"Point","coordinates":[14890,10577]}},{"type":"Feature","properties":{"name":"Ferralith Cave (N: 3579, E: 3546)","size":1,"tier":1},"geometry":{"type":"Point","coordinates":[10639,10737]}},{"type":"Feature","properties":{"name":"Ferralith Cave (N: 3578, E: 4035)","size":1,"tier":1},"geometry":{"type":"Point","coordinates":[12105,10734]}},{"type":"Feature","properties":{"name":"Ferralith Cave (N: 3557, E: 4135)","size":1,"tier":1},"geometry":{"type":"Point","coordinates":[12406,10671]}},{"type":"Feature","properties":{"name":"Large Rathium Cave (N: 3575, E: 4665)","size":2,"tier":6},"geometry":{"type":"Point","coordinates":[13996,10725]}},{"type":"Feature","properties":{"name":"Large Ferralith Cave (N: 3571, E: 3716)","size":2,"tier":1},"geometry":{"type":"Point","coordinates":[11150,10714]}},{"type":"Feature","properties":{"name":"Ferralith Cave (N: 3581, E: 3869)","size":1,"tier":1},"geometry":{"type":"Point","coordinates":[11609,10744]}},{"type":"Feature","properties":{"name":"Large Emarium Cave (N: 3555, E: 3025)","size":2,"tier":3},"geometry":{"type":"Point","coordinates":[9075,10664]}},{"type":"Feature","properties":{"name":"Large Emarium Cave (N: 3615, E: 2884)","size":2,"tier":3},"geometry":{"type":"Point","coordinates":[8652,10845]}},{"type":"Feature","properties":{"name":"Ferralith Cave (N: 3594, E: 3320)","size":1,"tier":1},"geometry":{"type":"Point","coordinates":[9960,10782]}},{"type":"Feature","properties":{"name":"Ferralith Cave (N: 3611, E: 3373)","size":1,"tier":1},"geometry":{"type":"Point","coordinates":[10122,10834]}},{"type":"Feature","properties":{"name":"Large Ferralith Cave (N: 3608, E: 3796)","size":2,"tier":1},"geometry":{"type":"Point","coordinates":[11387,10825]}},{"type":"Feature","properties":{"name":"Ferralith Cave (N: 3594, E: 4097)","size":1,"tier":1},"geometry":{"type":"Point","coordinates":[12290,10783]}},{"type":"Feature","properties":{"name":"Ferralith Cave (N: 3602, E: 3634)","size":1,"tier":1},"geometry":{"type":"Point","coordinates":[10901,10805]}},{"type":"Feature","properties":{"name":"Large Ferralith Cave (N: 3600, E: 4392)","size":2,"tier":1},"geometry":{"type":"Point","coordinates":[13174,10799]}},{"type":"Feature","properties":{"name":"Large Ferralith Cave (N: 3628, E: 3976)","size":2,"tier":1},"geometry":{"type":"Point","coordinates":[11928,10884]}},{"type":"Feature","properties":{"name":"Large Ferralith Cave (N: 3637, E: 4184)","size":2,"tier":1},"geometry":{"type":"Point","coordinates":[12554,10911]}},{"type":"Feature","properties":{"name":"Large Ferralith Cave (N: 3656, E: 3570)","size":2,"tier":1},"geometry":{"type":"Point","coordinates":[10710,10968]}},{"type":"Feature","properties":{"name":"Ferralith Cave (N: 3629, E: 4059)","size":1,"tier":1},"geometry":{"type":"Point","coordinates":[12179,10886]}},{"type":"Feature","properties":{"name":"Large Emarium Cave (N: 3676, E: 3013)","size":2,"tier":3},"geometry":{"type":"Point","coordinates":[9038,11028]}},{"type":"Feature","properties":{"name":"Large Pyrelite Cave (N: 3660, E: 3126)","size":2,"tier":2},"geometry":{"type":"Point","coordinates":[9377,10980]}},{"type":"Feature","properties":{"name":"Ferralith Cave (N: 3664, E: 3336)","size":1,"tier":1},"geometry":{"type":"Point","coordinates":[10009,10992]}},{"type":"Feature","properties":{"name":"Large Ferralith Cave (N: 3655, E: 4295)","size":2,"tier":1},"geometry":{"type":"Point","coordinates":[12887,10965]}},{"type":"Feature","properties":{"name":"Ferralith Cave (N: 3648, E: 3510)","size":1,"tier":1},"geometry":{"type":"Point","coordinates":[10530,10945]}},{"type":"Feature","properties":{"name":"Large Ferralith Cave (N: 3690, E: 3444)","size":2,"tier":1},"geometry":{"type":"Point","coordinates":[10331,11070]}},{"type":"Feature","properties":{"name":"Ferralith Cave (N: 3709, E: 3612)","size":1,"tier":1},"geometry":{"type":"Point","coordinates":[10838,11127]}},{"type":"Feature","properties":{"name":"Large Ferralith Cave (N: 3694, E: 3919)","size":2,"tier":1},"geometry":{"type":"Point","coordinates":[11758,11082]}},{"type":"Feature","properties":{"name":"Ferralith Cave (N: 3696, E: 4392)","size":1,"tier":1},"geometry":{"type":"Point","coordinates":[13176,11088]}},{"type":"Feature","properties":{"name":"Large Rathium Cave (N: 3681, E: 4817)","size":2,"tier":6},"geometry":{"type":"Point","coordinates":[14451,11043]}},{"type":"Feature","properties":{"name":"Ferralith Cave (N: 3707, E: 4024)","size":1,"tier":1},"geometry":{"type":"Point","coordinates":[12074,11120]}},{"type":"Feature","properties":{"name":"Ferralith Cave (N: 3688, E: 4084)","size":1,"tier":1},"geometry":{"type":"Point","coordinates":[12251,11063]}},{"type":"Feature","properties":{"name":"Large Ferralith Cave (N: 3717, E: 3695)","size":2,"tier":1},"geometry":{"type":"Point","coordinates":[11085,11151]}},{"type":"Feature","properties":{"name":"Ferralith Cave (N: 3732, E: 3842)","size":1,"tier":1},"geometry":{"type":"Point","coordinates":[11527,11196]}},{"type":"Feature","properties":{"name":"Ferralith Cave (N: 3712, E: 3784)","size":1,"tier":1},"geometry":{"type":"Point","coordinates":[11353,11137]}},{"type":"Feature","properties":{"name":"Ferralith Cave (N: 3718, E: 4231)","size":1,"tier":1},"geometry":{"type":"Point","coordinates":[12691,11153]}},{"type":"Feature","properties":{"name":"Large Pyrelite Cave (N: 3762, E: 3087)","size":2,"tier":2},"geometry":{"type":"Point","coordinates":[9261,11286]}},{"type":"Feature","properties":{"name":"Ferralith Cave (N: 3752, E: 4371)","size":1,"tier":1},"geometry":{"type":"Point","coordinates":[13112,11256]}},{"type":"Feature","properties":{"name":"Large Ferralith Cave (N: 3753, E: 3373)","size":2,"tier":1},"geometry":{"type":"Point","coordinates":[10120,11260]}},{"type":"Feature","properties":{"name":"Ferralith Cave (N: 3751, E: 3522)","size":1,"tier":1},"geometry":{"type":"Point","coordinates":[10567,11254]}},{"type":"Feature","properties":{"name":"Ferralith Cave (N: 3767, E: 3967)","size":1,"tier":1},"geometry":{"type":"Point","coordinates":[11903,11300]}},{"type":"Feature","properties":{"name":"Ferralith Cave (N: 3746, E: 4275)","size":1,"tier":1},"geometry":{"type":"Point","coordinates":[12824,11237]}},{"type":"Feature","properties":{"name":"Large Emarium Cave (N: 3780, E: 2849)","size":2,"tier":3},"geometry":{"type":"Point","coordinates":[8547,11340]}},{"type":"Feature","properties":{"name":"Ferralith Cave (N: 3786, E: 3486)","size":1,"tier":1},"geometry":{"type":"Point","coordinates":[10458,11358]}},{"type":"Feature","properties":{"name":"Ferralith Cave (N: 3778, E: 3896)","size":1,"tier":1},"geometry":{"type":"Point","coordinates":[11689,11334]}},{"type":"Feature","properties":{"name":"Ferralith Cave (N: 3786, E: 3841)","size":1,"tier":1},"geometry":{"type":"Point","coordinates":[11524,11358]}},{"type":"Feature","properties":{"name":"Large Ferralith Cave (N: 3779, E: 4135)","size":2,"tier":1},"geometry":{"type":"Point","coordinates":[12405,11337]}},{"type":"Feature","properties":{"name":"Large Rathium Cave (N: 3786, E: 4609)","size":2,"tier":6},"geometry":{"type":"Point","coordinates":[13828,11358]}},{"type":"Feature","properties":{"name":"Large Ferralith Cave (N: 3800, E: 4041)","size":2,"tier":1},"geometry":{"type":"Point","coordinates":[12123,11401]}},{"type":"Feature","properties":{"name":"Large Emarium Cave (N: 3791, E: 3192)","size":2,"tier":3},"geometry":{"type":"Point","coordinates":[9578,11372]}},{"type":"Feature","properties":{"name":"Ferralith Cave (N: 3797, E: 3440)","size":1,"tier":1},"geometry":{"type":"Point","coordinates":[10320,11390]}},{"type":"Feature","properties":{"name":"Large Rathium Cave (N: 3791, E: 4963)","size":2,"tier":6},"geometry":{"type":"Point","coordinates":[14890,11372]}},{"type":"Feature","properties":{"name":"Large Pyrelite Cave (N: 3815, E: 3749)","size":2,"tier":2},"geometry":{"type":"Point","coordinates":[11249,11445]}},{"type":"Feature","properties":{"name":"Large Emarium Cave (N: 3827, E: 2963)","size":2,"tier":3},"geometry":{"type":"Point","coordinates":[8891,11480]}},{"type":"Feature","properties":{"name":"Large Pyrelite Cave (N: 3813, E: 3299)","size":2,"tier":2},"geometry":{"type":"Point","coordinates":[9898,11438]}},{"type":"Feature","properties":{"name":"Large Pyrelite Cave (N: 3811, E: 3594)","size":2,"tier":2},"geometry":{"type":"Point","coordinates":[10782,11432]}},{"type":"Feature","properties":{"name":"Ferralith Cave (N: 3820, E: 3963)","size":1,"tier":1},"geometry":{"type":"Point","coordinates":[11887,11459]}},{"type":"Feature","properties":{"name":"Ferralith Cave (N: 3863, E: 3668)","size":1,"tier":1},"geometry":{"type":"Point","coordinates":[11005,11589]}},{"type":"Feature","properties":{"name":"Ferralith Cave (N: 3843, E: 3920)","size":1,"tier":1},"geometry":{"type":"Point","coordinates":[11762,11529]}},{"type":"Feature","properties":{"name":"Large Ferralith Cave (N: 3876, E: 3844)","size":2,"tier":1},"geometry":{"type":"Point","coordinates":[11533,11628]}},{"type":"Feature","properties":{"name":"Ferralith Cave (N: 3887, E: 4031)","size":1,"tier":1},"geometry":{"type":"Point","coordinates":[12094,11661]}},{"type":"Feature","properties":{"name":"Large Ferralith Cave (N: 3876, E: 4179)","size":2,"tier":1},"geometry":{"type":"Point","coordinates":[12538,11629]}},{"type":"Feature","properties":{"name":"Large Rathium Cave (N: 3885, E: 4762)","size":2,"tier":6},"geometry":{"type":"Point","coordinates":[14288,11656]}},{"type":"Feature","properties":{"name":"Large Emarium Cave (N: 3900, E: 3049)","size":2,"tier":3},"geometry":{"type":"Point","coordinates":[9146,11699]}},{"type":"Feature","properties":{"name":"Ferralith Cave (N: 3895, E: 3984)","size":1,"tier":1},"geometry":{"type":"Point","coordinates":[11954,11684]}},{"type":"Feature","properties":{"name":"Ferralith Cave (N: 3914, E: 3628)","size":1,"tier":1},"geometry":{"type":"Point","coordinates":[10883,11742]}},{"type":"Feature","properties":{"name":"Ferralith Cave (N: 3920, E: 3781)","size":1,"tier":1},"geometry":{"type":"Point","coordinates":[11342,11759]}},{"type":"Feature","properties":{"name":"Large Ferralith Cave (N: 3933, E: 4119)","size":2,"tier":1},"geometry":{"type":"Point","coordinates":[12358,11798]}},{"type":"Feature","properties":{"name":"Ferralith Cave (N: 3940, E: 3932)","size":1,"tier":1},"geometry":{"type":"Point","coordinates":[11797,11821]}},{"type":"Feature","properties":{"name":"Ferralith Cave (N: 3960, E: 3850)","size":1,"tier":1},"geometry":{"type":"Point","coordinates":[11550,11881]}},{"type":"Feature","properties":{"name":"Large Pyrelite Cave (N: 3947, E: 2925)","size":2,"tier":2},"geometry":{"type":"Point","coordinates":[8777,11840]}},{"type":"Feature","properties":{"name":"Ferralith Cave (N: 3988, E: 3573)","size":1,"tier":1},"geometry":{"type":"Point","coordinates":[10720,11964]}},{"type":"Feature","properties":{"name":"Large Pyrelite Cave (N: 3969, E: 3704)","size":2,"tier":2},"geometry":{"type":"Point","coordinates":[11112,11907]}},{"type":"Feature","properties":{"name":"Ferralith Cave (N: 3993, E: 3794)","size":1,"tier":1},"geometry":{"type":"Point","coordinates":[11383,11980]}},{"type":"Feature","properties":{"name":"Large Ferralith Cave (N: 3974, E: 3252)","size":2,"tier":1},"geometry":{"type":"Point","coordinates":[9754,11921]}},{"type":"Feature","properties":{"name":"Ferralith Cave (N: 3974, E: 4014)","size":1,"tier":1},"geometry":{"type":"Point","coordinates":[12041,11921]}},{"type":"Feature","properties":{"name":"Ferralith Cave (N: 4024, E: 3869)","size":1,"tier":1},"geometry":{"type":"Point","coordinates":[11606,12073]}},{"type":"Feature","properties":{"name":"Ferralith Cave (N: 4028, E: 3620)","size":1,"tier":1},"geometry":{"type":"Point","coordinates":[10860,12083]}},{"type":"Feature","properties":{"name":"Large Ferralith Cave (N: 4051, E: 3176)","size":2,"tier":1},"geometry":{"type":"Point","coordinates":[9528,12153]}},{"type":"Feature","properties":{"name":"Large Ferralith Cave (N: 4035, E: 3950)","size":2,"tier":1},"geometry":{"type":"Point","coordinates":[11850,12105]}},{"type":"Feature","properties":{"name":"Ferralith Cave (N: 4060, E: 3581)","size":1,"tier":1},"geometry":{"type":"Point","coordinates":[10742,12181]}},{"type":"Feature","properties":{"name":"Ferralith Cave (N: 4057, E: 3821)","size":1,"tier":1},"geometry":{"type":"Point","coordinates":[11466,12172]}},{"type":"Feature","properties":{"name":"Large Pyrelite Cave (N: 4047, E: 4120)","size":2,"tier":2},"geometry":{"type":"Point","coordinates":[12362,12142]}},{"type":"Feature","properties":{"name":"Large Ferralith Cave (N: 4040, E: 3336)","size":2,"tier":1},"geometry":{"type":"Point","coordinates":[10007,12119]}},{"type":"Feature","properties":{"name":"Large Ferralith Cave (N: 4034, E: 3477)","size":2,"tier":1},"geometry":{"type":"Point","coordinates":[10430,12101]}},{"type":"Feature","properties":{"name":"Ferralith Cave (N: 4076, E: 3412)","size":1,"tier":1},"geometry":{"type":"Point","coordinates":[10237,12228]}},{"type":"Feature","properties":{"name":"Ferralith Cave (N: 4071, E: 3664)","size":1,"tier":1},"geometry":{"type":"Point","coordinates":[10992,12213]}},{"type":"Feature","properties":{"name":"Ferralith Cave (N: 4075, E: 3722)","size":1,"tier":1},"geometry":{"type":"Point","coordinates":[11166,12225]}},{"type":"Feature","properties":{"name":"Ferralith Cave (N: 4083, E: 3773)","size":1,"tier":1},"geometry":{"type":"Point","coordinates":[11319,12249]}},{"type":"Feature","properties":{"name":"Ferralith Cave (N: 4092, E: 3534)","size":1,"tier":1},"geometry":{"type":"Point","coordinates":[10602,12277]}},{"type":"Feature","properties":{"name":"Ferralith Cave (N: 4094, E: 3868)","size":1,"tier":1},"geometry":{"type":"Point","coordinates":[11604,12283]}},{"type":"Feature","properties":{"name":"Large Rathium Cave (N: 4093, E: 4841)","size":2,"tier":6},"geometry":{"type":"Point","coordinates":[14526,12280]}},{"type":"Feature","properties":{"name":"Ferralith Cave (N: 4089, E: 4014)","size":1,"tier":1},"geometry":{"type":"Point","coordinates":[12044,12266]}},{"type":"Feature","properties":{"name":"Large Ferralith Cave (N: 4081, E: 4211)","size":2,"tier":1},"geometry":{"type":"Point","coordinates":[12633,12242]}},{"type":"Feature","properties":{"name":"Ferralith Cave (N: 4122, E: 3673)","size":1,"tier":1},"geometry":{"type":"Point","coordinates":[11018,12366]}},{"type":"Feature","properties":{"name":"Large Rathium Cave (N: 4108, E: 4629)","size":2,"tier":6},"geometry":{"type":"Point","coordinates":[13886,12324]}},{"type":"Feature","properties":{"name":"Ferralith Cave (N: 4119, E: 3954)","size":1,"tier":1},"geometry":{"type":"Point","coordinates":[11863,12358]}},{"type":"Feature","properties":{"name":"Large Ferralith Cave (N: 4128, E: 3128)","size":2,"tier":1},"geometry":{"type":"Point","coordinates":[9384,12383]}},{"type":"Feature","properties":{"name":"Ferralith Cave (N: 4103, E: 3629)","size":1,"tier":1},"geometry":{"type":"Point","coordinates":[10887,12308]}},{"type":"Feature","properties":{"name":"Large Ferralith Cave (N: 4140, E: 3297)","size":2,"tier":1},"geometry":{"type":"Point","coordinates":[9891,12420]}},{"type":"Feature","properties":{"name":"Ferralith Cave (N: 4130, E: 3908)","size":1,"tier":1},"geometry":{"type":"Point","coordinates":[11725,12390]}},{"type":"Feature","properties":{"name":"Ferralith Cave (N: 4149, E: 3440)","size":1,"tier":1},"geometry":{"type":"Point","coordinates":[10323,12448]}},{"type":"Feature","properties":{"name":"Ferralith Cave (N: 4134, E: 3500)","size":1,"tier":1},"geometry":{"type":"Point","coordinates":[10501,12403]}},{"type":"Feature","properties":{"name":"Ferralith Cave (N: 4155, E: 3635)","size":1,"tier":1},"geometry":{"type":"Point","coordinates":[10907,12466]}},{"type":"Feature","properties":{"name":"Ferralith Cave (N: 4129, E: 3728)","size":1,"tier":1},"geometry":{"type":"Point","coordinates":[11187,12388]}},{"type":"Feature","properties":{"name":"Ferralith Cave (N: 4144, E: 4029)","size":1,"tier":1},"geometry":{"type":"Point","coordinates":[12086,12433]}},{"type":"Feature","properties":{"name":"Ferralith Cave (N: 4145, E: 3549)","size":1,"tier":1},"geometry":{"type":"Point","coordinates":[10648,12434]}},{"type":"Feature","properties":{"name":"Large Ferralith Cave (N: 4180, E: 3797)","size":2,"tier":1},"geometry":{"type":"Point","coordinates":[11390,12540]}},{"type":"Feature","properties":{"name":"Ferralith Cave (N: 4170, E: 3970)","size":1,"tier":1},"geometry":{"type":"Point","coordinates":[11909,12511]}},{"type":"Feature","properties":{"name":"Large Ferralith Cave (N: 4167, E: 3197)","size":2,"tier":1},"geometry":{"type":"Point","coordinates":[9593,12500]}},{"type":"Feature","properties":{"name":"Ferralith Cave (N: 4164, E: 3387)","size":1,"tier":1},"geometry":{"type":"Point","coordinates":[10161,12491]}},{"type":"Feature","properties":{"name":"Ferralith Cave (N: 4184, E: 3691)","size":1,"tier":1},"geometry":{"type":"Point","coordinates":[11071,12551]}},{"type":"Feature","properties":{"name":"Ferralith Cave (N: 4175, E: 4067)","size":1,"tier":1},"geometry":{"type":"Point","coordinates":[12202,12524]}},{"type":"Feature","properties":{"name":"Large Ferralith Cave (N: 4174, E: 4224)","size":2,"tier":1},"geometry":{"type":"Point","coordinates":[12670,12521]}},{"type":"Feature","properties":{"name":"Large Ferralith Cave (N: 4169, E: 4426)","size":2,"tier":1},"geometry":{"type":"Point","coordinates":[13278,12506]}},{"type":"Feature","properties":{"name":"Ferralith Cave (N: 4214, E: 3461)","size":1,"tier":1},"geometry":{"type":"Point","coordinates":[10383,12642]}},{"type":"Feature","properties":{"name":"Ferralith Cave (N: 4213, E: 3348)","size":1,"tier":1},"geometry":{"type":"Point","coordinates":[10046,12640]}},{"type":"Feature","properties":{"name":"Ferralith Cave (N: 4222, E: 3950)","size":1,"tier":1},"geometry":{"type":"Point","coordinates":[11851,12667]}},{"type":"Feature","properties":{"name":"Large Ferralith Cave (N: 4215, E: 3070)","size":2,"tier":1},"geometry":{"type":"Point","coordinates":[9212,12644]}},{"type":"Feature","properties":{"name":"Ferralith Cave (N: 4217, E: 3538)","size":1,"tier":1},"geometry":{"type":"Point","coordinates":[10614,12650]}},{"type":"Feature","properties":{"name":"Large Ferralith Cave (N: 4235, E: 3263)","size":2,"tier":1},"geometry":{"type":"Point","coordinates":[9790,12705]}},{"type":"Feature","properties":{"name":"Large Ferralith Cave (N: 4228, E: 3860)","size":2,"tier":1},"geometry":{"type":"Point","coordinates":[11581,12684]}},{"type":"Feature","properties":{"name":"Ferralith Cave (N: 4252, E: 3416)","size":1,"tier":1},"geometry":{"type":"Point","coordinates":[10248,12757]}},{"type":"Feature","properties":{"name":"Large Ferralith Cave (N: 4241, E: 3147)","size":2,"tier":1},"geometry":{"type":"Point","coordinates":[9442,12722]}},{"type":"Feature","properties":{"name":"Ferralith Cave (N: 4254, E: 3506)","size":1,"tier":1},"geometry":{"type":"Point","coordinates":[10516,12761]}},{"type":"Feature","properties":{"name":"Large Pyrelite Cave (N: 4257, E: 3626)","size":2,"tier":2},"geometry":{"type":"Point","coordinates":[10878,12771]}},{"type":"Feature","properties":{"name":"Large Pyrelite Cave (N: 4268, E: 4299)","size":2,"tier":2},"geometry":{"type":"Point","coordinates":[12897,12804]}},{"type":"Feature","properties":{"name":"Large Ferralith Cave (N: 4272, E: 3010)","size":2,"tier":1},"geometry":{"type":"Point","coordinates":[9031,12817]}},{"type":"Feature","properties":{"name":"Large Ferralith Cave (N: 4282, E: 3748)","size":2,"tier":1},"geometry":{"type":"Point","coordinates":[11242,12845]}},{"type":"Feature","properties":{"name":"Large Pyrelite Cave (N: 4313, E: 2731)","size":2,"tier":2},"geometry":{"type":"Point","coordinates":[8193,12939]}},{"type":"Feature","properties":{"name":"Large Ferralith Cave (N: 4350, E: 3524)","size":2,"tier":1},"geometry":{"type":"Point","coordinates":[10573,13050]}},{"type":"Feature","properties":{"name":"Large Pyrelite Cave (N: 4322, E: 4137)","size":2,"tier":2},"geometry":{"type":"Point","coordinates":[12410,12966]}},{"type":"Feature","properties":{"name":"Large Ferralith Cave (N: 4321, E: 3345)","size":2,"tier":1},"geometry":{"type":"Point","coordinates":[10037,12964]}},{"type":"Feature","properties":{"name":"Large Ferralith Cave (N: 4324, E: 3819)","size":2,"tier":1},"geometry":{"type":"Point","coordinates":[11457,12973]}},{"type":"Feature","properties":{"name":"Large Pyrelite Cave (N: 4338, E: 4040)","size":2,"tier":2},"geometry":{"type":"Point","coordinates":[12120,13015]}},{"type":"Feature","properties":{"name":"Ferralith Cave (N: 4321, E: 3092)","size":1,"tier":1},"geometry":{"type":"Point","coordinates":[9277,12962]}},{"type":"Feature","properties":{"name":"Large Ferralith Cave (N: 4329, E: 3239)","size":2,"tier":1},"geometry":{"type":"Point","coordinates":[9719,12986]}},{"type":"Feature","properties":{"name":"Ferralith Cave (N: 4327, E: 3444)","size":1,"tier":1},"geometry":{"type":"Point","coordinates":[10334,12980]}},{"type":"Feature","properties":{"name":"Large Pyrelite Cave (N: 4324, E: 3928)","size":2,"tier":2},"geometry":{"type":"Point","coordinates":[11782,12971]}},{"type":"Feature","properties":{"name":"Large Pyrelite Cave (N: 4381, E: 2997)","size":2,"tier":2},"geometry":{"type":"Point","coordinates":[8993,13143]}},{"type":"Feature","properties":{"name":"Large Pyrelite Cave (N: 4353, E: 3682)","size":2,"tier":2},"geometry":{"type":"Point","coordinates":[11047,13060]}},{"type":"Feature","properties":{"name":"Large Ferralith Cave (N: 4392, E: 3176)","size":2,"tier":1},"geometry":{"type":"Point","coordinates":[9527,13177]}},{"type":"Feature","properties":{"name":"Ferralith Cave (N: 4407, E: 3363)","size":1,"tier":1},"geometry":{"type":"Point","coordinates":[10091,13220]}},{"type":"Feature","properties":{"name":"Ferralith Cave (N: 4400, E: 3586)","size":1,"tier":1},"geometry":{"type":"Point","coordinates":[10758,13199]}},{"type":"Feature","properties":{"name":"Ferralith Cave (N: 4393, E: 3764)","size":1,"tier":1},"geometry":{"type":"Point","coordinates":[11293,13178]}},{"type":"Feature","properties":{"name":"Large Pyrelite Cave (N: 4411, E: 4243)","size":2,"tier":2},"geometry":{"type":"Point","coordinates":[12729,13232]}},{"type":"Feature","properties":{"name":"Ferralith Cave (N: 4440, E: 2780)","size":1,"tier":1},"geometry":{"type":"Point","coordinates":[8341,13320]}},{"type":"Feature","properties":{"name":"Large Ferralith Cave (N: 4423, E: 3287)","size":2,"tier":1},"geometry":{"type":"Point","coordinates":[9861,13269]}},{"type":"Feature","properties":{"name":"Ferralith Cave (N: 4444, E: 3555)","size":1,"tier":1},"geometry":{"type":"Point","coordinates":[10665,13332]}},{"type":"Feature","properties":{"name":"Large Pyrelite Cave (N: 4424, E: 3966)","size":2,"tier":2},"geometry":{"type":"Point","coordinates":[11898,13273]}},{"type":"Feature","properties":{"name":"Large Pyrelite Cave (N: 4436, E: 4149)","size":2,"tier":2},"geometry":{"type":"Point","coordinates":[12446,13309]}},{"type":"Feature","properties":{"name":"Large Pyrelite Cave (N: 4422, E: 4676)","size":2,"tier":2},"geometry":{"type":"Point","coordinates":[14027,13267]}},{"type":"Feature","properties":{"name":"Large Ferralith Cave (N: 4438, E: 3449)","size":2,"tier":1},"geometry":{"type":"Point","coordinates":[10346,13313]}},{"type":"Feature","properties":{"name":"Large Luminite Cave (N: 4435, E: 4437)","size":2,"tier":5},"geometry":{"type":"Point","coordinates":[13311,13304]}},{"type":"Feature","properties":{"name":"Large Ferralith Cave (N: 4479, E: 2714)","size":2,"tier":1},"geometry":{"type":"Point","coordinates":[8143,13437]}},{"type":"Feature","properties":{"name":"Large Ferralith Cave (N: 4467, E: 3645)","size":2,"tier":1},"geometry":{"type":"Point","coordinates":[10935,13401]}},{"type":"Feature","properties":{"name":"Large Pyrelite Cave (N: 4467, E: 4597)","size":2,"tier":2},"geometry":{"type":"Point","coordinates":[13791,13401]}},{"type":"Feature","properties":{"name":"Large Ferralith Cave (N: 4457, E: 3101)","size":2,"tier":1},"geometry":{"type":"Point","coordinates":[9304,13372]}},{"type":"Feature","properties":{"name":"Large Pyrelite Cave (N: 4472, E: 3878)","size":2,"tier":2},"geometry":{"type":"Point","coordinates":[11635,13417]}},{"type":"Feature","properties":{"name":"Large Rathium Cave (N: 4450, E: 4986)","size":2,"tier":6},"geometry":{"type":"Point","coordinates":[14957,13351]}},{"type":"Feature","properties":{"name":"Large Ferralith Cave (N: 4502, E: 2952)","size":2,"tier":1},"geometry":{"type":"Point","coordinates":[8857,13506]}},{"type":"Feature","properties":{"name":"Large Ferralith Cave (N: 4495, E: 3746)","size":2,"tier":1},"geometry":{"type":"Point","coordinates":[11238,13485]}},{"type":"Feature","properties":{"name":"Large Pyrelite Cave (N: 4511, E: 4303)","size":2,"tier":2},"geometry":{"type":"Point","coordinates":[12909,13533]}},{"type":"Feature","properties":{"name":"Large Ferralith Cave (N: 4480, E: 3232)","size":2,"tier":1},"geometry":{"type":"Point","coordinates":[9695,13441]}},{"type":"Feature","properties":{"name":"Large Ferralith Cave (N: 4510, E: 3503)","size":2,"tier":1},"geometry":{"type":"Point","coordinates":[10507,13529]}},{"type":"Feature","properties":{"name":"Ferralith Cave (N: 4514, E: 3032)","size":1,"tier":1},"geometry":{"type":"Point","coordinates":[9097,13542]}},{"type":"Feature","properties":{"name":"Large Pyrelite Cave (N: 4543, E: 3337)","size":2,"tier":2},"geometry":{"type":"Point","coordinates":[10013,13629]}},{"type":"Feature","properties":{"name":"Large Pyrelite Cave (N: 4540, E: 4725)","size":2,"tier":2},"geometry":{"type":"Point","coordinates":[14175,13620]}},{"type":"Feature","properties":{"name":"Large Ferralith Cave (N: 4536, E: 3163)","size":2,"tier":1},"geometry":{"type":"Point","coordinates":[9489,13609]}},{"type":"Feature","properties":{"name":"Large Ferralith Cave (N: 4533, E: 3593)","size":2,"tier":1},"geometry":{"type":"Point","coordinates":[10782,13600]}},{"type":"Feature","properties":{"name":"Ferralith Cave (N: 4555, E: 2663)","size":1,"tier":1},"geometry":{"type":"Point","coordinates":[7989,13664]}},{"type":"Feature","properties":{"name":"Large Ferralith Cave (N: 4574, E: 3694)","size":2,"tier":1},"geometry":{"type":"Point","coordinates":[11081,13721]}},{"type":"Feature","properties":{"name":"Large Ferralith Cave (N: 4592, E: 2952)","size":2,"tier":1},"geometry":{"type":"Point","coordinates":[8857,13776]}},{"type":"Feature","properties":{"name":"Large Ferralith Cave (N: 4577, E: 3234)","size":2,"tier":1},"geometry":{"type":"Point","coordinates":[9702,13731]}},{"type":"Feature","properties":{"name":"Large Pyrelite Cave (N: 4587, E: 2787)","size":2,"tier":2},"geometry":{"type":"Point","coordinates":[8361,13760]}},{"type":"Feature","properties":{"name":"Large Pyrelite Cave (N: 4579, E: 3872)","size":2,"tier":2},"geometry":{"type":"Point","coordinates":[11618,13736]}},{"type":"Feature","properties":{"name":"Large Pyrelite Cave (N: 4603, E: 3968)","size":2,"tier":2},"geometry":{"type":"Point","coordinates":[11904,13808]}},{"type":"Feature","properties":{"name":"Ferralith Cave (N: 4611, E: 2877)","size":1,"tier":1},"geometry":{"type":"Point","coordinates":[8633,13833]}},{"type":"Feature","properties":{"name":"Large Ferralith Cave (N: 4627, E: 3794)","size":2,"tier":1},"geometry":{"type":"Point","coordinates":[11384,13881]}},{"type":"Feature","properties":{"name":"Large Pyrelite Cave (N: 4616, E: 3053)","size":2,"tier":2},"geometry":{"type":"Point","coordinates":[9158,13847]}},{"type":"Feature","properties":{"name":"Ferralith Cave (N: 4654, E: 3323)","size":1,"tier":1},"geometry":{"type":"Point","coordinates":[9970,13962]}},{"type":"Feature","properties":{"name":"Large Ferralith Cave (N: 4651, E: 2693)","size":2,"tier":1},"geometry":{"type":"Point","coordinates":[8080,13954]}},{"type":"Feature","properties":{"name":"Ferralith Cave (N: 4666, E: 2860)","size":1,"tier":1},"geometry":{"type":"Point","coordinates":[8581,13999]}},{"type":"Feature","properties":{"name":"Ferralith Cave (N: 4662, E: 3202)","size":1,"tier":1},"geometry":{"type":"Point","coordinates":[9606,13987]}},{"type":"Feature","properties":{"name":"Ferralith Cave (N: 4666, E: 3279)","size":1,"tier":1},"geometry":{"type":"Point","coordinates":[9836,13999]}},{"type":"Feature","properties":{"name":"Large Pyrelite Cave (N: 4660, E: 4265)","size":2,"tier":2},"geometry":{"type":"Point","coordinates":[12794,13979]}},{"type":"Feature","properties":{"name":"Large Luminite Cave (N: 4643, E: 4552)","size":2,"tier":5},"geometry":{"type":"Point","coordinates":[13656,13928]}},{"type":"Feature","properties":{"name":"Large Ferralith Cave (N: 4682, E: 3124)","size":2,"tier":1},"geometry":{"type":"Point","coordinates":[9371,14046]}},{"type":"Feature","properties":{"name":"Large Ferralith Cave (N: 4687, E: 2941)","size":2,"tier":1},"geometry":{"type":"Point","coordinates":[8826,14062]}},{"type":"Feature","properties":{"name":"Large Elenvar Cave (N: 4692, E: 4400)","size":2,"tier":4},"geometry":{"type":"Point","coordinates":[13201,14077]}},{"type":"Feature","properties":{"name":"Large Pyrelite Cave (N: 4701, E: 3891)","size":2,"tier":2},"geometry":{"type":"Point","coordinates":[11673,14102]}},{"type":"Feature","properties":{"name":"Ferralith Cave (N: 4712, E: 2828)","size":1,"tier":1},"geometry":{"type":"Point","coordinates":[8485,14136]}},{"type":"Feature","properties":{"name":"Large Ferralith Cave (N: 4728, E: 3037)","size":2,"tier":1},"geometry":{"type":"Point","coordinates":[9111,14184]}},{"type":"Feature","properties":{"name":"Large Ferralith Cave (N: 4721, E: 3739)","size":2,"tier":1},"geometry":{"type":"Point","coordinates":[11219,14163]}},{"type":"Feature","properties":{"name":"Large Luminite Cave (N: 4724, E: 4692)","size":2,"tier":5},"geometry":{"type":"Point","coordinates":[14075,14173]}},{"type":"Feature","properties":{"name":"Ferralith Cave (N: 4720, E: 3257)","size":1,"tier":1},"geometry":{"type":"Point","coordinates":[9770,14159]}},{"type":"Feature","properties":{"name":"Ferralith Cave (N: 4736, E: 2780)","size":1,"tier":1},"geometry":{"type":"Point","coordinates":[8339,14208]}},{"type":"Feature","properties":{"name":"Ferralith Cave (N: 4752, E: 2872)","size":1,"tier":1},"geometry":{"type":"Point","coordinates":[8616,14256]}},{"type":"Feature","properties":{"name":"Ferralith Cave (N: 4752, E: 2728)","size":1,"tier":1},"geometry":{"type":"Point","coordinates":[8183,14255]}},{"type":"Feature","properties":{"name":"Ferralith Cave (N: 4750, E: 3216)","size":1,"tier":1},"geometry":{"type":"Point","coordinates":[9646,14249]}},{"type":"Feature","properties":{"name":"Ferralith Cave (N: 4767, E: 3308)","size":1,"tier":1},"geometry":{"type":"Point","coordinates":[9926,14300]}},{"type":"Feature","properties":{"name":"Large Ferralith Cave (N: 4769, E: 3113)","size":2,"tier":1},"geometry":{"type":"Point","coordinates":[9339,14307]}},{"type":"Feature","properties":{"name":"Ferralith Cave (N: 4771, E: 3255)","size":1,"tier":1},"geometry":{"type":"Point","coordinates":[9767,14313]}},{"type":"Feature","properties":{"name":"Ferralith Cave (N: 4784, E: 2831)","size":1,"tier":1},"geometry":{"type":"Point","coordinates":[8493,14353]}},{"type":"Feature","properties":{"name":"Large Luminite Cave (N: 4772, E: 4110)","size":2,"tier":5},"geometry":{"type":"Point","coordinates":[12329,14317]}},{"type":"Feature","properties":{"name":"Large Pyrelite Cave (N: 4777, E: 4277)","size":2,"tier":2},"geometry":{"type":"Point","coordinates":[12832,14332]}},{"type":"Feature","properties":{"name":"Ferralith Cave (N: 4815, E: 2766)","size":1,"tier":1},"geometry":{"type":"Point","coordinates":[8299,14445]}},{"type":"Feature","properties":{"name":"Ferralith Cave (N: 4826, E: 2878)","size":1,"tier":1},"geometry":{"type":"Point","coordinates":[8634,14479]}},{"type":"Feature","properties":{"name":"Large Pyrelite Cave (N: 4808, E: 2970)","size":2,"tier":2},"geometry":{"type":"Point","coordinates":[8910,14423]}},{"type":"Feature","properties":{"name":"Ferralith Cave (N: 4847, E: 2826)","size":1,"tier":1},"geometry":{"type":"Point","coordinates":[8479,14541]}},{"type":"Feature","properties":{"name":"Ferralith Cave (N: 4850, E: 3324)","size":1,"tier":1},"geometry":{"type":"Point","coordinates":[9971,14549]}},{"type":"Feature","properties":{"name":"Large Ferralith Cave (N: 4876, E: 3614)","size":2,"tier":1},"geometry":{"type":"Point","coordinates":[10843,14628]}},{"type":"Feature","properties":{"name":"Ferralith Cave (N: 4882, E: 2904)","size":1,"tier":1},"geometry":{"type":"Point","coordinates":[8712,14645]}},{"type":"Feature","properties":{"name":"Large Aurumite Cave (N: 4917, E: 4431)","size":2,"tier":7},"geometry":{"type":"Point","coordinates":[13294,14751]}},{"type":"Feature","properties":{"name":"Large Ferralith Cave (N: 4930, E: 3418)","size":2,"tier":1},"geometry":{"type":"Point","coordinates":[10253,14790]}},{"type":"Feature","properties":{"name":"Large Luminite Cave (N: 4978, E: 4164)","size":2,"tier":5},"geometry":{"type":"Point","coordinates":[12492,14934]}},{"type":"Feature","properties":{"name":"Large Ferralith Cave (N: 4191, E: 3404)","size":2,"tier":1},"geometry":{"type":"Point","coordinates":[10213,12573]}},{"type":"Feature","properties":{"name":"Large Ferralith Cave (N: 4002, E: 3829)","size":2,"tier":1},"geometry":{"type":"Point","coordinates":[11487,12006]}},{"type":"Feature","properties":{"name":"Large Ferralith Cave (N: 3336, E: 3842)","size":2,"tier":1},"geometry":{"type":"Point","coordinates":[11526,10008]}},{"type":"Feature","properties":{"name":"Large Emarium Cave (N: 2711, E: 6473)","size":2,"tier":3},"geometry":{"type":"Point","coordinates":[19421,8134]}},{"type":"Feature","properties":{"name":"Large Emarium Cave (N: 2787, E: 6270)","size":2,"tier":3},"geometry":{"type":"Point","coordinates":[18810,8361]}},{"type":"Feature","properties":{"name":"Large Rathium Cave (N: 2792, E: 5756)","size":2,"tier":6},"geometry":{"type":"Point","coordinates":[17266,8375]}},{"type":"Feature","properties":{"name":"Large Pyrelite Cave (N: 2838, E: 7383)","size":2,"tier":2},"geometry":{"type":"Point","coordinates":[22149,8514]}},{"type":"Feature","properties":{"name":"Large Emarium Cave (N: 2832, E: 6436)","size":2,"tier":3},"geometry":{"type":"Point","coordinates":[19306,8495]}},{"type":"Feature","properties":{"name":"Large Pyrelite Cave (N: 2905, E: 6209)","size":2,"tier":2},"geometry":{"type":"Point","coordinates":[18629,8715]}},{"type":"Feature","properties":{"name":"Ferralith Cave (N: 2906, E: 6315)","size":1,"tier":1},"geometry":{"type":"Point","coordinates":[18945,8718]}},{"type":"Feature","properties":{"name":"Large Pyrelite Cave (N: 2882, E: 7483)","size":2,"tier":2},"geometry":{"type":"Point","coordinates":[22448,8646]}},{"type":"Feature","properties":{"name":"Large Pyrelite Cave (N: 2897, E: 6594)","size":2,"tier":2},"geometry":{"type":"Point","coordinates":[19784,8690]}},{"type":"Feature","properties":{"name":"Large Ferralith Cave (N: 2911, E: 6691)","size":2,"tier":1},"geometry":{"type":"Point","coordinates":[20074,8732]}},{"type":"Feature","properties":{"name":"Large Pyrelite Cave (N: 2904, E: 7235)","size":2,"tier":2},"geometry":{"type":"Point","coordinates":[21703,8711]}},{"type":"Feature","properties":{"name":"Ferralith Cave (N: 2952, E: 6365)","size":1,"tier":1},"geometry":{"type":"Point","coordinates":[19094,8857]}},{"type":"Feature","properties":{"name":"Large Pyrelite Cave (N: 2972, E: 7555)","size":2,"tier":2},"geometry":{"type":"Point","coordinates":[22666,8917]}},{"type":"Feature","properties":{"name":"Large Rathium Cave (N: 2951, E: 5548)","size":2,"tier":6},"geometry":{"type":"Point","coordinates":[16645,8852]}},{"type":"Feature","properties":{"name":"Large Ferralith Cave (N: 2956, E: 6449)","size":2,"tier":1},"geometry":{"type":"Point","coordinates":[19345,8867]}},{"type":"Feature","properties":{"name":"Large Pyrelite Cave (N: 2969, E: 6970)","size":2,"tier":2},"geometry":{"type":"Point","coordinates":[20912,8906]}},{"type":"Feature","properties":{"name":"Large Pyrelite Cave (N: 2970, E: 7338)","size":2,"tier":2},"geometry":{"type":"Point","coordinates":[22014,8909]}},{"type":"Feature","properties":{"name":"Large Ferralith Cave (N: 3002, E: 6271)","size":2,"tier":1},"geometry":{"type":"Point","coordinates":[18814,9007]}},{"type":"Feature","properties":{"name":"Large Ferralith Cave (N: 3005, E: 6712)","size":2,"tier":1},"geometry":{"type":"Point","coordinates":[20137,9016]}},{"type":"Feature","properties":{"name":"Ferralith Cave (N: 3005, E: 6360)","size":1,"tier":1},"geometry":{"type":"Point","coordinates":[19082,9014]}},{"type":"Feature","properties":{"name":"Large Pyrelite Cave (N: 2993, E: 7171)","size":2,"tier":2},"geometry":{"type":"Point","coordinates":[21514,8978]}},{"type":"Feature","properties":{"name":"Large Emarium Cave (N: 3034, E: 6827)","size":2,"tier":3},"geometry":{"type":"Point","coordinates":[20480,9102]}},{"type":"Feature","properties":{"name":"Large Pyrelite Cave (N: 3019, E: 7439)","size":2,"tier":2},"geometry":{"type":"Point","coordinates":[22319,9057]}},{"type":"Feature","properties":{"name":"Large Ferralith Cave (N: 3008, E: 6178)","size":2,"tier":1},"geometry":{"type":"Point","coordinates":[18534,9025]}},{"type":"Feature","properties":{"name":"Large Emarium Cave (N: 3050, E: 6561)","size":2,"tier":3},"geometry":{"type":"Point","coordinates":[19681,9149]}},{"type":"Feature","properties":{"name":"Ferralith Cave (N: 3088, E: 6318)","size":1,"tier":1},"geometry":{"type":"Point","coordinates":[18954,9265]}},{"type":"Feature","properties":{"name":"Large Ferralith Cave (N: 3088, E: 6425)","size":2,"tier":1},"geometry":{"type":"Point","coordinates":[19276,9265]}},{"type":"Feature","properties":{"name":"Ferralith Cave (N: 3093, E: 6916)","size":1,"tier":1},"geometry":{"type":"Point","coordinates":[20750,9280]}},{"type":"Feature","properties":{"name":"Large Ferralith Cave (N: 3089, E: 6999)","size":2,"tier":1},"geometry":{"type":"Point","coordinates":[20998,9268]}},{"type":"Feature","properties":{"name":"Large Ferralith Cave (N: 3099, E: 6231)","size":2,"tier":1},"geometry":{"type":"Point","coordinates":[18693,9296]}},{"type":"Feature","properties":{"name":"Large Pyrelite Cave (N: 3101, E: 7372)","size":2,"tier":2},"geometry":{"type":"Point","coordinates":[22118,9302]}},{"type":"Feature","properties":{"name":"Large Pyrelite Cave (N: 3076, E: 7544)","size":2,"tier":2},"geometry":{"type":"Point","coordinates":[22630,9227]}},{"type":"Feature","properties":{"name":"Large Rathium Cave (N: 3105, E: 5397)","size":2,"tier":6},"geometry":{"type":"Point","coordinates":[16192,9315]}},{"type":"Feature","properties":{"name":"Large Rathium Cave (N: 3112, E: 5721)","size":2,"tier":6},"geometry":{"type":"Point","coordinates":[17163,9336]}},{"type":"Feature","properties":{"name":"Large Ferralith Cave (N: 3117, E: 6669)","size":2,"tier":1},"geometry":{"type":"Point","coordinates":[20009,9352]}},{"type":"Feature","properties":{"name":"Large Pyrelite Cave (N: 3132, E: 7153)","size":2,"tier":2},"geometry":{"type":"Point","coordinates":[21459,9397]}},{"type":"Feature","properties":{"name":"Large Pyrelite Cave (N: 3107, E: 7250)","size":2,"tier":2},"geometry":{"type":"Point","coordinates":[21753,9322]}},{"type":"Feature","properties":{"name":"Large Pyrelite Cave (N: 3125, E: 7465)","size":2,"tier":2},"geometry":{"type":"Point","coordinates":[22396,9376]}},{"type":"Feature","properties":{"name":"Ferralith Cave (N: 3149, E: 6353)","size":1,"tier":1},"geometry":{"type":"Point","coordinates":[19059,9446]}},{"type":"Feature","properties":{"name":"Ferralith Cave (N: 3198, E: 6382)","size":1,"tier":1},"geometry":{"type":"Point","coordinates":[19147,9594]}},{"type":"Feature","properties":{"name":"Large Ferralith Cave (N: 3194, E: 6501)","size":2,"tier":1},"geometry":{"type":"Point","coordinates":[19503,9582]}},{"type":"Feature","properties":{"name":"Ferralith Cave (N: 3170, E: 6312)","size":1,"tier":1},"geometry":{"type":"Point","coordinates":[18935,9511]}},{"type":"Feature","properties":{"name":"Ferralith Cave (N: 3173, E: 6421)","size":1,"tier":1},"geometry":{"type":"Point","coordinates":[19264,9520]}},{"type":"Feature","properties":{"name":"Ferralith Cave (N: 3179, E: 7054)","size":1,"tier":1},"geometry":{"type":"Point","coordinates":[21165,9538]}},{"type":"Feature","properties":{"name":"Large Emarium Cave (N: 3173, E: 6766)","size":2,"tier":3},"geometry":{"type":"Point","coordinates":[20298,9518]}},{"type":"Feature","properties":{"name":"Large Ferralith Cave (N: 3184, E: 6930)","size":2,"tier":1},"geometry":{"type":"Point","coordinates":[20789,9551]}},{"type":"Feature","properties":{"name":"Large Pyrelite Cave (N: 3178, E: 7557)","size":2,"tier":2},"geometry":{"type":"Point","coordinates":[22671,9533]}},{"type":"Feature","properties":{"name":"Ferralith Cave (N: 3225, E: 6426)","size":1,"tier":1},"geometry":{"type":"Point","coordinates":[19278,9675]}},{"type":"Feature","properties":{"name":"Large Pyrelite Cave (N: 3218, E: 6607)","size":2,"tier":2},"geometry":{"type":"Point","coordinates":[19820,9654]}},{"type":"Feature","properties":{"name":"Large Ferralith Cave (N: 3204, E: 6201)","size":2,"tier":1},"geometry":{"type":"Point","coordinates":[18604,9613]}},{"type":"Feature","properties":{"name":"Ferralith Cave (N: 3215, E: 7014)","size":1,"tier":1},"geometry":{"type":"Point","coordinates":[21044,9644]}},{"type":"Feature","properties":{"name":"Large Pyrelite Cave (N: 3211, E: 7235)","size":2,"tier":2},"geometry":{"type":"Point","coordinates":[21707,9632]}},{"type":"Feature","properties":{"name":"Large Pyrelite Cave (N: 3205, E: 7403)","size":2,"tier":2},"geometry":{"type":"Point","coordinates":[22210,9614]}},{"type":"Feature","properties":{"name":"Large Rathium Cave (N: 3253, E: 5562)","size":2,"tier":6},"geometry":{"type":"Point","coordinates":[16687,9760]}},{"type":"Feature","properties":{"name":"Ferralith Cave (N: 3236, E: 6304)","size":1,"tier":1},"geometry":{"type":"Point","coordinates":[18911,9709]}},{"type":"Feature","properties":{"name":"Ferralith Cave (N: 3263, E: 6345)","size":1,"tier":1},"geometry":{"type":"Point","coordinates":[19036,9790]}},{"type":"Feature","properties":{"name":"Large Ferralith Cave (N: 3250, E: 6875)","size":2,"tier":1},"geometry":{"type":"Point","coordinates":[20625,9749]}},{"type":"Feature","properties":{"name":"Ferralith Cave (N: 3240, E: 7056)","size":1,"tier":1},"geometry":{"type":"Point","coordinates":[21168,9719]}},{"type":"Feature","properties":{"name":"Large Pyrelite Cave (N: 3255, E: 7153)","size":2,"tier":2},"geometry":{"type":"Point","coordinates":[21459,9764]}},{"type":"Feature","properties":{"name":"Large Rathium Cave (N: 3295, E: 5893)","size":2,"tier":6},"geometry":{"type":"Point","coordinates":[17681,9885]}},{"type":"Feature","properties":{"name":"Ferralith Cave (N: 3294, E: 6191)","size":1,"tier":1},"geometry":{"type":"Point","coordinates":[18574,9882]}},{"type":"Feature","properties":{"name":"Large Pyrelite Cave (N: 3269, E: 7330)","size":2,"tier":2},"geometry":{"type":"Point","coordinates":[21990,9807]}},{"type":"Feature","properties":{"name":"Large Pyrelite Cave (N: 3287, E: 7585)","size":2,"tier":2},"geometry":{"type":"Point","coordinates":[22755,9861]}},{"type":"Feature","properties":{"name":"Ferralith Cave (N: 3288, E: 6290)","size":1,"tier":1},"geometry":{"type":"Point","coordinates":[18869,9865]}},{"type":"Feature","properties":{"name":"Ferralith Cave (N: 3292, E: 6516)","size":1,"tier":1},"geometry":{"type":"Point","coordinates":[19549,9877]}},{"type":"Feature","properties":{"name":"Ferralith Cave (N: 3318, E: 6328)","size":1,"tier":1},"geometry":{"type":"Point","coordinates":[18983,9954]}},{"type":"Feature","properties":{"name":"Ferralith Cave (N: 3322, E: 6564)","size":1,"tier":1},"geometry":{"type":"Point","coordinates":[19693,9966]}},{"type":"Feature","properties":{"name":"Ferralith Cave (N: 3320, E: 6238)","size":1,"tier":1},"geometry":{"type":"Point","coordinates":[18713,9959]}},{"type":"Feature","properties":{"name":"Large Ferralith Cave (N: 3302, E: 6787)","size":2,"tier":1},"geometry":{"type":"Point","coordinates":[20361,9905]}},{"type":"Feature","properties":{"name":"Large Pyrelite Cave (N: 3309, E: 7432)","size":2,"tier":2},"geometry":{"type":"Point","coordinates":[22296,9926]}},{"type":"Feature","properties":{"name":"Large Pyrelite Cave (N: 3352, E: 6877)","size":2,"tier":2},"geometry":{"type":"Point","coordinates":[20632,10056]}},{"type":"Feature","properties":{"name":"Ferralith Cave (N: 3353, E: 6527)","size":1,"tier":1},"geometry":{"type":"Point","coordinates":[19583,10060]}},{"type":"Feature","properties":{"name":"Ferralith Cave (N: 3360, E: 6125)","size":1,"tier":1},"geometry":{"type":"Point","coordinates":[18373,10079]}},{"type":"Feature","properties":{"name":"Large Ferralith Cave (N: 3335, E: 6420)","size":2,"tier":1},"geometry":{"type":"Point","coordinates":[19262,10004]}},{"type":"Feature","properties":{"name":"Large Pyrelite Cave (N: 3348, E: 6653)","size":2,"tier":2},"geometry":{"type":"Point","coordinates":[19959,10043]}},{"type":"Feature","properties":{"name":"Ferralith Cave (N: 3365, E: 6190)","size":1,"tier":1},"geometry":{"type":"Point","coordinates":[18573,10096]}},{"type":"Feature","properties":{"name":"Ferralith Cave (N: 3387, E: 6571)","size":1,"tier":1},"geometry":{"type":"Point","coordinates":[19714,10162]}},{"type":"Feature","properties":{"name":"Ferralith Cave (N: 3381, E: 6265)","size":1,"tier":1},"geometry":{"type":"Point","coordinates":[18796,10142]}},{"type":"Feature","properties":{"name":"Ferralith Cave (N: 3386, E: 6316)","size":1,"tier":1},"geometry":{"type":"Point","coordinates":[18948,10157]}},{"type":"Feature","properties":{"name":"Large Emarium Cave (N: 3367, E: 6994)","size":2,"tier":3},"geometry":{"type":"Point","coordinates":[20984,10100]}},{"type":"Feature","properties":{"name":"Large Pyrelite Cave (N: 3366, E: 7241)","size":2,"tier":2},"geometry":{"type":"Point","coordinates":[21723,10097]}},{"type":"Feature","properties":{"name":"Large Pyrelite Cave (N: 3389, E: 7559)","size":2,"tier":2},"geometry":{"type":"Point","coordinates":[22678,10166]}},{"type":"Feature","properties":{"name":"Ferralith Cave (N: 3405, E: 6499)","size":1,"tier":1},"geometry":{"type":"Point","coordinates":[19498,10215]}},{"type":"Feature","properties":{"name":"Large Pyrelite Cave (N: 3412, E: 7361)","size":2,"tier":2},"geometry":{"type":"Point","coordinates":[22084,10236]}},{"type":"Feature","properties":{"name":"Large Ferralith Cave (N: 3407, E: 6775)","size":2,"tier":1},"geometry":{"type":"Point","coordinates":[20328,10222]}},{"type":"Feature","properties":{"name":"Large Pyrelite Cave (N: 3412, E: 7467)","size":2,"tier":2},"geometry":{"type":"Point","coordinates":[22402,10237]}},{"type":"Feature","properties":{"name":"Large Rathium Cave (N: 3399, E: 5693)","size":2,"tier":6},"geometry":{"type":"Point","coordinates":[17080,10196]}},{"type":"Feature","properties":{"name":"Ferralith Cave (N: 3436, E: 6238)","size":1,"tier":1},"geometry":{"type":"Point","coordinates":[18714,10308]}},{"type":"Feature","properties":{"name":"Ferralith Cave (N: 3442, E: 6188)","size":1,"tier":1},"geometry":{"type":"Point","coordinates":[18565,10326]}},{"type":"Feature","properties":{"name":"Ferralith Cave (N: 3442, E: 6454)","size":1,"tier":1},"geometry":{"type":"Point","coordinates":[19363,10326]}},{"type":"Feature","properties":{"name":"Ferralith Cave (N: 3433, E: 6375)","size":1,"tier":1},"geometry":{"type":"Point","coordinates":[19125,10298]}},{"type":"Feature","properties":{"name":"Ferralith Cave (N: 3439, E: 6547)","size":1,"tier":1},"geometry":{"type":"Point","coordinates":[19643,10316]}},{"type":"Feature","properties":{"name":"Large Ferralith Cave (N: 3474, E: 6120)","size":2,"tier":1},"geometry":{"type":"Point","coordinates":[18360,10422]}},{"type":"Feature","properties":{"name":"Large Pyrelite Cave (N: 3457, E: 7107)","size":2,"tier":2},"geometry":{"type":"Point","coordinates":[21322,10371]}},{"type":"Feature","properties":{"name":"Large Pyrelite Cave (N: 3472, E: 5477)","size":2,"tier":2},"geometry":{"type":"Point","coordinates":[16431,10417]}},{"type":"Feature","properties":{"name":"Large Ferralith Cave (N: 3485, E: 6301)","size":2,"tier":1},"geometry":{"type":"Point","coordinates":[18905,10456]}},{"type":"Feature","properties":{"name":"Ferralith Cave (N: 3465, E: 6584)","size":1,"tier":1},"geometry":{"type":"Point","coordinates":[19755,10396]}},{"type":"Feature","properties":{"name":"Large Ferralith Cave (N: 3467, E: 6831)","size":2,"tier":1},"geometry":{"type":"Point","coordinates":[20496,10402]}},{"type":"Feature","properties":{"name":"Large Pyrelite Cave (N: 3472, E: 6684)","size":2,"tier":2},"geometry":{"type":"Point","coordinates":[20051,10415]}},{"type":"Feature","properties":{"name":"Ferralith Cave (N: 3505, E: 6048)","size":1,"tier":1},"geometry":{"type":"Point","coordinates":[18146,10515]}},{"type":"Feature","properties":{"name":"Ferralith Cave (N: 3497, E: 6383)","size":1,"tier":1},"geometry":{"type":"Point","coordinates":[19150,10492]}},{"type":"Feature","properties":{"name":"Ferralith Cave (N: 3503, E: 6432)","size":1,"tier":1},"geometry":{"type":"Point","coordinates":[19299,10510]}},{"type":"Feature","properties":{"name":"Ferralith Cave (N: 3517, E: 6893)","size":1,"tier":1},"geometry":{"type":"Point","coordinates":[20681,10552]}},{"type":"Feature","properties":{"name":"Large Pyrelite Cave (N: 3518, E: 7519)","size":2,"tier":2},"geometry":{"type":"Point","coordinates":[22557,10553]}},{"type":"Feature","properties":{"name":"Large Ferralith Cave (N: 3537, E: 5898)","size":2,"tier":1},"geometry":{"type":"Point","coordinates":[17694,10611]}},{"type":"Feature","properties":{"name":"Large Pyrelite Cave (N: 3524, E: 5374)","size":2,"tier":2},"geometry":{"type":"Point","coordinates":[16120,10571]}},{"type":"Feature","properties":{"name":"Large Ferralith Cave (N: 3528, E: 6529)","size":2,"tier":1},"geometry":{"type":"Point","coordinates":[19586,10583]}},{"type":"Feature","properties":{"name":"Ferralith Cave (N: 3552, E: 6929)","size":1,"tier":1},"geometry":{"type":"Point","coordinates":[20787,10655]}},{"type":"Feature","properties":{"name":"Large Pyrelite Cave (N: 3531, E: 7288)","size":2,"tier":2},"geometry":{"type":"Point","coordinates":[21865,10592]}},{"type":"Feature","properties":{"name":"Large Pyrelite Cave (N: 3523, E: 7393)","size":2,"tier":2},"geometry":{"type":"Point","coordinates":[22181,10568]}},{"type":"Feature","properties":{"name":"Large Pyrelite Cave (N: 3544, E: 7611)","size":2,"tier":2},"geometry":{"type":"Point","coordinates":[22833,10631]}},{"type":"Feature","properties":{"name":"Large Pyrelite Cave (N: 3554, E: 6235)","size":2,"tier":2},"geometry":{"type":"Point","coordinates":[18704,10662]}},{"type":"Feature","properties":{"name":"Large Ferralith Cave (N: 3564, E: 6769)","size":2,"tier":1},"geometry":{"type":"Point","coordinates":[20306,10692]}},{"type":"Feature","properties":{"name":"Ferralith Cave (N: 3554, E: 6855)","size":1,"tier":1},"geometry":{"type":"Point","coordinates":[20565,10662]}},{"type":"Feature","properties":{"name":"Large Pyrelite Cave (N: 3581, E: 5232)","size":2,"tier":2},"geometry":{"type":"Point","coordinates":[15697,10744]}},{"type":"Feature","properties":{"name":"Large Pyrelite Cave (N: 3578, E: 5506)","size":2,"tier":2},"geometry":{"type":"Point","coordinates":[16518,10735]}},{"type":"Feature","properties":{"name":"Ferralith Cave (N: 3577, E: 6111)","size":1,"tier":1},"geometry":{"type":"Point","coordinates":[18336,10732]}},{"type":"Feature","properties":{"name":"Ferralith Cave (N: 3556, E: 6072)","size":1,"tier":1},"geometry":{"type":"Point","coordinates":[18214,10667]}},{"type":"Feature","properties":{"name":"Ferralith Cave (N: 3557, E: 6385)","size":1,"tier":1},"geometry":{"type":"Point","coordinates":[19156,10670]}},{"type":"Feature","properties":{"name":"Ferralith Cave (N: 3570, E: 6339)","size":1,"tier":1},"geometry":{"type":"Point","coordinates":[19017,10709]}},{"type":"Feature","properties":{"name":"Ferralith Cave (N: 3555, E: 6435)","size":1,"tier":1},"geometry":{"type":"Point","coordinates":[19305,10664]}},{"type":"Feature","properties":{"name":"Large Pyrelite Cave (N: 3562, E: 7025)","size":2,"tier":2},"geometry":{"type":"Point","coordinates":[21075,10685]}},{"type":"Feature","properties":{"name":"Large Pyrelite Cave (N: 3554, E: 7165)","size":2,"tier":2},"geometry":{"type":"Point","coordinates":[21494,10661]}},{"type":"Feature","properties":{"name":"Large Ferralith Cave (N: 3586, E: 5990)","size":2,"tier":1},"geometry":{"type":"Point","coordinates":[17970,10758]}},{"type":"Feature","properties":{"name":"Ferralith Cave (N: 3604, E: 6156)","size":1,"tier":1},"geometry":{"type":"Point","coordinates":[18469,10812]}},{"type":"Feature","properties":{"name":"Ferralith Cave (N: 3610, E: 6387)","size":1,"tier":1},"geometry":{"type":"Point","coordinates":[19160,10830]}},{"type":"Feature","properties":{"name":"Large Ferralith Cave (N: 3596, E: 6680)","size":2,"tier":1},"geometry":{"type":"Point","coordinates":[20041,10788]}},{"type":"Feature","properties":{"name":"Ferralith Cave (N: 3586, E: 6894)","size":1,"tier":1},"geometry":{"type":"Point","coordinates":[20683,10758]}},{"type":"Feature","properties":{"name":"Large Ferralith Cave (N: 3595, E: 6585)","size":2,"tier":1},"geometry":{"type":"Point","coordinates":[19756,10786]}},{"type":"Feature","properties":{"name":"Large Ferralith Cave (N: 3612, E: 6492)","size":2,"tier":1},"geometry":{"type":"Point","coordinates":[19476,10835]}},{"type":"Feature","properties":{"name":"Ferralith Cave (N: 3630, E: 6073)","size":1,"tier":1},"geometry":{"type":"Point","coordinates":[18219,10890]}},{"type":"Feature","properties":{"name":"Large Emarium Cave (N: 3621, E: 5701)","size":2,"tier":3},"geometry":{"type":"Point","coordinates":[17105,10864]}},{"type":"Feature","properties":{"name":"Large Ferralith Cave (N: 3639, E: 5896)","size":2,"tier":1},"geometry":{"type":"Point","coordinates":[17689,10918]}},{"type":"Feature","properties":{"name":"Large Pyrelite Cave (N: 3635, E: 7515)","size":2,"tier":2},"geometry":{"type":"Point","coordinates":[22546,10906]}},{"type":"Feature","properties":{"name":"Large Pyrelite Cave (N: 3642, E: 5330)","size":2,"tier":2},"geometry":{"type":"Point","coordinates":[15989,10925]}},{"type":"Feature","properties":{"name":"Ferralith Cave (N: 3658, E: 6133)","size":1,"tier":1},"geometry":{"type":"Point","coordinates":[18399,10974]}},{"type":"Feature","properties":{"name":"Large Ferralith Cave (N: 3650, E: 6794)","size":2,"tier":1},"geometry":{"type":"Point","coordinates":[20382,10950]}},{"type":"Feature","properties":{"name":"Large Pyrelite Cave (N: 3657, E: 5442)","size":2,"tier":2},"geometry":{"type":"Point","coordinates":[16327,10972]}},{"type":"Feature","properties":{"name":"Large Ferralith Cave (N: 3677, E: 6002)","size":2,"tier":1},"geometry":{"type":"Point","coordinates":[18007,11032]}},{"type":"Feature","properties":{"name":"Ferralith Cave (N: 3662, E: 6196)","size":1,"tier":1},"geometry":{"type":"Point","coordinates":[18589,10987]}},{"type":"Feature","properties":{"name":"Large Pyrelite Cave (N: 3654, E: 7129)","size":2,"tier":2},"geometry":{"type":"Point","coordinates":[21388,10963]}},{"type":"Feature","properties":{"name":"Large Pyrelite Cave (N: 3656, E: 7233)","size":2,"tier":2},"geometry":{"type":"Point","coordinates":[21699,10969]}},{"type":"Feature","properties":{"name":"Large Pyrelite Cave (N: 3654, E: 7422)","size":2,"tier":2},"geometry":{"type":"Point","coordinates":[22266,10963]}},{"type":"Feature","properties":{"name":"Large Pyrelite Cave (N: 3705, E: 6304)","size":2,"tier":2},"geometry":{"type":"Point","coordinates":[18912,11115]}},{"type":"Feature","properties":{"name":"Large Ferralith Cave (N: 3694, E: 6404)","size":2,"tier":1},"geometry":{"type":"Point","coordinates":[19212,11082]}},{"type":"Feature","properties":{"name":"Ferralith Cave (N: 3681, E: 6554)","size":1,"tier":1},"geometry":{"type":"Point","coordinates":[19664,11043]}},{"type":"Feature","properties":{"name":"Ferralith Cave (N: 3696, E: 6082)","size":1,"tier":1},"geometry":{"type":"Point","coordinates":[18246,11089]}},{"type":"Feature","properties":{"name":"Ferralith Cave (N: 3697, E: 6501)","size":1,"tier":1},"geometry":{"type":"Point","coordinates":[19504,11090]}},{"type":"Feature","properties":{"name":"Large Ferralith Cave (N: 3685, E: 6651)","size":2,"tier":1},"geometry":{"type":"Point","coordinates":[19955,11054]}},{"type":"Feature","properties":{"name":"Large Pyrelite Cave (N: 3691, E: 7337)","size":2,"tier":2},"geometry":{"type":"Point","coordinates":[22012,11072]}},{"type":"Feature","properties":{"name":"Ferralith Cave (N: 3732, E: 6146)","size":1,"tier":1},"geometry":{"type":"Point","coordinates":[18438,11196]}},{"type":"Feature","properties":{"name":"Ferralith Cave (N: 3727, E: 6206)","size":1,"tier":1},"geometry":{"type":"Point","coordinates":[18618,11181]}},{"type":"Feature","properties":{"name":"Ferralith Cave (N: 3728, E: 6725)","size":1,"tier":1},"geometry":{"type":"Point","coordinates":[20174,11184]}},{"type":"Feature","properties":{"name":"Ferralith Cave (N: 3736, E: 6589)","size":1,"tier":1},"geometry":{"type":"Point","coordinates":[19767,11209]}},{"type":"Feature","properties":{"name":"Ferralith Cave (N: 3737, E: 5925)","size":1,"tier":1},"geometry":{"type":"Point","coordinates":[17775,11210]}},{"type":"Feature","properties":{"name":"Large Pyrelite Cave (N: 3719, E: 7580)","size":2,"tier":2},"geometry":{"type":"Point","coordinates":[22741,11156]}},{"type":"Feature","properties":{"name":"Ferralith Cave (N: 3763, E: 6773)","size":1,"tier":1},"geometry":{"type":"Point","coordinates":[20321,11289]}},{"type":"Feature","properties":{"name":"Ferralith Cave (N: 3749, E: 6093)","size":1,"tier":1},"geometry":{"type":"Point","coordinates":[18281,11248]}},{"type":"Feature","properties":{"name":"Ferralith Cave (N: 3760, E: 6539)","size":1,"tier":1},"geometry":{"type":"Point","coordinates":[19615,11279]}},{"type":"Feature","properties":{"name":"Ferralith Cave (N: 3790, E: 5959)","size":1,"tier":1},"geometry":{"type":"Point","coordinates":[17876,11370]}},{"type":"Feature","properties":{"name":"Ferralith Cave (N: 3792, E: 6472)","size":1,"tier":1},"geometry":{"type":"Point","coordinates":[19416,11376]}},{"type":"Feature","properties":{"name":"Large Pyrelite Cave (N: 3786, E: 7163)","size":2,"tier":2},"geometry":{"type":"Point","coordinates":[21490,11358]}},{"type":"Feature","properties":{"name":"Ferralith Cave (N: 3804, E: 6198)","size":1,"tier":1},"geometry":{"type":"Point","coordinates":[18594,11413]}},{"type":"Feature","properties":{"name":"Large Pyrelite Cave (N: 3788, E: 7276)","size":2,"tier":2},"geometry":{"type":"Point","coordinates":[21827,11365]}},{"type":"Feature","properties":{"name":"Ferralith Cave (N: 3782, E: 6022)","size":1,"tier":1},"geometry":{"type":"Point","coordinates":[18064,11345]}},{"type":"Feature","properties":{"name":"Large Ferralith Cave (N: 3792, E: 6655)","size":2,"tier":1},"geometry":{"type":"Point","coordinates":[19965,11375]}},{"type":"Feature","properties":{"name":"Large Pyrelite Cave (N: 3779, E: 7483)","size":2,"tier":2},"geometry":{"type":"Point","coordinates":[22449,11336]}},{"type":"Feature","properties":{"name":"Ferralith Cave (N: 3824, E: 6522)","size":1,"tier":1},"geometry":{"type":"Point","coordinates":[19567,11472]}},{"type":"Feature","properties":{"name":"Ferralith Cave (N: 3819, E: 6109)","size":1,"tier":1},"geometry":{"type":"Point","coordinates":[18328,11458]}},{"type":"Feature","properties":{"name":"Large Pyrelite Cave (N: 3826, E: 6385)","size":2,"tier":2},"geometry":{"type":"Point","coordinates":[19156,11479]}},{"type":"Feature","properties":{"name":"Large Emarium Cave (N: 3816, E: 5288)","size":2,"tier":3},"geometry":{"type":"Point","coordinates":[15864,11447]}},{"type":"Feature","properties":{"name":"Large Emarium Cave (N: 3840, E: 5533)","size":2,"tier":3},"geometry":{"type":"Point","coordinates":[16597,11519]}},{"type":"Feature","properties":{"name":"Large Emarium Cave (N: 3819, E: 5777)","size":2,"tier":3},"geometry":{"type":"Point","coordinates":[17331,11456]}},{"type":"Feature","properties":{"name":"Ferralith Cave (N: 3811, E: 6578)","size":1,"tier":1},"geometry":{"type":"Point","coordinates":[19734,11432]}},{"type":"Feature","properties":{"name":"Large Ferralith Cave (N: 3849, E: 6790)","size":2,"tier":1},"geometry":{"type":"Point","coordinates":[20371,11547]}},{"type":"Feature","properties":{"name":"Large Pyrelite Cave (N: 3864, E: 7401)","size":2,"tier":2},"geometry":{"type":"Point","coordinates":[22203,11592]}},{"type":"Feature","properties":{"name":"Ferralith Cave (N: 3845, E: 6056)","size":1,"tier":1},"geometry":{"type":"Point","coordinates":[18171,11536]}},{"type":"Feature","properties":{"name":"Ferralith Cave (N: 3842, E: 5995)","size":1,"tier":1},"geometry":{"type":"Point","coordinates":[17984,11525]}},{"type":"Feature","properties":{"name":"Large Ferralith Cave (N: 3867, E: 6292)","size":2,"tier":1},"geometry":{"type":"Point","coordinates":[18878,11600]}},{"type":"Feature","properties":{"name":"Large Pyrelite Cave (N: 3861, E: 7571)","size":2,"tier":2},"geometry":{"type":"Point","coordinates":[22715,11582]}},{"type":"Feature","properties":{"name":"Large Emarium Cave (N: 3898, E: 5436)","size":2,"tier":3},"geometry":{"type":"Point","coordinates":[16309,11694]}},{"type":"Feature","properties":{"name":"Large Pyrelite Cave (N: 3887, E: 7141)","size":2,"tier":2},"geometry":{"type":"Point","coordinates":[21425,11661]}},{"type":"Feature","properties":{"name":"Ferralith Cave (N: 3882, E: 6095)","size":1,"tier":1},"geometry":{"type":"Point","coordinates":[18286,11647]}},{"type":"Feature","properties":{"name":"Large Ferralith Cave (N: 3891, E: 6470)","size":2,"tier":1},"geometry":{"type":"Point","coordinates":[19413,11674]}},{"type":"Feature","properties":{"name":"Ferralith Cave (N: 3874, E: 6564)","size":1,"tier":1},"geometry":{"type":"Point","coordinates":[19692,11623]}},{"type":"Feature","properties":{"name":"Large Pyrelite Cave (N: 3890, E: 5655)","size":2,"tier":2},"geometry":{"type":"Point","coordinates":[16963,11669]}},{"type":"Feature","properties":{"name":"Large Pyrelite Cave (N: 3900, E: 6663)","size":2,"tier":2},"geometry":{"type":"Point","coordinates":[19989,11699]}},{"type":"Feature","properties":{"name":"Ferralith Cave (N: 3901, E: 6860)","size":1,"tier":1},"geometry":{"type":"Point","coordinates":[20580,11702]}},{"type":"Feature","properties":{"name":"Ferralith Cave (N: 3934, E: 6534)","size":1,"tier":1},"geometry":{"type":"Point","coordinates":[19603,11802]}},{"type":"Feature","properties":{"name":"Large Pyrelite Cave (N: 3928, E: 7473)","size":2,"tier":2},"geometry":{"type":"Point","coordinates":[22418,11785]}},{"type":"Feature","properties":{"name":"Large Pyrelite Cave (N: 3929, E: 5894)","size":2,"tier":2},"geometry":{"type":"Point","coordinates":[17684,11786]}},{"type":"Feature","properties":{"name":"Large Pyrelite Cave (N: 3906, E: 6201)","size":2,"tier":2},"geometry":{"type":"Point","coordinates":[18603,11717]}},{"type":"Feature","properties":{"name":"Large Pyrelite Cave (N: 3908, E: 7240)","size":2,"tier":2},"geometry":{"type":"Point","coordinates":[21720,11723]}},{"type":"Feature","properties":{"name":"Ferralith Cave (N: 3940, E: 6761)","size":1,"tier":1},"geometry":{"type":"Point","coordinates":[20283,11821]}},{"type":"Feature","properties":{"name":"Ferralith Cave (N: 3974, E: 6570)","size":1,"tier":1},"geometry":{"type":"Point","coordinates":[19711,11922]}},{"type":"Feature","properties":{"name":"Large Pyrelite Cave (N: 3968, E: 5808)","size":2,"tier":2},"geometry":{"type":"Point","coordinates":[17423,11905]}},{"type":"Feature","properties":{"name":"Large Pyrelite Cave (N: 3988, E: 7311)","size":2,"tier":2},"geometry":{"type":"Point","coordinates":[21933,11965]}},{"type":"Feature","properties":{"name":"Large Pyrelite Cave (N: 3986, E: 7089)","size":2,"tier":2},"geometry":{"type":"Point","coordinates":[21266,11957]}},{"type":"Feature","properties":{"name":"Large Emarium Cave (N: 4017, E: 5504)","size":2,"tier":3},"geometry":{"type":"Point","coordinates":[16514,12051]}},{"type":"Feature","properties":{"name":"Large Pyrelite Cave (N: 4015, E: 6353)","size":2,"tier":2},"geometry":{"type":"Point","coordinates":[19061,12045]}},{"type":"Feature","properties":{"name":"Large Ferralith Cave (N: 4002, E: 6479)","size":2,"tier":1},"geometry":{"type":"Point","coordinates":[19436,12006]}},{"type":"Feature","properties":{"name":"Large Pyrelite Cave (N: 4029, E: 5888)","size":2,"tier":2},"geometry":{"type":"Point","coordinates":[17666,12088]}},{"type":"Feature","properties":{"name":"Large Pyrelite Cave (N: 4015, E: 6840)","size":2,"tier":2},"geometry":{"type":"Point","coordinates":[20521,12046]}},{"type":"Feature","properties":{"name":"Ferralith Cave (N: 4011, E: 6708)","size":1,"tier":1},"geometry":{"type":"Point","coordinates":[20124,12032]}},{"type":"Feature","properties":{"name":"Large Pyrelite Cave (N: 4011, E: 7182)","size":2,"tier":2},"geometry":{"type":"Point","coordinates":[21547,12032]}},{"type":"Feature","properties":{"name":"Large Emarium Cave (N: 4060, E: 5697)","size":2,"tier":3},"geometry":{"type":"Point","coordinates":[17091,12180]}},{"type":"Feature","properties":{"name":"Ferralith Cave (N: 4036, E: 6652)","size":1,"tier":1},"geometry":{"type":"Point","coordinates":[19957,12108]}},{"type":"Feature","properties":{"name":"Large Pyrelite Cave (N: 4050, E: 6972)","size":2,"tier":2},"geometry":{"type":"Point","coordinates":[20916,12151]}},{"type":"Feature","properties":{"name":"Large Pyrelite Cave (N: 4085, E: 5805)","size":2,"tier":2},"geometry":{"type":"Point","coordinates":[17416,12255]}},{"type":"Feature","properties":{"name":"Large Pyrelite Cave (N: 4088, E: 6551)","size":2,"tier":2},"geometry":{"type":"Point","coordinates":[19651,12263]}},{"type":"Feature","properties":{"name":"Large Ferralith Cave (N: 4125, E: 6275)","size":2,"tier":1},"geometry":{"type":"Point","coordinates":[18825,12375]}},{"type":"Feature","properties":{"name":"Large Ferralith Cave (N: 4127, E: 6650)","size":2,"tier":1},"geometry":{"type":"Point","coordinates":[19952,12382]}},{"type":"Feature","properties":{"name":"Large Ferralith Cave (N: 4121, E: 6761)","size":2,"tier":1},"geometry":{"type":"Point","coordinates":[20285,12364]}},{"type":"Feature","properties":{"name":"Large Ferralith Cave (N: 4113, E: 6457)","size":2,"tier":1},"geometry":{"type":"Point","coordinates":[19372,12338]}},{"type":"Feature","properties":{"name":"Ferralith Cave (N: 4134, E: 6177)","size":1,"tier":1},"geometry":{"type":"Point","coordinates":[18531,12402]}},{"type":"Feature","properties":{"name":"Ferralith Cave (N: 4152, E: 6366)","size":1,"tier":1},"geometry":{"type":"Point","coordinates":[19099,12456]}},{"type":"Feature","properties":{"name":"Ferralith Cave (N: 4144, E: 6840)","size":1,"tier":1},"geometry":{"type":"Point","coordinates":[20521,12432]}},{"type":"Feature","properties":{"name":"Large Pyrelite Cave (N: 4141, E: 7096)","size":2,"tier":2},"geometry":{"type":"Point","coordinates":[21289,12423]}},{"type":"Feature","properties":{"name":"Ferralith Cave (N: 4170, E: 6210)","size":1,"tier":1},"geometry":{"type":"Point","coordinates":[18629,12510]}},{"type":"Feature","properties":{"name":"Large Luminite Cave (N: 4161, E: 7290)","size":2,"tier":5},"geometry":{"type":"Point","coordinates":[21870,12483]}},{"type":"Feature","properties":{"name":"Ferralith Cave (N: 4218, E: 6371)","size":1,"tier":1},"geometry":{"type":"Point","coordinates":[19114,12654]}},{"type":"Feature","properties":{"name":"Ferralith Cave (N: 4218, E: 6623)","size":1,"tier":1},"geometry":{"type":"Point","coordinates":[19869,12654]}},{"type":"Feature","properties":{"name":"Ferralith Cave (N: 4196, E: 6823)","size":1,"tier":1},"geometry":{"type":"Point","coordinates":[20468,12589]}},{"type":"Feature","properties":{"name":"Large Emarium Cave (N: 4198, E: 5500)","size":2,"tier":3},"geometry":{"type":"Point","coordinates":[16500,12593]}},{"type":"Feature","properties":{"name":"Large Ferralith Cave (N: 4211, E: 6105)","size":2,"tier":1},"geometry":{"type":"Point","coordinates":[18315,12632]}},{"type":"Feature","properties":{"name":"Ferralith Cave (N: 4197, E: 6422)","size":1,"tier":1},"geometry":{"type":"Point","coordinates":[19268,12590]}},{"type":"Feature","properties":{"name":"Ferralith Cave (N: 4219, E: 6674)","size":1,"tier":1},"geometry":{"type":"Point","coordinates":[20024,12656]}},{"type":"Feature","properties":{"name":"Large Emarium Cave (N: 4236, E: 5796)","size":2,"tier":3},"geometry":{"type":"Point","coordinates":[17389,12708]}},{"type":"Feature","properties":{"name":"Ferralith Cave (N: 4250, E: 6456)","size":1,"tier":1},"geometry":{"type":"Point","coordinates":[19368,12751]}},{"type":"Feature","properties":{"name":"Large Ferralith Cave (N: 4232, E: 6539)","size":2,"tier":1},"geometry":{"type":"Point","coordinates":[19618,12697]}},{"type":"Feature","properties":{"name":"Large Ferralith Cave (N: 4242, E: 6748)","size":2,"tier":1},"geometry":{"type":"Point","coordinates":[20244,12725]}},{"type":"Feature","properties":{"name":"Large Luminite Cave (N: 4237, E: 6976)","size":2,"tier":5},"geometry":{"type":"Point","coordinates":[20928,12710]}},{"type":"Feature","properties":{"name":"Large Rathium Cave (N: 4272, E: 5332)","size":2,"tier":6},"geometry":{"type":"Point","coordinates":[15995,12816]}},{"type":"Feature","properties":{"name":"Large Ferralith Cave (N: 4282, E: 6186)","size":2,"tier":1},"geometry":{"type":"Point","coordinates":[18557,12846]}},{"type":"Feature","properties":{"name":"Ferralith Cave (N: 4277, E: 6609)","size":1,"tier":1},"geometry":{"type":"Point","coordinates":[19828,12831]}},{"type":"Feature","properties":{"name":"Large Ferralith Cave (N: 4272, E: 5949)","size":2,"tier":1},"geometry":{"type":"Point","coordinates":[17847,12817]}},{"type":"Feature","properties":{"name":"Ferralith Cave (N: 4269, E: 6658)","size":1,"tier":1},"geometry":{"type":"Point","coordinates":[19976,12808]}},{"type":"Feature","properties":{"name":"Large Ferralith Cave (N: 4267, E: 6043)","size":2,"tier":1},"geometry":{"type":"Point","coordinates":[18129,12800]}},{"type":"Feature","properties":{"name":"Large Ferralith Cave (N: 4271, E: 6289)","size":2,"tier":1},"geometry":{"type":"Point","coordinates":[18868,12812]}},{"type":"Feature","properties":{"name":"Large Pyrelite Cave (N: 4313, E: 7107)","size":2,"tier":2},"geometry":{"type":"Point","coordinates":[21322,12940]}},{"type":"Feature","properties":{"name":"Ferralith Cave (N: 4311, E: 6398)","size":1,"tier":1},"geometry":{"type":"Point","coordinates":[19196,12932]}},{"type":"Feature","properties":{"name":"Large Pyrelite Cave (N: 4313, E: 7444)","size":2,"tier":2},"geometry":{"type":"Point","coordinates":[22333,12938]}},{"type":"Feature","properties":{"name":"Large Ferralith Cave (N: 4335, E: 6485)","size":2,"tier":1},"geometry":{"type":"Point","coordinates":[19457,13005]}},{"type":"Feature","properties":{"name":"Ferralith Cave (N: 4330, E: 6629)","size":1,"tier":1},"geometry":{"type":"Point","coordinates":[19888,12990]}},{"type":"Feature","properties":{"name":"Ferralith Cave (N: 4323, E: 6685)","size":1,"tier":1},"geometry":{"type":"Point","coordinates":[20057,12970]}},{"type":"Feature","properties":{"name":"Ferralith Cave (N: 4348, E: 6350)","size":1,"tier":1},"geometry":{"type":"Point","coordinates":[19048,13043]}},{"type":"Feature","properties":{"name":"Ferralith Cave (N: 4324, E: 6570)","size":1,"tier":1},"geometry":{"type":"Point","coordinates":[19708,12971]}},{"type":"Feature","properties":{"name":"Large Emarium Cave (N: 4355, E: 5782)","size":2,"tier":3},"geometry":{"type":"Point","coordinates":[17346,13065]}},{"type":"Feature","properties":{"name":"Ferralith Cave (N: 4375, E: 6297)","size":1,"tier":1},"geometry":{"type":"Point","coordinates":[18893,13125]}},{"type":"Feature","properties":{"name":"Ferralith Cave (N: 4381, E: 6550)","size":1,"tier":1},"geometry":{"type":"Point","coordinates":[19652,13143]}},{"type":"Feature","properties":{"name":"Large Pyrelite Cave (N: 4379, E: 6786)","size":2,"tier":2},"geometry":{"type":"Point","coordinates":[20359,13137]}},{"type":"Feature","properties":{"name":"Ferralith Cave (N: 4367, E: 5938)","size":1,"tier":1},"geometry":{"type":"Point","coordinates":[17815,13102]}},{"type":"Feature","properties":{"name":"Large Ferralith Cave (N: 4353, E: 6059)","size":2,"tier":1},"geometry":{"type":"Point","coordinates":[18179,13060]}},{"type":"Feature","properties":{"name":"Large Ferralith Cave (N: 4370, E: 6203)","size":2,"tier":1},"geometry":{"type":"Point","coordinates":[18609,13111]}},{"type":"Feature","properties":{"name":"Ferralith Cave (N: 4369, E: 6418)","size":1,"tier":1},"geometry":{"type":"Point","coordinates":[19257,13108]}},{"type":"Feature","properties":{"name":"Large Emarium Cave (N: 4378, E: 5566)","size":2,"tier":3},"geometry":{"type":"Point","coordinates":[16698,13133]}},{"type":"Feature","properties":{"name":"Ferralith Cave (N: 4388, E: 6127)","size":1,"tier":1},"geometry":{"type":"Point","coordinates":[18380,13164]}},{"type":"Feature","properties":{"name":"Ferralith Cave (N: 4387, E: 6646)","size":1,"tier":1},"geometry":{"type":"Point","coordinates":[19940,13161]}},{"type":"Feature","properties":{"name":"Ferralith Cave (N: 4394, E: 5980)","size":1,"tier":1},"geometry":{"type":"Point","coordinates":[17940,13183]}},{"type":"Feature","properties":{"name":"Ferralith Cave (N: 4398, E: 6342)","size":1,"tier":1},"geometry":{"type":"Point","coordinates":[19026,13195]}},{"type":"Feature","properties":{"name":"Ferralith Cave (N: 4393, E: 6597)","size":1,"tier":1},"geometry":{"type":"Point","coordinates":[19793,13178]}},{"type":"Feature","properties":{"name":"Large Pyrelite Cave (N: 4410, E: 6985)","size":2,"tier":2},"geometry":{"type":"Point","coordinates":[20954,13229]}},{"type":"Feature","properties":{"name":"Large Luminite Cave (N: 4398, E: 7300)","size":2,"tier":5},"geometry":{"type":"Point","coordinates":[21900,13193]}},{"type":"Feature","properties":{"name":"Ferralith Cave (N: 4423, E: 6513)","size":1,"tier":1},"geometry":{"type":"Point","coordinates":[19540,13269]}},{"type":"Feature","properties":{"name":"Large Pyrelite Cave (N: 4416, E: 6874)","size":2,"tier":2},"geometry":{"type":"Point","coordinates":[20623,13249]}},{"type":"Feature","properties":{"name":"Ferralith Cave (N: 4448, E: 6116)","size":1,"tier":1},"geometry":{"type":"Point","coordinates":[18346,13343]}},{"type":"Feature","properties":{"name":"Ferralith Cave (N: 4461, E: 6549)","size":1,"tier":1},"geometry":{"type":"Point","coordinates":[19648,13383]}},{"type":"Feature","properties":{"name":"Ferralith Cave (N: 4478, E: 5954)","size":1,"tier":1},"geometry":{"type":"Point","coordinates":[17861,13435]}},{"type":"Feature","properties":{"name":"Ferralith Cave (N: 4459, E: 6691)","size":1,"tier":1},"geometry":{"type":"Point","coordinates":[20075,13378]}},{"type":"Feature","properties":{"name":"Large Pyrelite Cave (N: 4477, E: 5826)","size":2,"tier":2},"geometry":{"type":"Point","coordinates":[17480,13430]}},{"type":"Feature","properties":{"name":"Large Ferralith Cave (N: 4462, E: 6245)","size":2,"tier":1},"geometry":{"type":"Point","coordinates":[18733,13385]}},{"type":"Feature","properties":{"name":"Large Pyrelite Cave (N: 4510, E: 5737)","size":2,"tier":2},"geometry":{"type":"Point","coordinates":[17212,13530]}},{"type":"Feature","properties":{"name":"Ferralith Cave (N: 4502, E: 6000)","size":1,"tier":1},"geometry":{"type":"Point","coordinates":[17999,13506]}},{"type":"Feature","properties":{"name":"Ferralith Cave (N: 4508, E: 6077)","size":1,"tier":1},"geometry":{"type":"Point","coordinates":[18231,13524]}},{"type":"Feature","properties":{"name":"Ferralith Cave (N: 4499, E: 6141)","size":1,"tier":1},"geometry":{"type":"Point","coordinates":[18425,13497]}},{"type":"Feature","properties":{"name":"Large Pyrelite Cave (N: 4484, E: 6438)","size":2,"tier":2},"geometry":{"type":"Point","coordinates":[19315,13452]}},{"type":"Feature","properties":{"name":"Large Ferralith Cave (N: 4502, E: 6613)","size":2,"tier":1},"geometry":{"type":"Point","coordinates":[19840,13507]}},{"type":"Feature","properties":{"name":"Large Pyrelite Cave (N: 4484, E: 5648)","size":2,"tier":2},"geometry":{"type":"Point","coordinates":[16942,13451]}},{"type":"Feature","properties":{"name":"Large Pyrelite Cave (N: 4537, E: 6854)","size":2,"tier":2},"geometry":{"type":"Point","coordinates":[20563,13611]}},{"type":"Feature","properties":{"name":"Large Pyrelite Cave (N: 4515, E: 6945)","size":2,"tier":2},"geometry":{"type":"Point","coordinates":[20836,13545]}},{"type":"Feature","properties":{"name":"Large Elenvar Cave (N: 4512, E: 7113)","size":2,"tier":4},"geometry":{"type":"Point","coordinates":[21338,13536]}},{"type":"Feature","properties":{"name":"Ferralith Cave (N: 4535, E: 5941)","size":1,"tier":1},"geometry":{"type":"Point","coordinates":[17826,13606]}},{"type":"Feature","properties":{"name":"Large Emarium Cave (N: 4517, E: 5198)","size":2,"tier":3},"geometry":{"type":"Point","coordinates":[15596,13550]}},{"type":"Feature","properties":{"name":"Large Pyrelite Cave (N: 4520, E: 5349)","size":2,"tier":2},"geometry":{"type":"Point","coordinates":[16046,13559]}},{"type":"Feature","properties":{"name":"Ferralith Cave (N: 4553, E: 6508)","size":1,"tier":1},"geometry":{"type":"Point","coordinates":[19527,13660]}},{"type":"Feature","properties":{"name":"Ferralith Cave (N: 4566, E: 6668)","size":1,"tier":1},"geometry":{"type":"Point","coordinates":[20004,13699]}},{"type":"Feature","properties":{"name":"Ferralith Cave (N: 4552, E: 6717)","size":1,"tier":1},"geometry":{"type":"Point","coordinates":[20150,13657]}},{"type":"Feature","properties":{"name":"Ferralith Cave (N: 4568, E: 6557)","size":1,"tier":1},"geometry":{"type":"Point","coordinates":[19671,13703]}},{"type":"Feature","properties":{"name":"Large Aurumite Cave (N: 4546, E: 7487)","size":2,"tier":7},"geometry":{"type":"Point","coordinates":[22460,13637]}},{"type":"Feature","properties":{"name":"Ferralith Cave (N: 4586, E: 5468)","size":1,"tier":1},"geometry":{"type":"Point","coordinates":[16405,13758]}},{"type":"Feature","properties":{"name":"Large Ferralith Cave (N: 4584, E: 6201)","size":2,"tier":1},"geometry":{"type":"Point","coordinates":[18603,13752]}},{"type":"Feature","properties":{"name":"Ferralith Cave (N: 4591, E: 6337)","size":1,"tier":1},"geometry":{"type":"Point","coordinates":[19013,13773]}},{"type":"Feature","properties":{"name":"Ferralith Cave (N: 4590, E: 6457)","size":1,"tier":1},"geometry":{"type":"Point","coordinates":[19372,13770]}},{"type":"Feature","properties":{"name":"Large Pyrelite Cave (N: 4579, E: 5805)","size":2,"tier":2},"geometry":{"type":"Point","coordinates":[17417,13736]}},{"type":"Feature","properties":{"name":"Ferralith Cave (N: 4585, E: 5973)","size":1,"tier":1},"geometry":{"type":"Point","coordinates":[17921,13754]}},{"type":"Feature","properties":{"name":"Ferralith Cave (N: 4596, E: 6390)","size":1,"tier":1},"geometry":{"type":"Point","coordinates":[19168,13787]}},{"type":"Feature","properties":{"name":"Large Pyrelite Cave (N: 4601, E: 7287)","size":2,"tier":2},"geometry":{"type":"Point","coordinates":[21862,13802]}},{"type":"Feature","properties":{"name":"Large Pyrelite Cave (N: 4609, E: 6069)","size":2,"tier":2},"geometry":{"type":"Point","coordinates":[18209,13827]}},{"type":"Feature","properties":{"name":"Ferralith Cave (N: 4618, E: 6540)","size":1,"tier":1},"geometry":{"type":"Point","coordinates":[19620,13855]}},{"type":"Feature","properties":{"name":"Ferralith Cave (N: 4625, E: 6797)","size":1,"tier":1},"geometry":{"type":"Point","coordinates":[20394,13876]}},{"type":"Feature","properties":{"name":"Ferralith Cave (N: 4638, E: 6426)","size":1,"tier":1},"geometry":{"type":"Point","coordinates":[19278,13913]}},{"type":"Feature","properties":{"name":"Large Ferralith Cave (N: 4644, E: 5359)","size":2,"tier":1},"geometry":{"type":"Point","coordinates":[16078,13932]}},{"type":"Feature","properties":{"name":"Large Ferralith Cave (N: 4647, E: 6719)","size":2,"tier":1},"geometry":{"type":"Point","coordinates":[20158,13941]}},{"type":"Feature","properties":{"name":"Large Ferralith Cave (N: 4655, E: 6631)","size":2,"tier":1},"geometry":{"type":"Point","coordinates":[19895,13966]}},{"type":"Feature","properties":{"name":"Large Ferralith Cave (N: 4641, E: 6277)","size":2,"tier":1},"geometry":{"type":"Point","coordinates":[18832,13922]}},{"type":"Feature","properties":{"name":"Ferralith Cave (N: 4672, E: 6471)","size":1,"tier":1},"geometry":{"type":"Point","coordinates":[19414,14016]}},{"type":"Feature","properties":{"name":"Ferralith Cave (N: 4688, E: 6540)","size":1,"tier":1},"geometry":{"type":"Point","coordinates":[19621,14064]}},{"type":"Feature","properties":{"name":"Large Pyrelite Cave (N: 4676, E: 7213)","size":2,"tier":2},"geometry":{"type":"Point","coordinates":[21638,14028]}},{"type":"Feature","properties":{"name":"Large Ferralith Cave (N: 4698, E: 6351)","size":2,"tier":1},"geometry":{"type":"Point","coordinates":[19052,14095]}},{"type":"Feature","properties":{"name":"Large Ferralith Cave (N: 4678, E: 6861)","size":2,"tier":1},"geometry":{"type":"Point","coordinates":[20582,14035]}},{"type":"Feature","properties":{"name":"Large Ferralith Cave (N: 4673, E: 5442)","size":2,"tier":1},"geometry":{"type":"Point","coordinates":[16328,14018]}},{"type":"Feature","properties":{"name":"Ferralith Cave (N: 4735, E: 6465)","size":1,"tier":1},"geometry":{"type":"Point","coordinates":[19397,14205]}},{"type":"Feature","properties":{"name":"Ferralith Cave (N: 4722, E: 6784)","size":1,"tier":1},"geometry":{"type":"Point","coordinates":[20353,14166]}},{"type":"Feature","properties":{"name":"Large Ferralith Cave (N: 4720, E: 6214)","size":2,"tier":1},"geometry":{"type":"Point","coordinates":[18643,14161]}},{"type":"Feature","properties":{"name":"Large Pyrelite Cave (N: 4706, E: 7327)","size":2,"tier":2},"geometry":{"type":"Point","coordinates":[21982,14119]}},{"type":"Feature","properties":{"name":"Large Elenvar Cave (N: 4710, E: 7000)","size":2,"tier":4},"geometry":{"type":"Point","coordinates":[21000,14129]}},{"type":"Feature","properties":{"name":"Ferralith Cave (N: 4736, E: 5962)","size":1,"tier":1},"geometry":{"type":"Point","coordinates":[17886,14208]}},{"type":"Feature","properties":{"name":"Large Ferralith Cave (N: 4744, E: 6705)","size":2,"tier":1},"geometry":{"type":"Point","coordinates":[20115,14231]}},{"type":"Feature","properties":{"name":"Large Pyrelite Cave (N: 4791, E: 6064)","size":2,"tier":2},"geometry":{"type":"Point","coordinates":[18193,14373]}},{"type":"Feature","properties":{"name":"Ferralith Cave (N: 4796, E: 5933)","size":1,"tier":1},"geometry":{"type":"Point","coordinates":[17799,14389]}},{"type":"Feature","properties":{"name":"Ferralith Cave (N: 4769, E: 6835)","size":1,"tier":1},"geometry":{"type":"Point","coordinates":[20506,14308]}},{"type":"Feature","properties":{"name":"Ferralith Cave (N: 4777, E: 6774)","size":1,"tier":1},"geometry":{"type":"Point","coordinates":[20324,14330]}},{"type":"Feature","properties":{"name":"Large Ferralith Cave (N: 4820, E: 5445)","size":2,"tier":1},"geometry":{"type":"Point","coordinates":[16334,14461]}},{"type":"Feature","properties":{"name":"Large Pyrelite Cave (N: 4827, E: 7246)","size":2,"tier":2},"geometry":{"type":"Point","coordinates":[21739,14480]}},{"type":"Feature","properties":{"name":"Large Ferralith Cave (N: 4838, E: 6702)","size":2,"tier":1},"geometry":{"type":"Point","coordinates":[20104,14513]}},{"type":"Feature","properties":{"name":"Ferralith Cave (N: 4833, E: 6819)","size":1,"tier":1},"geometry":{"type":"Point","coordinates":[20457,14498]}},{"type":"Feature","properties":{"name":"Ferralith Cave (N: 4836, E: 6869)","size":1,"tier":1},"geometry":{"type":"Point","coordinates":[20605,14507]}},{"type":"Feature","properties":{"name":"Ferralith Cave (N: 4895, E: 6778)","size":1,"tier":1},"geometry":{"type":"Point","coordinates":[20336,14684]}},{"type":"Feature","properties":{"name":"Ferralith Cave (N: 4896, E: 6829)","size":1,"tier":1},"geometry":{"type":"Point","coordinates":[20486,14688]}},{"type":"Feature","properties":{"name":"Large Ferralith Cave (N: 3759, E: 6192)","size":2,"tier":1},"geometry":{"type":"Point","coordinates":[18577,11277]}},{"type":"Feature","properties":{"name":"Large Ferralith Cave (N: 3715, E: 6523)","size":2,"tier":1},"geometry":{"type":"Point","coordinates":[19570,11145]}},{"type":"Feature","properties":{"name":"Large Ferralith Cave (N: 4038, E: 6669)","size":2,"tier":1},"geometry":{"type":"Point","coordinates":[20007,12114]}},{"type":"Feature","properties":{"name":"Large Ferralith Cave (N: 4202, E: 6374)","size":2,"tier":1},"geometry":{"type":"Point","coordinates":[19122,12606]}},{"type":"Feature","properties":{"name":"Large Pyrelite Cave (N: 2710, E: 8087)","size":2,"tier":2},"geometry":{"type":"Point","coordinates":[24260,8130]}},{"type":"Feature","properties":{"name":"Large Pyrelite Cave (N: 2781, E: 8178)","size":2,"tier":2},"geometry":{"type":"Point","coordinates":[24537,8344]}},{"type":"Feature","properties":{"name":"Ferralith Cave (N: 2783, E: 9798)","size":1,"tier":1},"geometry":{"type":"Point","coordinates":[29394,8348]}},{"type":"Feature","properties":{"name":"Ferralith Cave (N: 2811, E: 9660)","size":1,"tier":1},"geometry":{"type":"Point","coordinates":[28981,8434]}},{"type":"Feature","properties":{"name":"Ferralith Cave (N: 2804, E: 9225)","size":1,"tier":1},"geometry":{"type":"Point","coordinates":[27673,8411]}},{"type":"Feature","properties":{"name":"Ferralith Cave (N: 2804, E: 9281)","size":1,"tier":1},"geometry":{"type":"Point","coordinates":[27843,8411]}},{"type":"Feature","properties":{"name":"Ferralith Cave (N: 2822, E: 9760)","size":1,"tier":1},"geometry":{"type":"Point","coordinates":[29280,8465]}},{"type":"Feature","properties":{"name":"Large Pyrelite Cave (N: 2857, E: 8103)","size":2,"tier":2},"geometry":{"type":"Point","coordinates":[24309,8570]}},{"type":"Feature","properties":{"name":"Large Pyrelite Cave (N: 2872, E: 8243)","size":2,"tier":2},"geometry":{"type":"Point","coordinates":[24727,8615]}},{"type":"Feature","properties":{"name":"Ferralith Cave (N: 2859, E: 9258)","size":1,"tier":1},"geometry":{"type":"Point","coordinates":[27774,8576]}},{"type":"Feature","properties":{"name":"Ferralith Cave (N: 2860, E: 9319)","size":1,"tier":1},"geometry":{"type":"Point","coordinates":[27956,8579]}},{"type":"Feature","properties":{"name":"Large Ferralith Cave (N: 2899, E: 9657)","size":2,"tier":1},"geometry":{"type":"Point","coordinates":[28973,8697]}},{"type":"Feature","properties":{"name":"Large Ferralith Cave (N: 2908, E: 8974)","size":2,"tier":1},"geometry":{"type":"Point","coordinates":[26922,8723]}},{"type":"Feature","properties":{"name":"Large Pyrelite Cave (N: 2914, E: 9182)","size":2,"tier":2},"geometry":{"type":"Point","coordinates":[27545,8742]}},{"type":"Feature","properties":{"name":"Ferralith Cave (N: 2916, E: 9319)","size":1,"tier":1},"geometry":{"type":"Point","coordinates":[27957,8749]}},{"type":"Feature","properties":{"name":"Ferralith Cave (N: 2929, E: 9274)","size":1,"tier":1},"geometry":{"type":"Point","coordinates":[27825,8788]}},{"type":"Feature","properties":{"name":"Ferralith Cave (N: 2915, E: 9376)","size":1,"tier":1},"geometry":{"type":"Point","coordinates":[28130,8746]}},{"type":"Feature","properties":{"name":"Large Pyrelite Cave (N: 2913, E: 8012)","size":2,"tier":2},"geometry":{"type":"Point","coordinates":[24036,8738]}},{"type":"Feature","properties":{"name":"Large Ferralith Cave (N: 2948, E: 8853)","size":2,"tier":1},"geometry":{"type":"Point","coordinates":[26560,8844]}},{"type":"Feature","properties":{"name":"Large Ferralith Cave (N: 2973, E: 9042)","size":2,"tier":1},"geometry":{"type":"Point","coordinates":[27128,8919]}},{"type":"Feature","properties":{"name":"Large Pyrelite Cave (N: 2955, E: 8162)","size":2,"tier":2},"geometry":{"type":"Point","coordinates":[24488,8866]}},{"type":"Feature","properties":{"name":"Large Ferralith Cave (N: 2958, E: 9549)","size":2,"tier":1},"geometry":{"type":"Point","coordinates":[28646,8875]}},{"type":"Feature","properties":{"name":"Ferralith Cave (N: 2969, E: 10019)","size":1,"tier":1},"geometry":{"type":"Point","coordinates":[30060,8908]}},{"type":"Feature","properties":{"name":"Large Pyrelite Cave (N: 2969, E: 8383)","size":2,"tier":2},"geometry":{"type":"Point","coordinates":[25149,8906]}},{"type":"Feature","properties":{"name":"Large Pyrelite Cave (N: 2996, E: 7948)","size":2,"tier":2},"geometry":{"type":"Point","coordinates":[23845,8988]}},{"type":"Feature","properties":{"name":"Large Pyrelite Cave (N: 2995, E: 8245)","size":2,"tier":2},"geometry":{"type":"Point","coordinates":[24737,8985]}},{"type":"Feature","properties":{"name":"Ferralith Cave (N: 2978, E: 9353)","size":1,"tier":1},"geometry":{"type":"Point","coordinates":[28058,8934]}},{"type":"Feature","properties":{"name":"Large Ferralith Cave (N: 2988, E: 8919)","size":2,"tier":1},"geometry":{"type":"Point","coordinates":[26757,8965]}},{"type":"Feature","properties":{"name":"Ferralith Cave (N: 2983, E: 9300)","size":1,"tier":1},"geometry":{"type":"Point","coordinates":[27902,8948]}},{"type":"Feature","properties":{"name":"Ferralith Cave (N: 2982, E: 9966)","size":1,"tier":1},"geometry":{"type":"Point","coordinates":[29897,8945]}},{"type":"Feature","properties":{"name":"Ferralith Cave (N: 3034, E: 9322)","size":1,"tier":1},"geometry":{"type":"Point","coordinates":[27966,9103]}},{"type":"Feature","properties":{"name":"Ferralith Cave (N: 3033, E: 9920)","size":1,"tier":1},"geometry":{"type":"Point","coordinates":[29761,9100]}},{"type":"Feature","properties":{"name":"Ferralith Cave (N: 3019, E: 10058)","size":1,"tier":1},"geometry":{"type":"Point","coordinates":[30175,9058]}},{"type":"Feature","properties":{"name":"Ferralith Cave (N: 3020, E: 9245)","size":1,"tier":1},"geometry":{"type":"Point","coordinates":[27733,9059]}},{"type":"Feature","properties":{"name":"Ferralith Cave (N: 3025, E: 9492)","size":1,"tier":1},"geometry":{"type":"Point","coordinates":[28478,9074]}},{"type":"Feature","properties":{"name":"Large Pyrelite Cave (N: 3049, E: 7855)","size":2,"tier":2},"geometry":{"type":"Point","coordinates":[23567,9147]}},{"type":"Feature","properties":{"name":"Large Pyrelite Cave (N: 3067, E: 8093)","size":2,"tier":2},"geometry":{"type":"Point","coordinates":[24281,9201]}},{"type":"Feature","properties":{"name":"Large Ferralith Cave (N: 3049, E: 9571)","size":2,"tier":1},"geometry":{"type":"Point","coordinates":[28715,9147]}},{"type":"Feature","properties":{"name":"Ferralith Cave (N: 3066, E: 8971)","size":1,"tier":1},"geometry":{"type":"Point","coordinates":[26912,9199]}},{"type":"Feature","properties":{"name":"Ferralith Cave (N: 3053, E: 9110)","size":1,"tier":1},"geometry":{"type":"Point","coordinates":[27333,9160]}},{"type":"Feature","properties":{"name":"Ferralith Cave (N: 3042, E: 9162)","size":1,"tier":1},"geometry":{"type":"Point","coordinates":[27486,9127]}},{"type":"Feature","properties":{"name":"Large Pyrelite Cave (N: 3071, E: 8329)","size":2,"tier":2},"geometry":{"type":"Point","coordinates":[24988,9212]}},{"type":"Feature","properties":{"name":"Ferralith Cave (N: 3070, E: 9048)","size":1,"tier":1},"geometry":{"type":"Point","coordinates":[27143,9209]}},{"type":"Feature","properties":{"name":"Ferralith Cave (N: 3089, E: 9195)","size":1,"tier":1},"geometry":{"type":"Point","coordinates":[27585,9267]}},{"type":"Feature","properties":{"name":"Ferralith Cave (N: 3093, E: 9316)","size":1,"tier":1},"geometry":{"type":"Point","coordinates":[27951,9280]}},{"type":"Feature","properties":{"name":"Ferralith Cave (N: 3085, E: 9638)","size":1,"tier":1},"geometry":{"type":"Point","coordinates":[28916,9256]}},{"type":"Feature","properties":{"name":"Ferralith Cave (N: 3082, E: 9268)","size":1,"tier":1},"geometry":{"type":"Point","coordinates":[27802,9245]}},{"type":"Feature","properties":{"name":"Ferralith Cave (N: 3107, E: 9011)","size":1,"tier":1},"geometry":{"type":"Point","coordinates":[27034,9321]}},{"type":"Feature","properties":{"name":"Large Pyrelite Cave (N: 3124, E: 8247)","size":2,"tier":2},"geometry":{"type":"Point","coordinates":[24742,9373]}},{"type":"Feature","properties":{"name":"Large Ferralith Cave (N: 3118, E: 8533)","size":2,"tier":1},"geometry":{"type":"Point","coordinates":[25599,9355]}},{"type":"Feature","properties":{"name":"Ferralith Cave (N: 3104, E: 9093)","size":1,"tier":1},"geometry":{"type":"Point","coordinates":[27278,9313]}},{"type":"Feature","properties":{"name":"Large Ferralith Cave (N: 3121, E: 9972)","size":2,"tier":1},"geometry":{"type":"Point","coordinates":[29918,9364]}},{"type":"Feature","properties":{"name":"Large Pyrelite Cave (N: 3105, E: 7979)","size":2,"tier":2},"geometry":{"type":"Point","coordinates":[23938,9314]}},{"type":"Feature","properties":{"name":"Large Pyrelite Cave (N: 3164, E: 7896)","size":2,"tier":2},"geometry":{"type":"Point","coordinates":[23688,9493]}},{"type":"Feature","properties":{"name":"Ferralith Cave (N: 3151, E: 8982)","size":1,"tier":1},"geometry":{"type":"Point","coordinates":[26949,9454]}},{"type":"Feature","properties":{"name":"Large Pyrelite Cave (N: 3196, E: 8172)","size":2,"tier":2},"geometry":{"type":"Point","coordinates":[24517,9588]}},{"type":"Feature","properties":{"name":"Large Ferralith Cave (N: 3173, E: 9628)","size":2,"tier":1},"geometry":{"type":"Point","coordinates":[28886,9520]}},{"type":"Feature","properties":{"name":"Large Pyrelite Cave (N: 3188, E: 8061)","size":2,"tier":2},"geometry":{"type":"Point","coordinates":[24182,9563]}},{"type":"Feature","properties":{"name":"Large Ferralith Cave (N: 3196, E: 9264)","size":2,"tier":1},"geometry":{"type":"Point","coordinates":[27790,9587]}},{"type":"Feature","properties":{"name":"Large Pyrelite Cave (N: 3231, E: 8392)","size":2,"tier":2},"geometry":{"type":"Point","coordinates":[25178,9693]}},{"type":"Feature","properties":{"name":"Ferralith Cave (N: 3205, E: 8994)","size":1,"tier":1},"geometry":{"type":"Point","coordinates":[26984,9615]}},{"type":"Feature","properties":{"name":"Large Ferralith Cave (N: 3211, E: 9950)","size":2,"tier":1},"geometry":{"type":"Point","coordinates":[29851,9633]}},{"type":"Feature","properties":{"name":"Large Ferralith Cave (N: 3221, E: 9483)","size":2,"tier":1},"geometry":{"type":"Point","coordinates":[28449,9662]}},{"type":"Feature","properties":{"name":"Ferralith Cave (N: 3263, E: 8973)","size":1,"tier":1},"geometry":{"type":"Point","coordinates":[26921,9789]}},{"type":"Feature","properties":{"name":"Ferralith Cave (N: 3243, E: 9026)","size":1,"tier":1},"geometry":{"type":"Point","coordinates":[27080,9729]}},{"type":"Feature","properties":{"name":"Large Pyrelite Cave (N: 3246, E: 8264)","size":2,"tier":2},"geometry":{"type":"Point","coordinates":[24793,9739]}},{"type":"Feature","properties":{"name":"Ferralith Cave (N: 3234, E: 8753)","size":1,"tier":1},"geometry":{"type":"Point","coordinates":[26260,9703]}},{"type":"Feature","properties":{"name":"Large Ferralith Cave (N: 3252, E: 10038)","size":2,"tier":1},"geometry":{"type":"Point","coordinates":[30113,9757]}},{"type":"Feature","properties":{"name":"Large Pyrelite Cave (N: 3245, E: 7988)","size":2,"tier":2},"geometry":{"type":"Point","coordinates":[23966,9734]}},{"type":"Feature","properties":{"name":"Ferralith Cave (N: 3288, E: 8512)","size":1,"tier":1},"geometry":{"type":"Point","coordinates":[25537,9864]}},{"type":"Feature","properties":{"name":"Large Ferralith Cave (N: 3267, E: 9553)","size":2,"tier":1},"geometry":{"type":"Point","coordinates":[28659,9801]}},{"type":"Feature","properties":{"name":"Large Ferralith Cave (N: 3290, E: 9369)","size":2,"tier":1},"geometry":{"type":"Point","coordinates":[28107,9871]}},{"type":"Feature","properties":{"name":"Ferralith Cave (N: 3278, E: 8563)","size":1,"tier":1},"geometry":{"type":"Point","coordinates":[25689,9833]}},{"type":"Feature","properties":{"name":"Large Ferralith Cave (N: 3289, E: 8696)","size":2,"tier":1},"geometry":{"type":"Point","coordinates":[26089,9866]}},{"type":"Feature","properties":{"name":"Large Ferralith Cave (N: 3282, E: 8816)","size":2,"tier":1},"geometry":{"type":"Point","coordinates":[26447,9845]}},{"type":"Feature","properties":{"name":"Large Pyrelite Cave (N: 3300, E: 8183)","size":2,"tier":2},"geometry":{"type":"Point","coordinates":[24549,9900]}},{"type":"Feature","properties":{"name":"Large Ferralith Cave (N: 3297, E: 8894)","size":2,"tier":1},"geometry":{"type":"Point","coordinates":[26684,9891]}},{"type":"Feature","properties":{"name":"Ferralith Cave (N: 3314, E: 8599)","size":1,"tier":1},"geometry":{"type":"Point","coordinates":[25797,9943]}},{"type":"Feature","properties":{"name":"Ferralith Cave (N: 3319, E: 8993)","size":1,"tier":1},"geometry":{"type":"Point","coordinates":[26982,9958]}},{"type":"Feature","properties":{"name":"Ferralith Cave (N: 3305, E: 9048)","size":1,"tier":1},"geometry":{"type":"Point","coordinates":[27144,9914]}},{"type":"Feature","properties":{"name":"Large Pyrelite Cave (N: 3344, E: 8396)","size":2,"tier":2},"geometry":{"type":"Point","coordinates":[25187,10033]}},{"type":"Feature","properties":{"name":"Ferralith Cave (N: 3332, E: 8551)","size":1,"tier":1},"geometry":{"type":"Point","coordinates":[25652,9995]}},{"type":"Feature","properties":{"name":"Ferralith Cave (N: 3358, E: 8644)","size":1,"tier":1},"geometry":{"type":"Point","coordinates":[25930,10073]}},{"type":"Feature","properties":{"name":"Large Pyrelite Cave (N: 3353, E: 9439)","size":2,"tier":2},"geometry":{"type":"Point","coordinates":[28317,10058]}},{"type":"Feature","properties":{"name":"Ferralith Cave (N: 3363, E: 8744)","size":1,"tier":1},"geometry":{"type":"Point","coordinates":[26234,10089]}},{"type":"Feature","properties":{"name":"Ferralith Cave (N: 3360, E: 9029)","size":1,"tier":1},"geometry":{"type":"Point","coordinates":[27086,10080]}},{"type":"Feature","properties":{"name":"Large Pyrelite Cave (N: 3360, E: 8259)","size":2,"tier":2},"geometry":{"type":"Point","coordinates":[24777,10081]}},{"type":"Feature","properties":{"name":"Ferralith Cave (N: 3377, E: 8698)","size":1,"tier":1},"geometry":{"type":"Point","coordinates":[26096,10132]}},{"type":"Feature","properties":{"name":"Large Ferralith Cave (N: 3382, E: 9210)","size":2,"tier":1},"geometry":{"type":"Point","coordinates":[27629,10147]}},{"type":"Feature","properties":{"name":"Large Pyrelite Cave (N: 3377, E: 8060)","size":2,"tier":2},"geometry":{"type":"Point","coordinates":[24180,10130]}},{"type":"Feature","properties":{"name":"Ferralith Cave (N: 3364, E: 9309)","size":1,"tier":1},"geometry":{"type":"Point","coordinates":[27926,10091]}},{"type":"Feature","properties":{"name":"Large Pyrelite Cave (N: 3392, E: 7905)","size":2,"tier":2},"geometry":{"type":"Point","coordinates":[23715,10176]}},{"type":"Feature","properties":{"name":"Large Pyrelite Cave (N: 3406, E: 8174)","size":2,"tier":2},"geometry":{"type":"Point","coordinates":[24523,10219]}},{"type":"Feature","properties":{"name":"Large Ferralith Cave (N: 3405, E: 8811)","size":2,"tier":1},"geometry":{"type":"Point","coordinates":[26436,10216]}},{"type":"Feature","properties":{"name":"Ferralith Cave (N: 3422, E: 9314)","size":1,"tier":1},"geometry":{"type":"Point","coordinates":[27943,10267]}},{"type":"Feature","properties":{"name":"Large Ferralith Cave (N: 3414, E: 8910)","size":2,"tier":1},"geometry":{"type":"Point","coordinates":[26729,10241]}},{"type":"Feature","properties":{"name":"Ferralith Cave (N: 3412, E: 9366)","size":1,"tier":1},"geometry":{"type":"Point","coordinates":[28096,10235]}},{"type":"Feature","properties":{"name":"Large Pyrelite Cave (N: 3444, E: 8455)","size":2,"tier":2},"geometry":{"type":"Point","coordinates":[25366,10333]}},{"type":"Feature","properties":{"name":"Ferralith Cave (N: 3428, E: 8707)","size":1,"tier":1},"geometry":{"type":"Point","coordinates":[26120,10285]}},{"type":"Feature","properties":{"name":"Ferralith Cave (N: 3441, E: 9272)","size":1,"tier":1},"geometry":{"type":"Point","coordinates":[27819,10324]}},{"type":"Feature","properties":{"name":"Large Pyrelite Cave (N: 3433, E: 8552)","size":2,"tier":2},"geometry":{"type":"Point","coordinates":[25656,10298]}},{"type":"Feature","properties":{"name":"Large Pyrelite Cave (N: 3478, E: 8023)","size":2,"tier":2},"geometry":{"type":"Point","coordinates":[24068,10434]}},{"type":"Feature","properties":{"name":"Ferralith Cave (N: 3483, E: 8859)","size":1,"tier":1},"geometry":{"type":"Point","coordinates":[26578,10449]}},{"type":"Feature","properties":{"name":"Ferralith Cave (N: 3483, E: 8962)","size":1,"tier":1},"geometry":{"type":"Point","coordinates":[26887,10449]}},{"type":"Feature","properties":{"name":"Ferralith Cave (N: 3483, E: 9097)","size":1,"tier":1},"geometry":{"type":"Point","coordinates":[27293,10449]}},{"type":"Feature","properties":{"name":"Ferralith Cave (N: 3462, E: 8750)","size":1,"tier":1},"geometry":{"type":"Point","coordinates":[26251,10387]}},{"type":"Feature","properties":{"name":"Ferralith Cave (N: 3468, E: 8674)","size":1,"tier":1},"geometry":{"type":"Point","coordinates":[26023,10405]}},{"type":"Feature","properties":{"name":"Ferralith Cave (N: 3471, E: 9231)","size":1,"tier":1},"geometry":{"type":"Point","coordinates":[27696,10414]}},{"type":"Feature","properties":{"name":"Large Pyrelite Cave (N: 3465, E: 8268)","size":2,"tier":2},"geometry":{"type":"Point","coordinates":[24806,10394]}},{"type":"Feature","properties":{"name":"Large Ferralith Cave (N: 3466, E: 9441)","size":2,"tier":1},"geometry":{"type":"Point","coordinates":[28322,10397]}},{"type":"Feature","properties":{"name":"Ferralith Cave (N: 3494, E: 9048)","size":1,"tier":1},"geometry":{"type":"Point","coordinates":[27143,10482]}},{"type":"Feature","properties":{"name":"Ferralith Cave (N: 3499, E: 9270)","size":1,"tier":1},"geometry":{"type":"Point","coordinates":[27811,10497]}},{"type":"Feature","properties":{"name":"Large Ferralith Cave (N: 3499, E: 9367)","size":2,"tier":1},"geometry":{"type":"Point","coordinates":[28101,10497]}},{"type":"Feature","properties":{"name":"Ferralith Cave (N: 3506, E: 8618)","size":1,"tier":1},"geometry":{"type":"Point","coordinates":[25855,10519]}},{"type":"Feature","properties":{"name":"Ferralith Cave (N: 3511, E: 8897)","size":1,"tier":1},"geometry":{"type":"Point","coordinates":[26692,10532]}},{"type":"Feature","properties":{"name":"Large Pyrelite Cave (N: 3524, E: 7921)","size":2,"tier":2},"geometry":{"type":"Point","coordinates":[23763,10572]}},{"type":"Feature","properties":{"name":"Ferralith Cave (N: 3526, E: 8717)","size":1,"tier":1},"geometry":{"type":"Point","coordinates":[26151,10578]}},{"type":"Feature","properties":{"name":"Ferralith Cave (N: 3542, E: 9304)","size":1,"tier":1},"geometry":{"type":"Point","coordinates":[27913,10626]}},{"type":"Feature","properties":{"name":"Large Pyrelite Cave (N: 3520, E: 8355)","size":2,"tier":2},"geometry":{"type":"Point","coordinates":[25064,10561]}},{"type":"Feature","properties":{"name":"Large Ferralith Cave (N: 3539, E: 8515)","size":2,"tier":1},"geometry":{"type":"Point","coordinates":[25547,10618]}},{"type":"Feature","properties":{"name":"Ferralith Cave (N: 3530, E: 8659)","size":1,"tier":1},"geometry":{"type":"Point","coordinates":[25978,10591]}},{"type":"Feature","properties":{"name":"Large Ferralith Cave (N: 3520, E: 9172)","size":2,"tier":1},"geometry":{"type":"Point","coordinates":[27517,10561]}},{"type":"Feature","properties":{"name":"Ferralith Cave (N: 3529, E: 9759)","size":1,"tier":1},"geometry":{"type":"Point","coordinates":[29278,10588]}},{"type":"Feature","properties":{"name":"Ferralith Cave (N: 3535, E: 8947)","size":1,"tier":1},"geometry":{"type":"Point","coordinates":[26842,10604]}},{"type":"Feature","properties":{"name":"Ferralith Cave (N: 3538, E: 9010)","size":1,"tier":1},"geometry":{"type":"Point","coordinates":[27030,10613]}},{"type":"Feature","properties":{"name":"Large Pyrelite Cave (N: 3563, E: 7839)","size":2,"tier":2},"geometry":{"type":"Point","coordinates":[23517,10689]}},{"type":"Feature","properties":{"name":"Large Pyrelite Cave (N: 3562, E: 8165)","size":2,"tier":2},"geometry":{"type":"Point","coordinates":[24494,10686]}},{"type":"Feature","properties":{"name":"Ferralith Cave (N: 3575, E: 9231)","size":1,"tier":1},"geometry":{"type":"Point","coordinates":[27695,10725]}},{"type":"Feature","properties":{"name":"Large Ferralith Cave (N: 3573, E: 8808)","size":2,"tier":1},"geometry":{"type":"Point","coordinates":[26425,10720]}},{"type":"Feature","properties":{"name":"Ferralith Cave (N: 3557, E: 9060)","size":1,"tier":1},"geometry":{"type":"Point","coordinates":[27180,10670]}},{"type":"Feature","properties":{"name":"Large Pyrelite Cave (N: 3600, E: 8258)","size":2,"tier":2},"geometry":{"type":"Point","coordinates":[24775,10800]}},{"type":"Feature","properties":{"name":"Ferralith Cave (N: 3597, E: 8977)","size":1,"tier":1},"geometry":{"type":"Point","coordinates":[26931,10791]}},{"type":"Feature","properties":{"name":"Large Ferralith Cave (N: 3600, E: 9363)","size":2,"tier":1},"geometry":{"type":"Point","coordinates":[28090,10800]}},{"type":"Feature","properties":{"name":"Ferralith Cave (N: 3593, E: 9110)","size":1,"tier":1},"geometry":{"type":"Point","coordinates":[27333,10780]}},{"type":"Feature","properties":{"name":"Ferralith Cave (N: 3606, E: 9180)","size":1,"tier":1},"geometry":{"type":"Point","coordinates":[27541,10819]}},{"type":"Feature","properties":{"name":"Ferralith Cave (N: 3607, E: 9282)","size":1,"tier":1},"geometry":{"type":"Point","coordinates":[27848,10820]}},{"type":"Feature","properties":{"name":"Large Ferralith Cave (N: 3630, E: 8704)","size":2,"tier":1},"geometry":{"type":"Point","coordinates":[26113,10890]}},{"type":"Feature","properties":{"name":"Ferralith Cave (N: 3633, E: 9042)","size":1,"tier":1},"geometry":{"type":"Point","coordinates":[27128,10899]}},{"type":"Feature","properties":{"name":"Large Pyrelite Cave (N: 3619, E: 8022)","size":2,"tier":2},"geometry":{"type":"Point","coordinates":[24066,10856]}},{"type":"Feature","properties":{"name":"Large Ferralith Cave (N: 3627, E: 8868)","size":2,"tier":1},"geometry":{"type":"Point","coordinates":[26606,10880]}},{"type":"Feature","properties":{"name":"Large Pyrelite Cave (N: 3678, E: 8103)","size":2,"tier":2},"geometry":{"type":"Point","coordinates":[24309,11035]}},{"type":"Feature","properties":{"name":"Ferralith Cave (N: 3672, E: 8797)","size":1,"tier":1},"geometry":{"type":"Point","coordinates":[26391,11017]}},{"type":"Feature","properties":{"name":"Ferralith Cave (N: 3650, E: 8992)","size":1,"tier":1},"geometry":{"type":"Point","coordinates":[26976,10949]}},{"type":"Feature","properties":{"name":"Ferralith Cave (N: 3652, E: 9094)","size":1,"tier":1},"geometry":{"type":"Point","coordinates":[27280,10955]}},{"type":"Feature","properties":{"name":"Ferralith Cave (N: 3675, E: 9133)","size":1,"tier":1},"geometry":{"type":"Point","coordinates":[27401,11024]}},{"type":"Feature","properties":{"name":"Ferralith Cave (N: 3672, E: 9415)","size":1,"tier":1},"geometry":{"type":"Point","coordinates":[28243,11015]}},{"type":"Feature","properties":{"name":"Large Ferralith Cave (N: 3689, E: 8923)","size":2,"tier":1},"geometry":{"type":"Point","coordinates":[26769,11067]}},{"type":"Feature","properties":{"name":"Ferralith Cave (N: 3711, E: 8838)","size":1,"tier":1},"geometry":{"type":"Point","coordinates":[26515,11133]}},{"type":"Feature","properties":{"name":"Ferralith Cave (N: 3709, E: 9075)","size":1,"tier":1},"geometry":{"type":"Point","coordinates":[27226,11127]}},{"type":"Feature","properties":{"name":"Ferralith Cave (N: 3687, E: 9250)","size":1,"tier":1},"geometry":{"type":"Point","coordinates":[27751,11061]}},{"type":"Feature","properties":{"name":"Large Pyrelite Cave (N: 3691, E: 7946)","size":2,"tier":2},"geometry":{"type":"Point","coordinates":[23841,11074]}},{"type":"Feature","properties":{"name":"Large Pyrelite Cave (N: 3702, E: 8230)","size":2,"tier":2},"geometry":{"type":"Point","coordinates":[24689,11107]}},{"type":"Feature","properties":{"name":"Ferralith Cave (N: 3689, E: 9024)","size":1,"tier":1},"geometry":{"type":"Point","coordinates":[27073,11068]}},{"type":"Feature","properties":{"name":"Large Ferralith Cave (N: 3699, E: 9330)","size":2,"tier":1},"geometry":{"type":"Point","coordinates":[27991,11098]}},{"type":"Feature","properties":{"name":"Ferralith Cave (N: 3708, E: 9540)","size":1,"tier":1},"geometry":{"type":"Point","coordinates":[28619,11125]}},{"type":"Feature","properties":{"name":"Ferralith Cave (N: 3711, E: 9666)","size":1,"tier":1},"geometry":{"type":"Point","coordinates":[28999,11134]}},{"type":"Feature","properties":{"name":"Ferralith Cave (N: 3705, E: 9614)","size":1,"tier":1},"geometry":{"type":"Point","coordinates":[28843,11114]}},{"type":"Feature","properties":{"name":"Ferralith Cave (N: 3726, E: 9141)","size":1,"tier":1},"geometry":{"type":"Point","coordinates":[27422,11178]}},{"type":"Feature","properties":{"name":"Large Pyrelite Cave (N: 3717, E: 8326)","size":2,"tier":2},"geometry":{"type":"Point","coordinates":[24979,11150]}},{"type":"Feature","properties":{"name":"Ferralith Cave (N: 3719, E: 8764)","size":1,"tier":1},"geometry":{"type":"Point","coordinates":[26294,11156]}},{"type":"Feature","properties":{"name":"Ferralith Cave (N: 3739, E: 8983)","size":1,"tier":1},"geometry":{"type":"Point","coordinates":[26950,11216]}},{"type":"Feature","properties":{"name":"Ferralith Cave (N: 3722, E: 9217)","size":1,"tier":1},"geometry":{"type":"Point","coordinates":[27649,11165]}},{"type":"Feature","properties":{"name":"Ferralith Cave (N: 3751, E: 8662)","size":1,"tier":1},"geometry":{"type":"Point","coordinates":[25986,11253]}},{"type":"Feature","properties":{"name":"Ferralith Cave (N: 3749, E: 9269)","size":1,"tier":1},"geometry":{"type":"Point","coordinates":[27807,11247]}},{"type":"Feature","properties":{"name":"Large Ferralith Cave (N: 3746, E: 9474)","size":2,"tier":1},"geometry":{"type":"Point","coordinates":[28423,11238]}},{"type":"Feature","properties":{"name":"Ferralith Cave (N: 3756, E: 8801)","size":1,"tier":1},"geometry":{"type":"Point","coordinates":[26402,11269]}},{"type":"Feature","properties":{"name":"Ferralith Cave (N: 3749, E: 9390)","size":1,"tier":1},"geometry":{"type":"Point","coordinates":[28172,11248]}},{"type":"Feature","properties":{"name":"Ferralith Cave (N: 3755, E: 9618)","size":1,"tier":1},"geometry":{"type":"Point","coordinates":[28857,11266]}},{"type":"Feature","properties":{"name":"Ferralith Cave (N: 3779, E: 8700)","size":1,"tier":1},"geometry":{"type":"Point","coordinates":[26102,11337]}},{"type":"Feature","properties":{"name":"Ferralith Cave (N: 3793, E: 9315)","size":1,"tier":1},"geometry":{"type":"Point","coordinates":[27947,11379]}},{"type":"Feature","properties":{"name":"Large Pyrelite Cave (N: 3788, E: 8093)","size":2,"tier":2},"geometry":{"type":"Point","coordinates":[24279,11365]}},{"type":"Feature","properties":{"name":"Large Ferralith Cave (N: 3795, E: 8869)","size":2,"tier":1},"geometry":{"type":"Point","coordinates":[26609,11386]}},{"type":"Feature","properties":{"name":"Ferralith Cave (N: 3800, E: 8976)","size":1,"tier":1},"geometry":{"type":"Point","coordinates":[26928,11401]}},{"type":"Feature","properties":{"name":"Ferralith Cave (N: 3779, E: 9155)","size":1,"tier":1},"geometry":{"type":"Point","coordinates":[27466,11338]}},{"type":"Feature","properties":{"name":"Large Ferralith Cave (N: 3795, E: 9552)","size":2,"tier":1},"geometry":{"type":"Point","coordinates":[28658,11386]}},{"type":"Feature","properties":{"name":"Large Pyrelite Cave (N: 3807, E: 8184)","size":2,"tier":2},"geometry":{"type":"Point","coordinates":[24554,11420]}},{"type":"Feature","properties":{"name":"Large Ferralith Cave (N: 3797, E: 8556)","size":2,"tier":1},"geometry":{"type":"Point","coordinates":[25668,11390]}},{"type":"Feature","properties":{"name":"Ferralith Cave (N: 3785, E: 8760)","size":1,"tier":1},"geometry":{"type":"Point","coordinates":[26281,11354]}},{"type":"Feature","properties":{"name":"Ferralith Cave (N: 3782, E: 9052)","size":1,"tier":1},"geometry":{"type":"Point","coordinates":[27154,11345]}},{"type":"Feature","properties":{"name":"Large Ferralith Cave (N: 3798, E: 9689)","size":2,"tier":1},"geometry":{"type":"Point","coordinates":[29065,11393]}},{"type":"Feature","properties":{"name":"Ferralith Cave (N: 3816, E: 8635)","size":1,"tier":1},"geometry":{"type":"Point","coordinates":[25906,11448]}},{"type":"Feature","properties":{"name":"Ferralith Cave (N: 3838, E: 8934)","size":1,"tier":1},"geometry":{"type":"Point","coordinates":[26801,11514]}},{"type":"Feature","properties":{"name":"Ferralith Cave (N: 3824, E: 9379)","size":1,"tier":1},"geometry":{"type":"Point","coordinates":[28136,11472]}},{"type":"Feature","properties":{"name":"Ferralith Cave (N: 3835, E: 9278)","size":1,"tier":1},"geometry":{"type":"Point","coordinates":[27835,11506]}},{"type":"Feature","properties":{"name":"Ferralith Cave (N: 3810, E: 9092)","size":1,"tier":1},"geometry":{"type":"Point","coordinates":[27276,11429]}},{"type":"Feature","properties":{"name":"Ferralith Cave (N: 3809, E: 9222)","size":1,"tier":1},"geometry":{"type":"Point","coordinates":[27667,11426]}},{"type":"Feature","properties":{"name":"Large Ferralith Cave (N: 3846, E: 8462)","size":2,"tier":1},"geometry":{"type":"Point","coordinates":[25387,11538]}},{"type":"Feature","properties":{"name":"Ferralith Cave (N: 3869, E: 9214)","size":1,"tier":1},"geometry":{"type":"Point","coordinates":[27642,11607]}},{"type":"Feature","properties":{"name":"Large Ferralith Cave (N: 3870, E: 8801)","size":2,"tier":1},"geometry":{"type":"Point","coordinates":[26402,11611]}},{"type":"Feature","properties":{"name":"Large Ferralith Cave (N: 3864, E: 9609)","size":2,"tier":1},"geometry":{"type":"Point","coordinates":[28828,11593]}},{"type":"Feature","properties":{"name":"Large Emarium Cave (N: 3857, E: 9837)","size":2,"tier":3},"geometry":{"type":"Point","coordinates":[29513,11572]}},{"type":"Feature","properties":{"name":"Ferralith Cave (N: 3872, E: 9056)","size":1,"tier":1},"geometry":{"type":"Point","coordinates":[27168,11615]}},{"type":"Feature","properties":{"name":"Ferralith Cave (N: 3848, E: 9169)","size":1,"tier":1},"geometry":{"type":"Point","coordinates":[27506,11543]}},{"type":"Feature","properties":{"name":"Ferralith Cave (N: 3858, E: 9419)","size":1,"tier":1},"geometry":{"type":"Point","coordinates":[28255,11573]}},{"type":"Feature","properties":{"name":"Large Ferralith Cave (N: 3889, E: 8526)","size":2,"tier":1},"geometry":{"type":"Point","coordinates":[25579,11667]}},{"type":"Feature","properties":{"name":"Ferralith Cave (N: 3881, E: 9350)","size":1,"tier":1},"geometry":{"type":"Point","coordinates":[28051,11644]}},{"type":"Feature","properties":{"name":"Large Ferralith Cave (N: 3885, E: 8689)","size":2,"tier":1},"geometry":{"type":"Point","coordinates":[26069,11654]}},{"type":"Feature","properties":{"name":"Ferralith Cave (N: 3892, E: 9015)","size":1,"tier":1},"geometry":{"type":"Point","coordinates":[27045,11675]}},{"type":"Feature","properties":{"name":"Ferralith Cave (N: 3883, E: 9465)","size":1,"tier":1},"geometry":{"type":"Point","coordinates":[28396,11648]}},{"type":"Feature","properties":{"name":"Ferralith Cave (N: 3907, E: 9124)","size":1,"tier":1},"geometry":{"type":"Point","coordinates":[27373,11721]}},{"type":"Feature","properties":{"name":"Ferralith Cave (N: 3932, E: 9354)","size":1,"tier":1},"geometry":{"type":"Point","coordinates":[28062,11796]}},{"type":"Feature","properties":{"name":"Large Ferralith Cave (N: 3922, E: 8946)","size":2,"tier":1},"geometry":{"type":"Point","coordinates":[26839,11767]}},{"type":"Feature","properties":{"name":"Ferralith Cave (N: 3935, E: 9163)","size":1,"tier":1},"geometry":{"type":"Point","coordinates":[27490,11806]}},{"type":"Feature","properties":{"name":"Large Pyrelite Cave (N: 3930, E: 9706)","size":2,"tier":2},"geometry":{"type":"Point","coordinates":[29118,11791]}},{"type":"Feature","properties":{"name":"Ferralith Cave (N: 3928, E: 8626)","size":1,"tier":1},"geometry":{"type":"Point","coordinates":[25878,11783]}},{"type":"Feature","properties":{"name":"Large Ferralith Cave (N: 3908, E: 8870)","size":2,"tier":1},"geometry":{"type":"Point","coordinates":[26608,11723]}},{"type":"Feature","properties":{"name":"Ferralith Cave (N: 3944, E: 9033)","size":1,"tier":1},"geometry":{"type":"Point","coordinates":[27100,11832]}},{"type":"Feature","properties":{"name":"Ferralith Cave (N: 3967, E: 9075)","size":1,"tier":1},"geometry":{"type":"Point","coordinates":[27228,11902]}},{"type":"Feature","properties":{"name":"Large Ferralith Cave (N: 3963, E: 9255)","size":2,"tier":1},"geometry":{"type":"Point","coordinates":[27766,11889]}},{"type":"Feature","properties":{"name":"Large Ferralith Cave (N: 3979, E: 8735)","size":2,"tier":1},"geometry":{"type":"Point","coordinates":[26205,11937]}},{"type":"Feature","properties":{"name":"Large Elenvar Cave (N: 3973, E: 8218)","size":2,"tier":4},"geometry":{"type":"Point","coordinates":[24656,11920]}},{"type":"Feature","properties":{"name":"Ferralith Cave (N: 3987, E: 9151)","size":1,"tier":1},"geometry":{"type":"Point","coordinates":[27456,11962]}},{"type":"Feature","properties":{"name":"Ferralith Cave (N: 3998, E: 8650)","size":1,"tier":1},"geometry":{"type":"Point","coordinates":[25950,11993]}},{"type":"Feature","properties":{"name":"Large Ferralith Cave (N: 3998, E: 8880)","size":2,"tier":1},"geometry":{"type":"Point","coordinates":[26639,11993]}},{"type":"Feature","properties":{"name":"Ferralith Cave (N: 3988, E: 9359)","size":1,"tier":1},"geometry":{"type":"Point","coordinates":[28077,11963]}},{"type":"Feature","properties":{"name":"Large Ferralith Cave (N: 3971, E: 9447)","size":2,"tier":1},"geometry":{"type":"Point","coordinates":[28343,11912]}},{"type":"Feature","properties":{"name":"Ferralith Cave (N: 4012, E: 9042)","size":1,"tier":1},"geometry":{"type":"Point","coordinates":[27126,12036]}},{"type":"Feature","properties":{"name":"Large Pyrelite Cave (N: 4002, E: 8512)","size":2,"tier":2},"geometry":{"type":"Point","coordinates":[25537,12007]}},{"type":"Feature","properties":{"name":"Large Ferralith Cave (N: 4031, E: 9226)","size":2,"tier":1},"geometry":{"type":"Point","coordinates":[27680,12094]}},{"type":"Feature","properties":{"name":"Large Pyrelite Cave (N: 4024, E: 9642)","size":2,"tier":2},"geometry":{"type":"Point","coordinates":[28926,12073]}},{"type":"Feature","properties":{"name":"Ferralith Cave (N: 4002, E: 8993)","size":1,"tier":1},"geometry":{"type":"Point","coordinates":[26979,12005]}},{"type":"Feature","properties":{"name":"Large Ferralith Cave (N: 4045, E: 9538)","size":2,"tier":1},"geometry":{"type":"Point","coordinates":[28616,12135]}},{"type":"Feature","properties":{"name":"Ferralith Cave (N: 4044, E: 9086)","size":1,"tier":1},"geometry":{"type":"Point","coordinates":[27257,12133]}},{"type":"Feature","properties":{"name":"Ferralith Cave (N: 4052, E: 9306)","size":1,"tier":1},"geometry":{"type":"Point","coordinates":[27918,12157]}},{"type":"Feature","properties":{"name":"Ferralith Cave (N: 4047, E: 8804)","size":1,"tier":1},"geometry":{"type":"Point","coordinates":[26414,12140]}},{"type":"Feature","properties":{"name":"Large Pyrelite Cave (N: 4092, E: 8595)","size":2,"tier":2},"geometry":{"type":"Point","coordinates":[25786,12276]}},{"type":"Feature","properties":{"name":"Ferralith Cave (N: 4090, E: 8705)","size":1,"tier":1},"geometry":{"type":"Point","coordinates":[26115,12270]}},{"type":"Feature","properties":{"name":"Large Pyrelite Cave (N: 4081, E: 8322)","size":2,"tier":2},"geometry":{"type":"Point","coordinates":[24967,12244]}},{"type":"Feature","properties":{"name":"Ferralith Cave (N: 4088, E: 8862)","size":1,"tier":1},"geometry":{"type":"Point","coordinates":[26586,12265]}},{"type":"Feature","properties":{"name":"Ferralith Cave (N: 4083, E: 8974)","size":1,"tier":1},"geometry":{"type":"Point","coordinates":[26924,12250]}},{"type":"Feature","properties":{"name":"Large Ferralith Cave (N: 4071, E: 9159)","size":2,"tier":1},"geometry":{"type":"Point","coordinates":[27479,12214]}},{"type":"Feature","properties":{"name":"Large Ferralith Cave (N: 4084, E: 9389)","size":2,"tier":1},"geometry":{"type":"Point","coordinates":[28166,12253]}},{"type":"Feature","properties":{"name":"Large Pyrelite Cave (N: 4083, E: 8110)","size":2,"tier":2},"geometry":{"type":"Point","coordinates":[24331,12248]}},{"type":"Feature","properties":{"name":"Ferralith Cave (N: 4067, E: 8751)","size":1,"tier":1},"geometry":{"type":"Point","coordinates":[26253,12200]}},{"type":"Feature","properties":{"name":"Large Rathium Cave (N: 4080, E: 9836)","size":2,"tier":6},"geometry":{"type":"Point","coordinates":[29508,12239]}},{"type":"Feature","properties":{"name":"Ferralith Cave (N: 4107, E: 8914)","size":1,"tier":1},"geometry":{"type":"Point","coordinates":[26743,12321]}},{"type":"Feature","properties":{"name":"Ferralith Cave (N: 4110, E: 9068)","size":1,"tier":1},"geometry":{"type":"Point","coordinates":[27203,12330]}},{"type":"Feature","properties":{"name":"Large Ferralith Cave (N: 4120, E: 9250)","size":2,"tier":1},"geometry":{"type":"Point","coordinates":[27751,12360]}},{"type":"Feature","properties":{"name":"Ferralith Cave (N: 4109, E: 8782)","size":1,"tier":1},"geometry":{"type":"Point","coordinates":[26348,12328]}},{"type":"Feature","properties":{"name":"Large Pyrelite Cave (N: 4136, E: 8190)","size":2,"tier":2},"geometry":{"type":"Point","coordinates":[24570,12408]}},{"type":"Feature","properties":{"name":"Ferralith Cave (N: 4149, E: 8974)","size":1,"tier":1},"geometry":{"type":"Point","coordinates":[26924,12447]}},{"type":"Feature","properties":{"name":"Large Ferralith Cave (N: 4158, E: 9133)","size":2,"tier":1},"geometry":{"type":"Point","coordinates":[27399,12475]}},{"type":"Feature","properties":{"name":"Large Pyrelite Cave (N: 4151, E: 9590)","size":2,"tier":2},"geometry":{"type":"Point","coordinates":[28772,12454]}},{"type":"Feature","properties":{"name":"Large Emarium Cave (N: 4148, E: 10004)","size":2,"tier":3},"geometry":{"type":"Point","coordinates":[30012,12445]}},{"type":"Feature","properties":{"name":"Large Pyrelite Cave (N: 4151, E: 8042)","size":2,"tier":2},"geometry":{"type":"Point","coordinates":[24127,12452]}},{"type":"Feature","properties":{"name":"Large Luminite Cave (N: 4181, E: 8444)","size":2,"tier":5},"geometry":{"type":"Point","coordinates":[25332,12543]}},{"type":"Feature","properties":{"name":"Ferralith Cave (N: 4189, E: 9061)","size":1,"tier":1},"geometry":{"type":"Point","coordinates":[27185,12567]}},{"type":"Feature","properties":{"name":"Large Ferralith Cave (N: 4176, E: 8833)","size":2,"tier":1},"geometry":{"type":"Point","coordinates":[26500,12529]}},{"type":"Feature","properties":{"name":"Ferralith Cave (N: 4172, E: 8918)","size":1,"tier":1},"geometry":{"type":"Point","coordinates":[26753,12515]}},{"type":"Feature","properties":{"name":"Ferralith Cave (N: 4204, E: 9016)","size":1,"tier":1},"geometry":{"type":"Point","coordinates":[27048,12612]}},{"type":"Feature","properties":{"name":"Large Pyrelite Cave (N: 4211, E: 9449)","size":2,"tier":2},"geometry":{"type":"Point","coordinates":[28350,12634]}},{"type":"Feature","properties":{"name":"Large Pyrelite Cave (N: 4219, E: 8118)","size":2,"tier":2},"geometry":{"type":"Point","coordinates":[24355,12656]}},{"type":"Feature","properties":{"name":"Ferralith Cave (N: 4216, E: 8957)","size":1,"tier":1},"geometry":{"type":"Point","coordinates":[26869,12647]}},{"type":"Feature","properties":{"name":"Ferralith Cave (N: 4227, E: 9210)","size":1,"tier":1},"geometry":{"type":"Point","coordinates":[27632,12681]}},{"type":"Feature","properties":{"name":"Large Ferralith Cave (N: 4246, E: 8776)","size":2,"tier":1},"geometry":{"type":"Point","coordinates":[26329,12739]}},{"type":"Feature","properties":{"name":"Ferralith Cave (N: 4258, E: 9031)","size":1,"tier":1},"geometry":{"type":"Point","coordinates":[27094,12774]}},{"type":"Feature","properties":{"name":"Ferralith Cave (N: 4281, E: 9071)","size":1,"tier":1},"geometry":{"type":"Point","coordinates":[27214,12843]}},{"type":"Feature","properties":{"name":"Large Luminite Cave (N: 4275, E: 8580)","size":2,"tier":5},"geometry":{"type":"Point","coordinates":[25743,12826]}},{"type":"Feature","properties":{"name":"Ferralith Cave (N: 4267, E: 8979)","size":1,"tier":1},"geometry":{"type":"Point","coordinates":[26938,12802]}},{"type":"Feature","properties":{"name":"Large Pyrelite Cave (N: 4285, E: 9847)","size":2,"tier":2},"geometry":{"type":"Point","coordinates":[29543,12856]}},{"type":"Feature","properties":{"name":"Large Ferralith Cave (N: 4263, E: 8895)","size":2,"tier":1},"geometry":{"type":"Point","coordinates":[26686,12788]}},{"type":"Feature","properties":{"name":"Ferralith Cave (N: 4261, E: 9145)","size":1,"tier":1},"geometry":{"type":"Point","coordinates":[27435,12782]}},{"type":"Feature","properties":{"name":"Large Pyrelite Cave (N: 4271, E: 9529)","size":2,"tier":2},"geometry":{"type":"Point","coordinates":[28587,12812]}},{"type":"Feature","properties":{"name":"Large Emarium Cave (N: 4276, E: 9648)","size":2,"tier":3},"geometry":{"type":"Point","coordinates":[28944,12827]}},{"type":"Feature","properties":{"name":"Large Luminite Cave (N: 4291, E: 8288)","size":2,"tier":5},"geometry":{"type":"Point","coordinates":[24864,12872]}},{"type":"Feature","properties":{"name":"Large Pyrelite Cave (N: 4331, E: 9445)","size":2,"tier":2},"geometry":{"type":"Point","coordinates":[28337,12993]}},{"type":"Feature","properties":{"name":"Large Luminite Cave (N: 4349, E: 8446)","size":2,"tier":5},"geometry":{"type":"Point","coordinates":[25340,13048]}},{"type":"Feature","properties":{"name":"Ferralith Cave (N: 4325, E: 8949)","size":1,"tier":1},"geometry":{"type":"Point","coordinates":[26850,12976]}},{"type":"Feature","properties":{"name":"Large Pyrelite Cave (N: 4338, E: 9242)","size":2,"tier":2},"geometry":{"type":"Point","coordinates":[27727,13015]}},{"type":"Feature","properties":{"name":"Large Ferralith Cave (N: 4348, E: 9139)","size":2,"tier":1},"geometry":{"type":"Point","coordinates":[27415,13043]}},{"type":"Feature","properties":{"name":"Large Pyrelite Cave (N: 4328, E: 9338)","size":2,"tier":2},"geometry":{"type":"Point","coordinates":[28013,12983]}},{"type":"Feature","properties":{"name":"Large Pyrelite Cave (N: 4352, E: 8803)","size":2,"tier":2},"geometry":{"type":"Point","coordinates":[26409,13056]}},{"type":"Feature","properties":{"name":"Large Ferralith Cave (N: 4354, E: 9020)","size":2,"tier":1},"geometry":{"type":"Point","coordinates":[27061,13062]}},{"type":"Feature","properties":{"name":"Large Pyrelite Cave (N: 4360, E: 9777)","size":2,"tier":2},"geometry":{"type":"Point","coordinates":[29330,13080]}},{"type":"Feature","properties":{"name":"Large Emarium Cave (N: 4404, E: 9583)","size":2,"tier":3},"geometry":{"type":"Point","coordinates":[28749,13212]}},{"type":"Feature","properties":{"name":"Large Luminite Cave (N: 4398, E: 8038)","size":2,"tier":5},"geometry":{"type":"Point","coordinates":[24115,13195]}},{"type":"Feature","properties":{"name":"Large Ferralith Cave (N: 4404, E: 8879)","size":2,"tier":1},"geometry":{"type":"Point","coordinates":[26635,13211]}},{"type":"Feature","properties":{"name":"Large Pyrelite Cave (N: 4447, E: 9385)","size":2,"tier":2},"geometry":{"type":"Point","coordinates":[28157,13342]}},{"type":"Feature","properties":{"name":"Large Pyrelite Cave (N: 4435, E: 8715)","size":2,"tier":2},"geometry":{"type":"Point","coordinates":[26145,13304]}},{"type":"Feature","properties":{"name":"Ferralith Cave (N: 4439, E: 9029)","size":1,"tier":1},"geometry":{"type":"Point","coordinates":[27089,13316]}},{"type":"Feature","properties":{"name":"Large Rathium Cave (N: 4425, E: 9992)","size":2,"tier":6},"geometry":{"type":"Point","coordinates":[29977,13274]}},{"type":"Feature","properties":{"name":"Ferralith Cave (N: 4450, E: 9082)","size":1,"tier":1},"geometry":{"type":"Point","coordinates":[27246,13350]}},{"type":"Feature","properties":{"name":"Large Ferralith Cave (N: 4464, E: 8816)","size":2,"tier":1},"geometry":{"type":"Point","coordinates":[26449,13393]}},{"type":"Feature","properties":{"name":"Large Ferralith Cave (N: 4477, E: 8947)","size":2,"tier":1},"geometry":{"type":"Point","coordinates":[26843,13432]}},{"type":"Feature","properties":{"name":"Large Pyrelite Cave (N: 4453, E: 9234)","size":2,"tier":2},"geometry":{"type":"Point","coordinates":[27705,13360]}},{"type":"Feature","properties":{"name":"Ferralith Cave (N: 4497, E: 9030)","size":1,"tier":1},"geometry":{"type":"Point","coordinates":[27090,13490]}},{"type":"Feature","properties":{"name":"Large Pyrelite Cave (N: 4500, E: 9474)","size":2,"tier":2},"geometry":{"type":"Point","coordinates":[28420,13499]}},{"type":"Feature","properties":{"name":"Large Luminite Cave (N: 4542, E: 8557)","size":2,"tier":5},"geometry":{"type":"Point","coordinates":[25670,13626]}},{"type":"Feature","properties":{"name":"Large Luminite Cave (N: 4541, E: 8159)","size":2,"tier":5},"geometry":{"type":"Point","coordinates":[24480,13624]}},{"type":"Feature","properties":{"name":"Ferralith Cave (N: 4513, E: 9073)","size":1,"tier":1},"geometry":{"type":"Point","coordinates":[27220,13540]}},{"type":"Feature","properties":{"name":"Large Emarium Cave (N: 4521, E: 9581)","size":2,"tier":3},"geometry":{"type":"Point","coordinates":[28745,13564]}},{"type":"Feature","properties":{"name":"Large Elenvar Cave (N: 4542, E: 7942)","size":2,"tier":4},"geometry":{"type":"Point","coordinates":[23824,13625]}},{"type":"Feature","properties":{"name":"Large Pyrelite Cave (N: 4568, E: 9287)","size":2,"tier":2},"geometry":{"type":"Point","coordinates":[27862,13705]}},{"type":"Feature","properties":{"name":"Large Luminite Cave (N: 4560, E: 8342)","size":2,"tier":5},"geometry":{"type":"Point","coordinates":[25026,13679]}},{"type":"Feature","properties":{"name":"Large Pyrelite Cave (N: 4562, E: 8746)","size":2,"tier":2},"geometry":{"type":"Point","coordinates":[26236,13685]}},{"type":"Feature","properties":{"name":"Large Ferralith Cave (N: 4571, E: 8904)","size":2,"tier":1},"geometry":{"type":"Point","coordinates":[26713,13712]}},{"type":"Feature","properties":{"name":"Ferralith Cave (N: 4547, E: 9141)","size":1,"tier":1},"geometry":{"type":"Point","coordinates":[27423,13640]}},{"type":"Feature","properties":{"name":"Large Pyrelite Cave (N: 4592, E: 9405)","size":2,"tier":2},"geometry":{"type":"Point","coordinates":[28216,13776]}},{"type":"Feature","properties":{"name":"Large Rathium Cave (N: 4606, E: 9774)","size":2,"tier":6},"geometry":{"type":"Point","coordinates":[29323,13818]}},{"type":"Feature","properties":{"name":"Ferralith Cave (N: 4606, E: 8835)","size":1,"tier":1},"geometry":{"type":"Point","coordinates":[26506,13819]}},{"type":"Feature","properties":{"name":"Large Pyrelite Cave (N: 4614, E: 9036)","size":2,"tier":2},"geometry":{"type":"Point","coordinates":[27109,13842]}},{"type":"Feature","properties":{"name":"Ferralith Cave (N: 4620, E: 9138)","size":1,"tier":1},"geometry":{"type":"Point","coordinates":[27415,13861]}},{"type":"Feature","properties":{"name":"Ferralith Cave (N: 4668, E: 8944)","size":1,"tier":1},"geometry":{"type":"Point","coordinates":[26832,14003]}},{"type":"Feature","properties":{"name":"Large Emarium Cave (N: 4660, E: 9975)","size":2,"tier":3},"geometry":{"type":"Point","coordinates":[29925,13979]}},{"type":"Feature","properties":{"name":"Ferralith Cave (N: 4676, E: 8893)","size":1,"tier":1},"geometry":{"type":"Point","coordinates":[26678,14029]}},{"type":"Feature","properties":{"name":"Ferralith Cave (N: 4682, E: 9155)","size":1,"tier":1},"geometry":{"type":"Point","coordinates":[27465,14047]}},{"type":"Feature","properties":{"name":"Large Pyrelite Cave (N: 4682, E: 9259)","size":2,"tier":2},"geometry":{"type":"Point","coordinates":[27777,14047]}},{"type":"Feature","properties":{"name":"Ferralith Cave (N: 4698, E: 8852)","size":1,"tier":1},"geometry":{"type":"Point","coordinates":[26556,14093]}},{"type":"Feature","properties":{"name":"Large Emarium Cave (N: 4675, E: 9521)","size":2,"tier":3},"geometry":{"type":"Point","coordinates":[28564,14024]}},{"type":"Feature","properties":{"name":"Ferralith Cave (N: 4704, E: 9107)","size":1,"tier":1},"geometry":{"type":"Point","coordinates":[27320,14112]}},{"type":"Feature","properties":{"name":"Large Luminite Cave (N: 4711, E: 7886)","size":2,"tier":5},"geometry":{"type":"Point","coordinates":[23659,14134]}},{"type":"Feature","properties":{"name":"Large Ferralith Cave (N: 4726, E: 9006)","size":2,"tier":1},"geometry":{"type":"Point","coordinates":[27018,14179]}},{"type":"Feature","properties":{"name":"Large Luminite Cave (N: 4711, E: 8139)","size":2,"tier":5},"geometry":{"type":"Point","coordinates":[24419,14132]}},{"type":"Feature","properties":{"name":"Large Emarium Cave (N: 4717, E: 9366)","size":2,"tier":3},"geometry":{"type":"Point","coordinates":[28100,14150]}},{"type":"Feature","properties":{"name":"Large Luminite Cave (N: 4739, E: 8293)","size":2,"tier":5},"geometry":{"type":"Point","coordinates":[24881,14216]}},{"type":"Feature","properties":{"name":"Large Luminite Cave (N: 4778, E: 8565)","size":2,"tier":5},"geometry":{"type":"Point","coordinates":[25696,14334]}},{"type":"Feature","properties":{"name":"Large Emarium Cave (N: 4792, E: 9476)","size":2,"tier":3},"geometry":{"type":"Point","coordinates":[28428,14377]}},{"type":"Feature","properties":{"name":"Large Emarium Cave (N: 4788, E: 9943)","size":2,"tier":3},"geometry":{"type":"Point","coordinates":[29829,14365]}},{"type":"Feature","properties":{"name":"Large Emarium Cave (N: 4824, E: 9579)","size":2,"tier":3},"geometry":{"type":"Point","coordinates":[28735,14471]}},{"type":"Feature","properties":{"name":"Large Emarium Cave (N: 4850, E: 9686)","size":2,"tier":3},"geometry":{"type":"Point","coordinates":[29058,14549]}},{"type":"Feature","properties":{"name":"Large Pyrelite Cave (N: 4886, E: 7893)","size":2,"tier":2},"geometry":{"type":"Point","coordinates":[23678,14658]}},{"type":"Feature","properties":{"name":"Large Pyrelite Cave (N: 4866, E: 8001)","size":2,"tier":2},"geometry":{"type":"Point","coordinates":[24004,14598]}},{"type":"Feature","properties":{"name":"Large Emarium Cave (N: 4866, E: 9800)","size":2,"tier":3},"geometry":{"type":"Point","coordinates":[29399,14599]}},{"type":"Feature","properties":{"name":"Large Luminite Cave (N: 4899, E: 8171)","size":2,"tier":5},"geometry":{"type":"Point","coordinates":[24513,14696]}},{"type":"Feature","properties":{"name":"Large Elenvar Cave (N: 5027, E: 7987)","size":2,"tier":4},"geometry":{"type":"Point","coordinates":[23963,15080]}},{"type":"Feature","properties":{"name":"Large Ferralith Cave (N: 4135, E: 8966)","size":2,"tier":1},"geometry":{"type":"Point","coordinates":[26899,12405]}},{"type":"Feature","properties":{"name":"Large Ferralith Cave (N: 3805, E: 8955)","size":2,"tier":1},"geometry":{"type":"Point","coordinates":[26866,11415]}},{"type":"Feature","properties":{"name":"Large Ferralith Cave (N: 3606, E: 9215)","size":2,"tier":1},"geometry":{"type":"Point","coordinates":[27645,10818]}},{"type":"Feature","properties":{"name":"Large Luminite Cave (N: 5198, E: 4655)","size":2,"tier":5},"geometry":{"type":"Point","coordinates":[13965,15594]}},{"type":"Feature","properties":{"name":"Large Emarium Cave (N: 5253, E: 3054)","size":2,"tier":3},"geometry":{"type":"Point","coordinates":[9162,15758]}},{"type":"Feature","properties":{"name":"Large Emarium Cave (N: 5341, E: 2973)","size":2,"tier":3},"geometry":{"type":"Point","coordinates":[8922,16024]}},{"type":"Feature","properties":{"name":"Large Emarium Cave (N: 5335, E: 3143)","size":2,"tier":3},"geometry":{"type":"Point","coordinates":[9429,16004]}},{"type":"Feature","properties":{"name":"Large Ferralith Cave (N: 5358, E: 3785)","size":2,"tier":1},"geometry":{"type":"Point","coordinates":[11356,16075]}},{"type":"Feature","properties":{"name":"Large Luminite Cave (N: 5350, E: 4401)","size":2,"tier":5},"geometry":{"type":"Point","coordinates":[13204,16051]}},{"type":"Feature","properties":{"name":"Large Pyrelite Cave (N: 5369, E: 4640)","size":2,"tier":2},"geometry":{"type":"Point","coordinates":[13921,16108]}},{"type":"Feature","properties":{"name":"Large Ferralith Cave (N: 5406, E: 2758)","size":2,"tier":1},"geometry":{"type":"Point","coordinates":[8273,16218]}},{"type":"Feature","properties":{"name":"Large Pyrelite Cave (N: 5377, E: 4027)","size":2,"tier":2},"geometry":{"type":"Point","coordinates":[12082,16131]}},{"type":"Feature","properties":{"name":"Large Luminite Cave (N: 5398, E: 4258)","size":2,"tier":5},"geometry":{"type":"Point","coordinates":[12773,16193]}},{"type":"Feature","properties":{"name":"Large Emarium Cave (N: 5424, E: 3223)","size":2,"tier":3},"geometry":{"type":"Point","coordinates":[9668,16272]}},{"type":"Feature","properties":{"name":"Large Ferralith Cave (N: 5428, E: 3910)","size":2,"tier":1},"geometry":{"type":"Point","coordinates":[11728,16283]}},{"type":"Feature","properties":{"name":"Large Ferralith Cave (N: 5451, E: 3771)","size":2,"tier":1},"geometry":{"type":"Point","coordinates":[11315,16354]}},{"type":"Feature","properties":{"name":"Ferralith Cave (N: 5463, E: 2844)","size":1,"tier":1},"geometry":{"type":"Point","coordinates":[8534,16388]}},{"type":"Feature","properties":{"name":"Large Emarium Cave (N: 5494, E: 2948)","size":2,"tier":3},"geometry":{"type":"Point","coordinates":[8844,16482]}},{"type":"Feature","properties":{"name":"Large Emarium Cave (N: 5473, E: 3066)","size":2,"tier":3},"geometry":{"type":"Point","coordinates":[9200,16419]}},{"type":"Feature","properties":{"name":"Large Luminite Cave (N: 5503, E: 4517)","size":2,"tier":5},"geometry":{"type":"Point","coordinates":[13553,16509]}},{"type":"Feature","properties":{"name":"Large Ferralith Cave (N: 5491, E: 3855)","size":2,"tier":1},"geometry":{"type":"Point","coordinates":[11566,16474]}},{"type":"Feature","properties":{"name":"Large Pyrelite Cave (N: 5490, E: 3999)","size":2,"tier":2},"geometry":{"type":"Point","coordinates":[11996,16469]}},{"type":"Feature","properties":{"name":"Large Pyrelite Cave (N: 5509, E: 2737)","size":2,"tier":2},"geometry":{"type":"Point","coordinates":[8213,16526]}},{"type":"Feature","properties":{"name":"Large Ferralith Cave (N: 5552, E: 2829)","size":2,"tier":1},"geometry":{"type":"Point","coordinates":[8488,16657]}},{"type":"Feature","properties":{"name":"Ferralith Cave (N: 5566, E: 3705)","size":1,"tier":1},"geometry":{"type":"Point","coordinates":[11114,16699]}},{"type":"Feature","properties":{"name":"Large Ferralith Cave (N: 5541, E: 3914)","size":2,"tier":1},"geometry":{"type":"Point","coordinates":[11744,16624]}},{"type":"Feature","properties":{"name":"Large Ferralith Cave (N: 5543, E: 3209)","size":2,"tier":1},"geometry":{"type":"Point","coordinates":[9627,16628]}},{"type":"Feature","properties":{"name":"Ferralith Cave (N: 5567, E: 3765)","size":1,"tier":1},"geometry":{"type":"Point","coordinates":[11297,16700]}},{"type":"Feature","properties":{"name":"Large Ferralith Cave (N: 5588, E: 3129)","size":2,"tier":1},"geometry":{"type":"Point","coordinates":[9386,16764]}},{"type":"Feature","properties":{"name":"Large Luminite Cave (N: 5568, E: 4284)","size":2,"tier":5},"geometry":{"type":"Point","coordinates":[12853,16704]}},{"type":"Feature","properties":{"name":"Large Ferralith Cave (N: 5587, E: 3526)","size":2,"tier":1},"geometry":{"type":"Point","coordinates":[10580,16762]}},{"type":"Feature","properties":{"name":"Large Ferralith Cave (N: 5583, E: 3843)","size":2,"tier":1},"geometry":{"type":"Point","coordinates":[11532,16750]}},{"type":"Feature","properties":{"name":"Large Luminite Cave (N: 5604, E: 4134)","size":2,"tier":5},"geometry":{"type":"Point","coordinates":[12403,16812]}},{"type":"Feature","properties":{"name":"Large Ferralith Cave (N: 5609, E: 3267)","size":2,"tier":1},"geometry":{"type":"Point","coordinates":[9802,16828]}},{"type":"Feature","properties":{"name":"Large Ferralith Cave (N: 5653, E: 2757)","size":2,"tier":1},"geometry":{"type":"Point","coordinates":[8273,16959]}},{"type":"Feature","properties":{"name":"Ferralith Cave (N: 5632, E: 3723)","size":1,"tier":1},"geometry":{"type":"Point","coordinates":[11168,16896]}},{"type":"Feature","properties":{"name":"Large Ferralith Cave (N: 5661, E: 3792)","size":2,"tier":1},"geometry":{"type":"Point","coordinates":[11377,16983]}},{"type":"Feature","properties":{"name":"Large Luminite Cave (N: 5642, E: 4776)","size":2,"tier":5},"geometry":{"type":"Point","coordinates":[14329,16926]}},{"type":"Feature","properties":{"name":"Large Pyrelite Cave (N: 5655, E: 3974)","size":2,"tier":2},"geometry":{"type":"Point","coordinates":[11923,16966]}},{"type":"Feature","properties":{"name":"Large Pyrelite Cave (N: 5654, E: 2888)","size":2,"tier":2},"geometry":{"type":"Point","coordinates":[8664,16961]}},{"type":"Feature","properties":{"name":"Large Ferralith Cave (N: 5636, E: 3025)","size":2,"tier":1},"geometry":{"type":"Point","coordinates":[9073,16907]}},{"type":"Feature","properties":{"name":"Large Ferralith Cave (N: 5649, E: 3334)","size":2,"tier":1},"geometry":{"type":"Point","coordinates":[10002,16946]}},{"type":"Feature","properties":{"name":"Large Pyrelite Cave (N: 5656, E: 3611)","size":2,"tier":2},"geometry":{"type":"Point","coordinates":[10832,16967]}},{"type":"Feature","properties":{"name":"Large Luminite Cave (N: 5678, E: 4425)","size":2,"tier":5},"geometry":{"type":"Point","coordinates":[13275,17035]}},{"type":"Feature","properties":{"name":"Ferralith Cave (N: 5690, E: 3098)","size":1,"tier":1},"geometry":{"type":"Point","coordinates":[9293,17069]}},{"type":"Feature","properties":{"name":"Large Ferralith Cave (N: 5690, E: 3197)","size":2,"tier":1},"geometry":{"type":"Point","coordinates":[9589,17069]}},{"type":"Feature","properties":{"name":"Large Pyrelite Cave (N: 5670, E: 4994)","size":2,"tier":2},"geometry":{"type":"Point","coordinates":[14981,17009]}},{"type":"Feature","properties":{"name":"Ferralith Cave (N: 5718, E: 2816)","size":1,"tier":1},"geometry":{"type":"Point","coordinates":[8447,17154]}},{"type":"Feature","properties":{"name":"Large Ferralith Cave (N: 5722, E: 3447)","size":2,"tier":1},"geometry":{"type":"Point","coordinates":[10341,17166]}},{"type":"Feature","properties":{"name":"Large Ferralith Cave (N: 5708, E: 3527)","size":2,"tier":1},"geometry":{"type":"Point","coordinates":[10581,17125]}},{"type":"Feature","properties":{"name":"Large Ferralith Cave (N: 5700, E: 3866)","size":2,"tier":1},"geometry":{"type":"Point","coordinates":[11597,17101]}},{"type":"Feature","properties":{"name":"Large Pyrelite Cave (N: 5707, E: 4911)","size":2,"tier":2},"geometry":{"type":"Point","coordinates":[14734,17122]}},{"type":"Feature","properties":{"name":"Ferralith Cave (N: 5722, E: 3054)","size":1,"tier":1},"geometry":{"type":"Point","coordinates":[9160,17165]}},{"type":"Feature","properties":{"name":"Ferralith Cave (N: 5713, E: 3710)","size":1,"tier":1},"geometry":{"type":"Point","coordinates":[11132,17138]}},{"type":"Feature","properties":{"name":"Ferralith Cave (N: 5755, E: 2724)","size":1,"tier":1},"geometry":{"type":"Point","coordinates":[8173,17265]}},{"type":"Feature","properties":{"name":"Ferralith Cave (N: 5737, E: 2769)","size":1,"tier":1},"geometry":{"type":"Point","coordinates":[8309,17211]}},{"type":"Feature","properties":{"name":"Large Luminite Cave (N: 5734, E: 4649)","size":2,"tier":5},"geometry":{"type":"Point","coordinates":[13947,17202]}},{"type":"Feature","properties":{"name":"Ferralith Cave (N: 5759, E: 3145)","size":1,"tier":1},"geometry":{"type":"Point","coordinates":[9435,17276]}},{"type":"Feature","properties":{"name":"Large Ferralith Cave (N: 5786, E: 3268)","size":2,"tier":1},"geometry":{"type":"Point","coordinates":[9805,17358]}},{"type":"Feature","properties":{"name":"Large Ferralith Cave (N: 5779, E: 3764)","size":2,"tier":1},"geometry":{"type":"Point","coordinates":[11292,17337]}},{"type":"Feature","properties":{"name":"Large Emarium Cave (N: 5760, E: 2954)","size":2,"tier":3},"geometry":{"type":"Point","coordinates":[8863,17281]}},{"type":"Feature","properties":{"name":"Ferralith Cave (N: 5775, E: 3188)","size":1,"tier":1},"geometry":{"type":"Point","coordinates":[9565,17326]}},{"type":"Feature","properties":{"name":"Large Pyrelite Cave (N: 5783, E: 5017)","size":2,"tier":2},"geometry":{"type":"Point","coordinates":[15053,17350]}},{"type":"Feature","properties":{"name":"Ferralith Cave (N: 5766, E: 3090)","size":1,"tier":1},"geometry":{"type":"Point","coordinates":[9269,17297]}},{"type":"Feature","properties":{"name":"Large Ferralith Cave (N: 5783, E: 3358)","size":2,"tier":1},"geometry":{"type":"Point","coordinates":[10074,17348]}},{"type":"Feature","properties":{"name":"Ferralith Cave (N: 5761, E: 3673)","size":1,"tier":1},"geometry":{"type":"Point","coordinates":[11019,17282]}},{"type":"Feature","properties":{"name":"Large Ferralith Cave (N: 5786, E: 3877)","size":2,"tier":1},"geometry":{"type":"Point","coordinates":[11631,17357]}},{"type":"Feature","properties":{"name":"Ferralith Cave (N: 5822, E: 3155)","size":1,"tier":1},"geometry":{"type":"Point","coordinates":[9466,17466]}},{"type":"Feature","properties":{"name":"Large Ferralith Cave (N: 5818, E: 3476)","size":2,"tier":1},"geometry":{"type":"Point","coordinates":[10428,17454]}},{"type":"Feature","properties":{"name":"Large Ferralith Cave (N: 5798, E: 3585)","size":2,"tier":1},"geometry":{"type":"Point","coordinates":[10755,17395]}},{"type":"Feature","properties":{"name":"Large Pyrelite Cave (N: 5814, E: 4915)","size":2,"tier":2},"geometry":{"type":"Point","coordinates":[14745,17443]}},{"type":"Feature","properties":{"name":"Ferralith Cave (N: 5810, E: 3051)","size":1,"tier":1},"geometry":{"type":"Point","coordinates":[9152,17429]}},{"type":"Feature","properties":{"name":"Ferralith Cave (N: 5824, E: 3691)","size":1,"tier":1},"geometry":{"type":"Point","coordinates":[11073,17471]}},{"type":"Feature","properties":{"name":"Large Ferralith Cave (N: 5841, E: 2742)","size":2,"tier":1},"geometry":{"type":"Point","coordinates":[8227,17523]}},{"type":"Feature","properties":{"name":"Large Luminite Cave (N: 5850, E: 4520)","size":2,"tier":5},"geometry":{"type":"Point","coordinates":[13559,17550]}},{"type":"Feature","properties":{"name":"Large Luminite Cave (N: 5835, E: 4039)","size":2,"tier":5},"geometry":{"type":"Point","coordinates":[12120,17506]}},{"type":"Feature","properties":{"name":"Large Emarium Cave (N: 5837, E: 2870)","size":2,"tier":3},"geometry":{"type":"Point","coordinates":[8610,17510]}},{"type":"Feature","properties":{"name":"Ferralith Cave (N: 5828, E: 3101)","size":1,"tier":1},"geometry":{"type":"Point","coordinates":[9302,17483]}},{"type":"Feature","properties":{"name":"Ferralith Cave (N: 5837, E: 3201)","size":1,"tier":1},"geometry":{"type":"Point","coordinates":[9605,17510]}},{"type":"Feature","properties":{"name":"Ferralith Cave (N: 5864, E: 3800)","size":1,"tier":1},"geometry":{"type":"Point","coordinates":[11401,17592]}},{"type":"Feature","properties":{"name":"Ferralith Cave (N: 5865, E: 3737)","size":1,"tier":1},"geometry":{"type":"Point","coordinates":[11213,17595]}},{"type":"Feature","properties":{"name":"Large Ferralith Cave (N: 5869, E: 3398)","size":2,"tier":1},"geometry":{"type":"Point","coordinates":[10197,17608]}},{"type":"Feature","properties":{"name":"Large Luminite Cave (N: 5866, E: 4193)","size":2,"tier":5},"geometry":{"type":"Point","coordinates":[12580,17599]}},{"type":"Feature","properties":{"name":"Ferralith Cave (N: 5864, E: 3644)","size":1,"tier":1},"geometry":{"type":"Point","coordinates":[10931,17591]}},{"type":"Feature","properties":{"name":"Ferralith Cave (N: 5918, E: 3476)","size":1,"tier":1},"geometry":{"type":"Point","coordinates":[10429,17754]}},{"type":"Feature","properties":{"name":"Large Ferralith Cave (N: 5893, E: 3574)","size":2,"tier":1},"geometry":{"type":"Point","coordinates":[10722,17679]}},{"type":"Feature","properties":{"name":"Large Ferralith Cave (N: 5896, E: 3026)","size":2,"tier":1},"geometry":{"type":"Point","coordinates":[9077,17689]}},{"type":"Feature","properties":{"name":"Large Luminite Cave (N: 5903, E: 4715)","size":2,"tier":5},"geometry":{"type":"Point","coordinates":[14147,17710]}},{"type":"Feature","properties":{"name":"Ferralith Cave (N: 5900, E: 3703)","size":1,"tier":1},"geometry":{"type":"Point","coordinates":[11108,17699]}},{"type":"Feature","properties":{"name":"Large Pyrelite Cave (N: 5919, E: 4879)","size":2,"tier":2},"geometry":{"type":"Point","coordinates":[14639,17756]}},{"type":"Feature","properties":{"name":"Large Ferralith Cave (N: 5934, E: 3891)","size":2,"tier":1},"geometry":{"type":"Point","coordinates":[11673,17802]}},{"type":"Feature","properties":{"name":"Ferralith Cave (N: 5951, E: 3698)","size":1,"tier":1},"geometry":{"type":"Point","coordinates":[11094,17852]}},{"type":"Feature","properties":{"name":"Large Ferralith Cave (N: 5974, E: 3385)","size":2,"tier":1},"geometry":{"type":"Point","coordinates":[10154,17922]}},{"type":"Feature","properties":{"name":"Large Pyrelite Cave (N: 5961, E: 2698)","size":2,"tier":2},"geometry":{"type":"Point","coordinates":[8094,17882]}},{"type":"Feature","properties":{"name":"Large Emarium Cave (N: 5965, E: 3171)","size":2,"tier":3},"geometry":{"type":"Point","coordinates":[9513,17894]}},{"type":"Feature","properties":{"name":"Large Ferralith Cave (N: 5954, E: 3807)","size":2,"tier":1},"geometry":{"type":"Point","coordinates":[11420,17861]}},{"type":"Feature","properties":{"name":"Large Luminite Cave (N: 5984, E: 5021)","size":2,"tier":5},"geometry":{"type":"Point","coordinates":[15061,17951]}},{"type":"Feature","properties":{"name":"Large Ferralith Cave (N: 6014, E: 3494)","size":2,"tier":1},"geometry":{"type":"Point","coordinates":[10483,18042]}},{"type":"Feature","properties":{"name":"Large Ferralith Cave (N: 5984, E: 2934)","size":2,"tier":1},"geometry":{"type":"Point","coordinates":[8802,17953]}},{"type":"Feature","properties":{"name":"Large Ferralith Cave (N: 6000, E: 3024)","size":2,"tier":1},"geometry":{"type":"Point","coordinates":[9072,18001]}},{"type":"Feature","properties":{"name":"Large Pyrelite Cave (N: 6013, E: 3620)","size":2,"tier":2},"geometry":{"type":"Point","coordinates":[10862,18040]}},{"type":"Feature","properties":{"name":"Large Pyrelite Cave (N: 6006, E: 4024)","size":2,"tier":2},"geometry":{"type":"Point","coordinates":[12071,18017]}},{"type":"Feature","properties":{"name":"Large Luminite Cave (N: 6013, E: 4318)","size":2,"tier":5},"geometry":{"type":"Point","coordinates":[12954,18038]}},{"type":"Feature","properties":{"name":"Large Emarium Cave (N: 6030, E: 2793)","size":2,"tier":3},"geometry":{"type":"Point","coordinates":[8378,18090]}},{"type":"Feature","properties":{"name":"Ferralith Cave (N: 6045, E: 3088)","size":1,"tier":1},"geometry":{"type":"Point","coordinates":[9265,18136]}},{"type":"Feature","properties":{"name":"Large Luminite Cave (N: 6017, E: 4588)","size":2,"tier":5},"geometry":{"type":"Point","coordinates":[13767,18052]}},{"type":"Feature","properties":{"name":"Large Ferralith Cave (N: 6072, E: 3809)","size":2,"tier":1},"geometry":{"type":"Point","coordinates":[11428,18216]}},{"type":"Feature","properties":{"name":"Large Luminite Cave (N: 6062, E: 4169)","size":2,"tier":5},"geometry":{"type":"Point","coordinates":[12507,18186]}},{"type":"Feature","properties":{"name":"Large Ferralith Cave (N: 6048, E: 3256)","size":2,"tier":1},"geometry":{"type":"Point","coordinates":[9769,18145]}},{"type":"Feature","properties":{"name":"Large Pyrelite Cave (N: 6051, E: 4825)","size":2,"tier":2},"geometry":{"type":"Point","coordinates":[14477,18154]}},{"type":"Feature","properties":{"name":"Ferralith Cave (N: 6073, E: 3549)","size":1,"tier":1},"geometry":{"type":"Point","coordinates":[10647,18218]}},{"type":"Feature","properties":{"name":"Large Pyrelite Cave (N: 6052, E: 3710)","size":2,"tier":2},"geometry":{"type":"Point","coordinates":[11128,18155]}},{"type":"Feature","properties":{"name":"Ferralith Cave (N: 6084, E: 3134)","size":1,"tier":1},"geometry":{"type":"Point","coordinates":[9403,18252]}},{"type":"Feature","properties":{"name":"Ferralith Cave (N: 6098, E: 3485)","size":1,"tier":1},"geometry":{"type":"Point","coordinates":[10454,18294]}},{"type":"Feature","properties":{"name":"Large Pyrelite Cave (N: 6084, E: 4725)","size":2,"tier":2},"geometry":{"type":"Point","coordinates":[14174,18253]}},{"type":"Feature","properties":{"name":"Large Ferralith Cave (N: 6088, E: 3370)","size":2,"tier":1},"geometry":{"type":"Point","coordinates":[10109,18263]}},{"type":"Feature","properties":{"name":"Large Ferralith Cave (N: 6097, E: 3967)","size":2,"tier":1},"geometry":{"type":"Point","coordinates":[11902,18290]}},{"type":"Feature","properties":{"name":"Ferralith Cave (N: 6128, E: 3163)","size":1,"tier":1},"geometry":{"type":"Point","coordinates":[9490,18384]}},{"type":"Feature","properties":{"name":"Large Ferralith Cave (N: 6129, E: 3646)","size":2,"tier":1},"geometry":{"type":"Point","coordinates":[10938,18387]}},{"type":"Feature","properties":{"name":"Large Ferralith Cave (N: 6114, E: 3890)","size":2,"tier":1},"geometry":{"type":"Point","coordinates":[11670,18342]}},{"type":"Feature","properties":{"name":"Large Ferralith Cave (N: 6121, E: 2875)","size":2,"tier":1},"geometry":{"type":"Point","coordinates":[8626,18364]}},{"type":"Feature","properties":{"name":"Ferralith Cave (N: 6112, E: 3097)","size":1,"tier":1},"geometry":{"type":"Point","coordinates":[9292,18337]}},{"type":"Feature","properties":{"name":"Ferralith Cave (N: 6129, E: 3439)","size":1,"tier":1},"geometry":{"type":"Point","coordinates":[10318,18386]}},{"type":"Feature","properties":{"name":"Large Pyrelite Cave (N: 6146, E: 2991)","size":2,"tier":2},"geometry":{"type":"Point","coordinates":[8973,18438]}},{"type":"Feature","properties":{"name":"Ferralith Cave (N: 6174, E: 3128)","size":1,"tier":1},"geometry":{"type":"Point","coordinates":[9383,18522]}},{"type":"Feature","properties":{"name":"Large Ferralith Cave (N: 6169, E: 2783)","size":2,"tier":1},"geometry":{"type":"Point","coordinates":[8350,18508]}},{"type":"Feature","properties":{"name":"Ferralith Cave (N: 6165, E: 3771)","size":1,"tier":1},"geometry":{"type":"Point","coordinates":[11315,18496]}},{"type":"Feature","properties":{"name":"Large Luminite Cave (N: 6174, E: 4416)","size":2,"tier":5},"geometry":{"type":"Point","coordinates":[13247,18523]}},{"type":"Feature","properties":{"name":"Ferralith Cave (N: 6178, E: 3482)","size":1,"tier":1},"geometry":{"type":"Point","coordinates":[10447,18534]}},{"type":"Feature","properties":{"name":"Large Pyrelite Cave (N: 6190, E: 4758)","size":2,"tier":2},"geometry":{"type":"Point","coordinates":[14273,18570]}},{"type":"Feature","properties":{"name":"Ferralith Cave (N: 6199, E: 3078)","size":1,"tier":1},"geometry":{"type":"Point","coordinates":[9236,18598]}},{"type":"Feature","properties":{"name":"Large Ferralith Cave (N: 6208, E: 2921)","size":2,"tier":1},"geometry":{"type":"Point","coordinates":[8761,18623]}},{"type":"Feature","properties":{"name":"Large Emarium Cave (N: 6198, E: 3247)","size":2,"tier":3},"geometry":{"type":"Point","coordinates":[9741,18593]}},{"type":"Feature","properties":{"name":"Ferralith Cave (N: 6191, E: 3408)","size":1,"tier":1},"geometry":{"type":"Point","coordinates":[10225,18572]}},{"type":"Feature","properties":{"name":"Ferralith Cave (N: 6179, E: 3818)","size":1,"tier":1},"geometry":{"type":"Point","coordinates":[11456,18536]}},{"type":"Feature","properties":{"name":"Large Pyrelite Cave (N: 6185, E: 4621)","size":2,"tier":2},"geometry":{"type":"Point","coordinates":[13863,18554]}},{"type":"Feature","properties":{"name":"Large Ferralith Cave (N: 6212, E: 3587)","size":2,"tier":1},"geometry":{"type":"Point","coordinates":[10762,18636]}},{"type":"Feature","properties":{"name":"Ferralith Cave (N: 6221, E: 3722)","size":1,"tier":1},"geometry":{"type":"Point","coordinates":[11168,18663]}},{"type":"Feature","properties":{"name":"Ferralith Cave (N: 6234, E: 3780)","size":1,"tier":1},"geometry":{"type":"Point","coordinates":[11339,18703]}},{"type":"Feature","properties":{"name":"Ferralith Cave (N: 6217, E: 4019)","size":1,"tier":1},"geometry":{"type":"Point","coordinates":[12059,18652]}},{"type":"Feature","properties":{"name":"Ferralith Cave (N: 6227, E: 3950)","size":1,"tier":1},"geometry":{"type":"Point","coordinates":[11852,18682]}},{"type":"Feature","properties":{"name":"Large Luminite Cave (N: 6230, E: 4949)","size":2,"tier":5},"geometry":{"type":"Point","coordinates":[14846,18691]}},{"type":"Feature","properties":{"name":"Ferralith Cave (N: 6224, E: 3668)","size":1,"tier":1},"geometry":{"type":"Point","coordinates":[11003,18671]}},{"type":"Feature","properties":{"name":"Ferralith Cave (N: 6210, E: 3902)","size":1,"tier":1},"geometry":{"type":"Point","coordinates":[11705,18629]}},{"type":"Feature","properties":{"name":"Ferralith Cave (N: 6251, E: 3066)","size":1,"tier":1},"geometry":{"type":"Point","coordinates":[9201,18754]}},{"type":"Feature","properties":{"name":"Ferralith Cave (N: 6255, E: 3016)","size":1,"tier":1},"geometry":{"type":"Point","coordinates":[9051,18766]}},{"type":"Feature","properties":{"name":"Large Ferralith Cave (N: 6271, E: 3152)","size":2,"tier":1},"geometry":{"type":"Point","coordinates":[9457,18814]}},{"type":"Feature","properties":{"name":"Ferralith Cave (N: 6251, E: 3833)","size":1,"tier":1},"geometry":{"type":"Point","coordinates":[11501,18754]}},{"type":"Feature","properties":{"name":"Large Pyrelite Cave (N: 6263, E: 4232)","size":2,"tier":2},"geometry":{"type":"Point","coordinates":[12697,18790]}},{"type":"Feature","properties":{"name":"Ferralith Cave (N: 6280, E: 2972)","size":1,"tier":1},"geometry":{"type":"Point","coordinates":[8917,18840]}},{"type":"Feature","properties":{"name":"Ferralith Cave (N: 6275, E: 3673)","size":1,"tier":1},"geometry":{"type":"Point","coordinates":[11020,18825]}},{"type":"Feature","properties":{"name":"Ferralith Cave (N: 6275, E: 3876)","size":1,"tier":1},"geometry":{"type":"Point","coordinates":[11629,18825]}},{"type":"Feature","properties":{"name":"Ferralith Cave (N: 6280, E: 4012)","size":1,"tier":1},"geometry":{"type":"Point","coordinates":[12035,18840]}},{"type":"Feature","properties":{"name":"Large Ferralith Cave (N: 6275, E: 2835)","size":2,"tier":1},"geometry":{"type":"Point","coordinates":[8507,18826]}},{"type":"Feature","properties":{"name":"Ferralith Cave (N: 6286, E: 3763)","size":1,"tier":1},"geometry":{"type":"Point","coordinates":[11288,18859]}},{"type":"Feature","properties":{"name":"Ferralith Cave (N: 6288, E: 3931)","size":1,"tier":1},"geometry":{"type":"Point","coordinates":[11792,18865]}},{"type":"Feature","properties":{"name":"Ferralith Cave (N: 6297, E: 2917)","size":1,"tier":1},"geometry":{"type":"Point","coordinates":[8751,18890]}},{"type":"Feature","properties":{"name":"Large Ferralith Cave (N: 6301, E: 3405)","size":2,"tier":1},"geometry":{"type":"Point","coordinates":[10217,18902]}},{"type":"Feature","properties":{"name":"Large Ferralith Cave (N: 6276, E: 3496)","size":2,"tier":1},"geometry":{"type":"Point","coordinates":[10488,18827]}},{"type":"Feature","properties":{"name":"Large Ferralith Cave (N: 6284, E: 4112)","size":2,"tier":1},"geometry":{"type":"Point","coordinates":[12334,18851]}},{"type":"Feature","properties":{"name":"Ferralith Cave (N: 6331, E: 3689)","size":1,"tier":1},"geometry":{"type":"Point","coordinates":[11067,18993]}},{"type":"Feature","properties":{"name":"Ferralith Cave (N: 6331, E: 2966)","size":1,"tier":1},"geometry":{"type":"Point","coordinates":[8899,18992]}},{"type":"Feature","properties":{"name":"Ferralith Cave (N: 6316, E: 3841)","size":1,"tier":1},"geometry":{"type":"Point","coordinates":[11523,18947]}},{"type":"Feature","properties":{"name":"Ferralith Cave (N: 6335, E: 4004)","size":1,"tier":1},"geometry":{"type":"Point","coordinates":[12012,19004]}},{"type":"Feature","properties":{"name":"Large Pyrelite Cave (N: 6321, E: 4792)","size":2,"tier":2},"geometry":{"type":"Point","coordinates":[14376,18962]}},{"type":"Feature","properties":{"name":"Large Pyrelite Cave (N: 6357, E: 3054)","size":2,"tier":2},"geometry":{"type":"Point","coordinates":[9162,19071]}},{"type":"Feature","properties":{"name":"Large Luminite Cave (N: 6367, E: 4397)","size":2,"tier":5},"geometry":{"type":"Point","coordinates":[13192,19101]}},{"type":"Feature","properties":{"name":"Ferralith Cave (N: 6353, E: 2923)","size":1,"tier":1},"geometry":{"type":"Point","coordinates":[8771,19060]}},{"type":"Feature","properties":{"name":"Ferralith Cave (N: 6338, E: 3881)","size":1,"tier":1},"geometry":{"type":"Point","coordinates":[11643,19015]}},{"type":"Feature","properties":{"name":"Ferralith Cave (N: 6341, E: 3740)","size":1,"tier":1},"geometry":{"type":"Point","coordinates":[11221,19022]}},{"type":"Feature","properties":{"name":"Large Ferralith Cave (N: 6392, E: 4091)","size":2,"tier":1},"geometry":{"type":"Point","coordinates":[12274,19176]}},{"type":"Feature","properties":{"name":"Large Ferralith Cave (N: 6378, E: 3451)","size":2,"tier":1},"geometry":{"type":"Point","coordinates":[10352,19135]}},{"type":"Feature","properties":{"name":"Large Ferralith Cave (N: 6390, E: 3601)","size":2,"tier":1},"geometry":{"type":"Point","coordinates":[10802,19171]}},{"type":"Feature","properties":{"name":"Large Ferralith Cave (N: 6385, E: 2847)","size":2,"tier":1},"geometry":{"type":"Point","coordinates":[8543,19154]}},{"type":"Feature","properties":{"name":"Large Luminite Cave (N: 6380, E: 4625)","size":2,"tier":5},"geometry":{"type":"Point","coordinates":[13873,19139]}},{"type":"Feature","properties":{"name":"Large Ferralith Cave (N: 6410, E: 3134)","size":2,"tier":1},"geometry":{"type":"Point","coordinates":[9401,19230]}},{"type":"Feature","properties":{"name":"Large Ferralith Cave (N: 6410, E: 3321)","size":2,"tier":1},"geometry":{"type":"Point","coordinates":[9962,19231]}},{"type":"Feature","properties":{"name":"Large Ferralith Cave (N: 6402, E: 3523)","size":2,"tier":1},"geometry":{"type":"Point","coordinates":[10568,19207]}},{"type":"Feature","properties":{"name":"Large Ferralith Cave (N: 6406, E: 3221)","size":2,"tier":1},"geometry":{"type":"Point","coordinates":[9661,19217]}},{"type":"Feature","properties":{"name":"Large Ferralith Cave (N: 6435, E: 3826)","size":2,"tier":1},"geometry":{"type":"Point","coordinates":[11478,19305]}},{"type":"Feature","properties":{"name":"Large Ferralith Cave (N: 6447, E: 3388)","size":2,"tier":1},"geometry":{"type":"Point","coordinates":[10165,19342]}},{"type":"Feature","properties":{"name":"Large Ferralith Cave (N: 6438, E: 2927)","size":2,"tier":1},"geometry":{"type":"Point","coordinates":[8781,19313]}},{"type":"Feature","properties":{"name":"Large Luminite Cave (N: 6452, E: 4903)","size":2,"tier":5},"geometry":{"type":"Point","coordinates":[14708,19355]}},{"type":"Feature","properties":{"name":"Large Ferralith Cave (N: 6493, E: 2865)","size":2,"tier":1},"geometry":{"type":"Point","coordinates":[8597,19479]}},{"type":"Feature","properties":{"name":"Large Ferralith Cave (N: 6468, E: 3034)","size":2,"tier":1},"geometry":{"type":"Point","coordinates":[9102,19404]}},{"type":"Feature","properties":{"name":"Large Pyrelite Cave (N: 6478, E: 4747)","size":2,"tier":2},"geometry":{"type":"Point","coordinates":[14239,19433]}},{"type":"Feature","properties":{"name":"Ferralith Cave (N: 6516, E: 3259)","size":1,"tier":1},"geometry":{"type":"Point","coordinates":[9776,19548]}},{"type":"Feature","properties":{"name":"Large Ferralith Cave (N: 6516, E: 3448)","size":2,"tier":1},"geometry":{"type":"Point","coordinates":[10344,19548]}},{"type":"Feature","properties":{"name":"Large Ferralith Cave (N: 6513, E: 2791)","size":2,"tier":1},"geometry":{"type":"Point","coordinates":[8376,19540]}},{"type":"Feature","properties":{"name":"Large Ferralith Cave (N: 6520, E: 3105)","size":2,"tier":1},"geometry":{"type":"Point","coordinates":[9316,19561]}},{"type":"Feature","properties":{"name":"Ferralith Cave (N: 6511, E: 3323)","size":1,"tier":1},"geometry":{"type":"Point","coordinates":[9972,19534]}},{"type":"Feature","properties":{"name":"Ferralith Cave (N: 6520, E: 4045)","size":1,"tier":1},"geometry":{"type":"Point","coordinates":[12136,19561]}},{"type":"Feature","properties":{"name":"Ferralith Cave (N: 6507, E: 3197)","size":1,"tier":1},"geometry":{"type":"Point","coordinates":[9591,19520]}},{"type":"Feature","properties":{"name":"Large Ferralith Cave (N: 6523, E: 3703)","size":2,"tier":1},"geometry":{"type":"Point","coordinates":[11111,19568]}},{"type":"Feature","properties":{"name":"Ferralith Cave (N: 6522, E: 4150)","size":1,"tier":1},"geometry":{"type":"Point","coordinates":[12450,19565]}},{"type":"Feature","properties":{"name":"Large Ferralith Cave (N: 6554, E: 3619)","size":2,"tier":1},"geometry":{"type":"Point","coordinates":[10856,19662]}},{"type":"Feature","properties":{"name":"Ferralith Cave (N: 6545, E: 4191)","size":1,"tier":1},"geometry":{"type":"Point","coordinates":[12574,19635]}},{"type":"Feature","properties":{"name":"Ferralith Cave (N: 6545, E: 4109)","size":1,"tier":1},"geometry":{"type":"Point","coordinates":[12328,19636]}},{"type":"Feature","properties":{"name":"Ferralith Cave (N: 6553, E: 3532)","size":1,"tier":1},"geometry":{"type":"Point","coordinates":[10596,19658]}},{"type":"Feature","properties":{"name":"Large Ferralith Cave (N: 6560, E: 4272)","size":2,"tier":1},"geometry":{"type":"Point","coordinates":[12814,19679]}},{"type":"Feature","properties":{"name":"Large Pyrelite Cave (N: 6554, E: 4673)","size":2,"tier":2},"geometry":{"type":"Point","coordinates":[14019,19661]}},{"type":"Feature","properties":{"name":"Large Ferralith Cave (N: 6578, E: 2996)","size":2,"tier":1},"geometry":{"type":"Point","coordinates":[8987,19734]}},{"type":"Feature","properties":{"name":"Ferralith Cave (N: 6574, E: 3225)","size":1,"tier":1},"geometry":{"type":"Point","coordinates":[9675,19722]}},{"type":"Feature","properties":{"name":"Ferralith Cave (N: 6577, E: 3384)","size":1,"tier":1},"geometry":{"type":"Point","coordinates":[10153,19731]}},{"type":"Feature","properties":{"name":"Large Ferralith Cave (N: 6589, E: 3775)","size":2,"tier":1},"geometry":{"type":"Point","coordinates":[11326,19767]}},{"type":"Feature","properties":{"name":"Large Pyrelite Cave (N: 6563, E: 3936)","size":2,"tier":2},"geometry":{"type":"Point","coordinates":[11811,19690]}},{"type":"Feature","properties":{"name":"Ferralith Cave (N: 6589, E: 4153)","size":1,"tier":1},"geometry":{"type":"Point","coordinates":[12462,19768]}},{"type":"Feature","properties":{"name":"Large Ferralith Cave (N: 6586, E: 2911)","size":2,"tier":1},"geometry":{"type":"Point","coordinates":[8733,19757]}},{"type":"Feature","properties":{"name":"Ferralith Cave (N: 6616, E: 3332)","size":1,"tier":1},"geometry":{"type":"Point","coordinates":[9995,19848]}},{"type":"Feature","properties":{"name":"Large Ferralith Cave (N: 6623, E: 3451)","size":2,"tier":1},"geometry":{"type":"Point","coordinates":[10354,19869]}},{"type":"Feature","properties":{"name":"Ferralith Cave (N: 6599, E: 4063)","size":1,"tier":1},"geometry":{"type":"Point","coordinates":[12191,19797]}},{"type":"Feature","properties":{"name":"Large Ferralith Cave (N: 6613, E: 3853)","size":2,"tier":1},"geometry":{"type":"Point","coordinates":[11561,19840]}},{"type":"Feature","properties":{"name":"Ferralith Cave (N: 6597, E: 2737)","size":1,"tier":1},"geometry":{"type":"Point","coordinates":[8212,19790]}},{"type":"Feature","properties":{"name":"Ferralith Cave (N: 6607, E: 2805)","size":1,"tier":1},"geometry":{"type":"Point","coordinates":[8416,19820]}},{"type":"Feature","properties":{"name":"Ferralith Cave (N: 6607, E: 3275)","size":1,"tier":1},"geometry":{"type":"Point","coordinates":[9825,19820]}},{"type":"Feature","properties":{"name":"Ferralith Cave (N: 6635, E: 3051)","size":1,"tier":1},"geometry":{"type":"Point","coordinates":[9153,19905]}},{"type":"Feature","properties":{"name":"Ferralith Cave (N: 6648, E: 3540)","size":1,"tier":1},"geometry":{"type":"Point","coordinates":[10620,19944]}},{"type":"Feature","properties":{"name":"Large Ferralith Cave (N: 6628, E: 3710)","size":2,"tier":1},"geometry":{"type":"Point","coordinates":[11129,19884]}},{"type":"Feature","properties":{"name":"Ferralith Cave (N: 6647, E: 2772)","size":1,"tier":1},"geometry":{"type":"Point","coordinates":[8318,19942]}},{"type":"Feature","properties":{"name":"Large Ferralith Cave (N: 6633, E: 4769)","size":2,"tier":1},"geometry":{"type":"Point","coordinates":[14309,19900]}},{"type":"Feature","properties":{"name":"Large Pyrelite Cave (N: 6629, E: 3150)","size":2,"tier":2},"geometry":{"type":"Point","coordinates":[9450,19886]}},{"type":"Feature","properties":{"name":"Large Ferralith Cave (N: 6674, E: 2856)","size":2,"tier":1},"geometry":{"type":"Point","coordinates":[8567,20022]}},{"type":"Feature","properties":{"name":"Ferralith Cave (N: 6686, E: 3323)","size":1,"tier":1},"geometry":{"type":"Point","coordinates":[9969,20058]}},{"type":"Feature","properties":{"name":"Large Ferralith Cave (N: 6677, E: 4126)","size":2,"tier":1},"geometry":{"type":"Point","coordinates":[12380,20031]}},{"type":"Feature","properties":{"name":"Ferralith Cave (N: 6681, E: 2973)","size":1,"tier":1},"geometry":{"type":"Point","coordinates":[8921,20044]}},{"type":"Feature","properties":{"name":"Ferralith Cave (N: 6677, E: 3983)","size":1,"tier":1},"geometry":{"type":"Point","coordinates":[11950,20032]}},{"type":"Feature","properties":{"name":"Large Pyrelite Cave (N: 6661, E: 4628)","size":2,"tier":2},"geometry":{"type":"Point","coordinates":[13885,19984]}},{"type":"Feature","properties":{"name":"Ferralith Cave (N: 6678, E: 3256)","size":1,"tier":1},"geometry":{"type":"Point","coordinates":[9768,20033]}},{"type":"Feature","properties":{"name":"Ferralith Cave (N: 6658, E: 3383)","size":1,"tier":1},"geometry":{"type":"Point","coordinates":[10148,19973]}},{"type":"Feature","properties":{"name":"Ferralith Cave (N: 6683, E: 3905)","size":1,"tier":1},"geometry":{"type":"Point","coordinates":[11717,20048]}},{"type":"Feature","properties":{"name":"Ferralith Cave (N: 6664, E: 4042)","size":1,"tier":1},"geometry":{"type":"Point","coordinates":[12124,19991]}},{"type":"Feature","properties":{"name":"Large Pyrelite Cave (N: 6662, E: 4255)","size":2,"tier":2},"geometry":{"type":"Point","coordinates":[12765,19985]}},{"type":"Feature","properties":{"name":"Ferralith Cave (N: 6719, E: 3448)","size":1,"tier":1},"geometry":{"type":"Point","coordinates":[10346,20157]}},{"type":"Feature","properties":{"name":"Ferralith Cave (N: 6692, E: 3606)","size":1,"tier":1},"geometry":{"type":"Point","coordinates":[10818,20076]}},{"type":"Feature","properties":{"name":"Ferralith Cave (N: 6715, E: 4060)","size":1,"tier":1},"geometry":{"type":"Point","coordinates":[12180,20145]}},{"type":"Feature","properties":{"name":"Ferralith Cave (N: 6709, E: 3390)","size":1,"tier":1},"geometry":{"type":"Point","coordinates":[10171,20128]}},{"type":"Feature","properties":{"name":"Ferralith Cave (N: 6701, E: 3528)","size":1,"tier":1},"geometry":{"type":"Point","coordinates":[10586,20104]}},{"type":"Feature","properties":{"name":"Ferralith Cave (N: 6689, E: 3047)","size":1,"tier":1},"geometry":{"type":"Point","coordinates":[9142,20066]}},{"type":"Feature","properties":{"name":"Ferralith Cave (N: 6716, E: 3216)","size":1,"tier":1},"geometry":{"type":"Point","coordinates":[9647,20147]}},{"type":"Feature","properties":{"name":"Ferralith Cave (N: 6697, E: 3790)","size":1,"tier":1},"geometry":{"type":"Point","coordinates":[11372,20090]}},{"type":"Feature","properties":{"name":"Ferralith Cave (N: 6702, E: 3846)","size":1,"tier":1},"geometry":{"type":"Point","coordinates":[11536,20105]}},{"type":"Feature","properties":{"name":"Ferralith Cave (N: 6749, E: 2970)","size":1,"tier":1},"geometry":{"type":"Point","coordinates":[8910,20247]}},{"type":"Feature","properties":{"name":"Ferralith Cave (N: 6742, E: 3353)","size":1,"tier":1},"geometry":{"type":"Point","coordinates":[10059,20226]}},{"type":"Feature","properties":{"name":"Ferralith Cave (N: 6740, E: 3494)","size":1,"tier":1},"geometry":{"type":"Point","coordinates":[10482,20221]}},{"type":"Feature","properties":{"name":"Ferralith Cave (N: 6734, E: 3756)","size":1,"tier":1},"geometry":{"type":"Point","coordinates":[11268,20203]}},{"type":"Feature","properties":{"name":"Ferralith Cave (N: 6743, E: 3976)","size":1,"tier":1},"geometry":{"type":"Point","coordinates":[11930,20230]}},{"type":"Feature","properties":{"name":"Ferralith Cave (N: 6723, E: 2931)","size":1,"tier":1},"geometry":{"type":"Point","coordinates":[8793,20168]}},{"type":"Feature","properties":{"name":"Ferralith Cave (N: 6737, E: 3154)","size":1,"tier":1},"geometry":{"type":"Point","coordinates":[9464,20210]}},{"type":"Feature","properties":{"name":"Ferralith Cave (N: 6729, E: 3286)","size":1,"tier":1},"geometry":{"type":"Point","coordinates":[9860,20186]}},{"type":"Feature","properties":{"name":"Ferralith Cave (N: 6761, E: 3016)","size":1,"tier":1},"geometry":{"type":"Point","coordinates":[9049,20283]}},{"type":"Feature","properties":{"name":"Ferralith Cave (N: 6779, E: 3190)","size":1,"tier":1},"geometry":{"type":"Point","coordinates":[9570,20337]}},{"type":"Feature","properties":{"name":"Ferralith Cave (N: 6776, E: 4064)","size":1,"tier":1},"geometry":{"type":"Point","coordinates":[12193,20328]}},{"type":"Feature","properties":{"name":"Ferralith Cave (N: 6763, E: 4108)","size":1,"tier":1},"geometry":{"type":"Point","coordinates":[12326,20289]}},{"type":"Feature","properties":{"name":"Large Ferralith Cave (N: 6760, E: 4850)","size":2,"tier":1},"geometry":{"type":"Point","coordinates":[14550,20280]}},{"type":"Feature","properties":{"name":"Ferralith Cave (N: 6766, E: 3608)","size":1,"tier":1},"geometry":{"type":"Point","coordinates":[10824,20299]}},{"type":"Feature","properties":{"name":"Ferralith Cave (N: 6781, E: 3552)","size":1,"tier":1},"geometry":{"type":"Point","coordinates":[10659,20344]}},{"type":"Feature","properties":{"name":"Ferralith Cave (N: 6777, E: 3110)","size":1,"tier":1},"geometry":{"type":"Point","coordinates":[9331,20330]}},{"type":"Feature","properties":{"name":"Ferralith Cave (N: 6782, E: 3288)","size":1,"tier":1},"geometry":{"type":"Point","coordinates":[9862,20345]}},{"type":"Feature","properties":{"name":"Ferralith Cave (N: 6782, E: 3386)","size":1,"tier":1},"geometry":{"type":"Point","coordinates":[10158,20345]}},{"type":"Feature","properties":{"name":"Large Ferralith Cave (N: 6781, E: 3694)","size":2,"tier":1},"geometry":{"type":"Point","coordinates":[11083,20342]}},{"type":"Feature","properties":{"name":"Large Ferralith Cave (N: 6771, E: 4219)","size":2,"tier":1},"geometry":{"type":"Point","coordinates":[12658,20312]}},{"type":"Feature","properties":{"name":"Large Ferralith Cave (N: 6758, E: 4308)","size":2,"tier":1},"geometry":{"type":"Point","coordinates":[12924,20273]}},{"type":"Feature","properties":{"name":"Ferralith Cave (N: 6799, E: 4143)","size":1,"tier":1},"geometry":{"type":"Point","coordinates":[12430,20397]}},{"type":"Feature","properties":{"name":"Ferralith Cave (N: 6789, E: 4765)","size":1,"tier":1},"geometry":{"type":"Point","coordinates":[14295,20367]}},{"type":"Feature","properties":{"name":"Ferralith Cave (N: 6807, E: 3150)","size":1,"tier":1},"geometry":{"type":"Point","coordinates":[9451,20422]}},{"type":"Feature","properties":{"name":"Ferralith Cave (N: 6785, E: 4383)","size":1,"tier":1},"geometry":{"type":"Point","coordinates":[13150,20356]}},{"type":"Feature","properties":{"name":"Large Ferralith Cave (N: 6784, E: 4537)","size":2,"tier":1},"geometry":{"type":"Point","coordinates":[13610,20353]}},{"type":"Feature","properties":{"name":"Large Ferralith Cave (N: 6807, E: 4633)","size":2,"tier":1},"geometry":{"type":"Point","coordinates":[13901,20422]}},{"type":"Feature","properties":{"name":"Large Ferralith Cave (N: 6797, E: 2867)","size":2,"tier":1},"geometry":{"type":"Point","coordinates":[8602,20390]}},{"type":"Feature","properties":{"name":"Ferralith Cave (N: 6800, E: 2951)","size":1,"tier":1},"geometry":{"type":"Point","coordinates":[8851,20399]}},{"type":"Feature","properties":{"name":"Ferralith Cave (N: 6792, E: 3236)","size":1,"tier":1},"geometry":{"type":"Point","coordinates":[9708,20375]}},{"type":"Feature","properties":{"name":"Ferralith Cave (N: 6807, E: 3344)","size":1,"tier":1},"geometry":{"type":"Point","coordinates":[10032,20420]}},{"type":"Feature","properties":{"name":"Ferralith Cave (N: 6800, E: 4022)","size":1,"tier":1},"geometry":{"type":"Point","coordinates":[12064,20399]}},{"type":"Feature","properties":{"name":"Large Ferralith Cave (N: 6829, E: 3482)","size":2,"tier":1},"geometry":{"type":"Point","coordinates":[10447,20487]}},{"type":"Feature","properties":{"name":"Large Pyrelite Cave (N: 6835, E: 3786)","size":2,"tier":2},"geometry":{"type":"Point","coordinates":[11360,20505]}},{"type":"Feature","properties":{"name":"Ferralith Cave (N: 6836, E: 4396)","size":1,"tier":1},"geometry":{"type":"Point","coordinates":[13187,20509]}},{"type":"Feature","properties":{"name":"Large Pyrelite Cave (N: 6841, E: 3887)","size":2,"tier":2},"geometry":{"type":"Point","coordinates":[11661,20522]}},{"type":"Feature","properties":{"name":"Ferralith Cave (N: 6873, E: 4244)","size":1,"tier":1},"geometry":{"type":"Point","coordinates":[12732,20619]}},{"type":"Feature","properties":{"name":"Large Ferralith Cave (N: 6850, E: 4319)","size":2,"tier":1},"geometry":{"type":"Point","coordinates":[12956,20550]}},{"type":"Feature","properties":{"name":"Large Ferralith Cave (N: 6861, E: 4859)","size":2,"tier":1},"geometry":{"type":"Point","coordinates":[14579,20583]}},{"type":"Feature","properties":{"name":"Ferralith Cave (N: 6853, E: 3079)","size":1,"tier":1},"geometry":{"type":"Point","coordinates":[9239,20560]}},{"type":"Feature","properties":{"name":"Ferralith Cave (N: 6863, E: 3375)","size":1,"tier":1},"geometry":{"type":"Point","coordinates":[10127,20590]}},{"type":"Feature","properties":{"name":"Large Ferralith Cave (N: 6865, E: 3582)","size":2,"tier":1},"geometry":{"type":"Point","coordinates":[10749,20596]}},{"type":"Feature","properties":{"name":"Ferralith Cave (N: 6859, E: 4197)","size":1,"tier":1},"geometry":{"type":"Point","coordinates":[12594,20578]}},{"type":"Feature","properties":{"name":"Ferralith Cave (N: 6873, E: 4533)","size":1,"tier":1},"geometry":{"type":"Point","coordinates":[13602,20620]}},{"type":"Feature","properties":{"name":"Large Ferralith Cave (N: 6864, E: 4087)","size":2,"tier":1},"geometry":{"type":"Point","coordinates":[12260,20591]}},{"type":"Feature","properties":{"name":"Large Ferralith Cave (N: 6886, E: 2910)","size":2,"tier":1},"geometry":{"type":"Point","coordinates":[8730,20658]}},{"type":"Feature","properties":{"name":"Ferralith Cave (N: 6887, E: 4389)","size":1,"tier":1},"geometry":{"type":"Point","coordinates":[13168,20661]}},{"type":"Feature","properties":{"name":"Large Pyrelite Cave (N: 6891, E: 4757)","size":2,"tier":2},"geometry":{"type":"Point","coordinates":[14272,20673]}},{"type":"Feature","properties":{"name":"Large Pyrelite Cave (N: 6907, E: 3003)","size":2,"tier":2},"geometry":{"type":"Point","coordinates":[9012,20722]}},{"type":"Feature","properties":{"name":"Large Ferralith Cave (N: 6906, E: 3167)","size":2,"tier":1},"geometry":{"type":"Point","coordinates":[9500,20719]}},{"type":"Feature","properties":{"name":"Large Ferralith Cave (N: 6903, E: 3310)","size":2,"tier":1},"geometry":{"type":"Point","coordinates":[9931,20710]}},{"type":"Feature","properties":{"name":"Large Ferralith Cave (N: 6885, E: 3989)","size":2,"tier":1},"geometry":{"type":"Point","coordinates":[11968,20654]}},{"type":"Feature","properties":{"name":"Ferralith Cave (N: 6887, E: 4450)","size":1,"tier":1},"geometry":{"type":"Point","coordinates":[13350,20660]}},{"type":"Feature","properties":{"name":"Large Ferralith Cave (N: 6912, E: 4600)","size":2,"tier":1},"geometry":{"type":"Point","coordinates":[13798,20735]}},{"type":"Feature","properties":{"name":"Large Ferralith Cave (N: 6921, E: 3719)","size":2,"tier":1},"geometry":{"type":"Point","coordinates":[11158,20763]}},{"type":"Feature","properties":{"name":"Large Ferralith Cave (N: 6943, E: 4131)","size":2,"tier":1},"geometry":{"type":"Point","coordinates":[12393,20829]}},{"type":"Feature","properties":{"name":"Ferralith Cave (N: 6924, E: 4237)","size":1,"tier":1},"geometry":{"type":"Point","coordinates":[12711,20772]}},{"type":"Feature","properties":{"name":"Ferralith Cave (N: 6917, E: 4485)","size":1,"tier":1},"geometry":{"type":"Point","coordinates":[13456,20752]}},{"type":"Feature","properties":{"name":"Large Ferralith Cave (N: 6913, E: 2838)","size":2,"tier":1},"geometry":{"type":"Point","coordinates":[8515,20738]}},{"type":"Feature","properties":{"name":"Ferralith Cave (N: 6937, E: 3816)","size":1,"tier":1},"geometry":{"type":"Point","coordinates":[11448,20810]}},{"type":"Feature","properties":{"name":"Ferralith Cave (N: 6944, E: 4425)","size":1,"tier":1},"geometry":{"type":"Point","coordinates":[13273,20831]}},{"type":"Feature","properties":{"name":"Ferralith Cave (N: 6940, E: 4674)","size":1,"tier":1},"geometry":{"type":"Point","coordinates":[14020,20819]}},{"type":"Feature","properties":{"name":"Ferralith Cave (N: 6975, E: 3777)","size":1,"tier":1},"geometry":{"type":"Point","coordinates":[11332,20925]}},{"type":"Feature","properties":{"name":"Ferralith Cave (N: 6969, E: 3983)","size":1,"tier":1},"geometry":{"type":"Point","coordinates":[11951,20907]}},{"type":"Feature","properties":{"name":"Large Ferralith Cave (N: 6965, E: 3089)","size":2,"tier":1},"geometry":{"type":"Point","coordinates":[9269,20896]}},{"type":"Feature","properties":{"name":"Ferralith Cave (N: 6965, E: 3531)","size":1,"tier":1},"geometry":{"type":"Point","coordinates":[10594,20896]}},{"type":"Feature","properties":{"name":"Ferralith Cave (N: 6950, E: 3611)","size":1,"tier":1},"geometry":{"type":"Point","coordinates":[10833,20849]}},{"type":"Feature","properties":{"name":"Ferralith Cave (N: 6952, E: 3880)","size":1,"tier":1},"geometry":{"type":"Point","coordinates":[11640,20855]}},{"type":"Feature","properties":{"name":"Large Ferralith Cave (N: 7003, E: 2893)","size":2,"tier":1},"geometry":{"type":"Point","coordinates":[8679,21009]}},{"type":"Feature","properties":{"name":"Large Pyrelite Cave (N: 7007, E: 3256)","size":2,"tier":2},"geometry":{"type":"Point","coordinates":[9769,21021]}},{"type":"Feature","properties":{"name":"Large Pyrelite Cave (N: 7001, E: 3433)","size":2,"tier":2},"geometry":{"type":"Point","coordinates":[10301,21003]}},{"type":"Feature","properties":{"name":"Ferralith Cave (N: 7001, E: 3573)","size":1,"tier":1},"geometry":{"type":"Point","coordinates":[10720,21004]}},{"type":"Feature","properties":{"name":"Large Ferralith Cave (N: 7000, E: 3671)","size":2,"tier":1},"geometry":{"type":"Point","coordinates":[11014,21001]}},{"type":"Feature","properties":{"name":"Ferralith Cave (N: 7006, E: 3894)","size":1,"tier":1},"geometry":{"type":"Point","coordinates":[11681,21019]}},{"type":"Feature","properties":{"name":"Ferralith Cave (N: 6986, E: 4549)","size":1,"tier":1},"geometry":{"type":"Point","coordinates":[13646,20959]}},{"type":"Feature","properties":{"name":"Ferralith Cave (N: 6985, E: 3937)","size":1,"tier":1},"geometry":{"type":"Point","coordinates":[11813,20954]}},{"type":"Feature","properties":{"name":"Large Ferralith Cave (N: 6980, E: 4329)","size":2,"tier":1},"geometry":{"type":"Point","coordinates":[12987,20939]}},{"type":"Feature","properties":{"name":"Ferralith Cave (N: 7000, E: 4503)","size":1,"tier":1},"geometry":{"type":"Point","coordinates":[13508,20999]}},{"type":"Feature","properties":{"name":"Ferralith Cave (N: 6999, E: 4710)","size":1,"tier":1},"geometry":{"type":"Point","coordinates":[14131,20996]}},{"type":"Feature","properties":{"name":"Large Ferralith Cave (N: 7021, E: 4046)","size":2,"tier":1},"geometry":{"type":"Point","coordinates":[12140,21064]}},{"type":"Feature","properties":{"name":"Large Ferralith Cave (N: 7014, E: 4213)","size":2,"tier":1},"geometry":{"type":"Point","coordinates":[12638,21043]}},{"type":"Feature","properties":{"name":"Large Ferralith Cave (N: 7029, E: 4639)","size":2,"tier":1},"geometry":{"type":"Point","coordinates":[13919,21088]}},{"type":"Feature","properties":{"name":"Large Pyrelite Cave (N: 7009, E: 3008)","size":2,"tier":2},"geometry":{"type":"Point","coordinates":[9025,21026]}},{"type":"Feature","properties":{"name":"Large Ferralith Cave (N: 7040, E: 4434)","size":2,"tier":1},"geometry":{"type":"Point","coordinates":[13300,21119]}},{"type":"Feature","properties":{"name":"Ferralith Cave (N: 7055, E: 4136)","size":1,"tier":1},"geometry":{"type":"Point","coordinates":[12410,21165]}},{"type":"Feature","properties":{"name":"Ferralith Cave (N: 7045, E: 4532)","size":1,"tier":1},"geometry":{"type":"Point","coordinates":[13597,21135]}},{"type":"Feature","properties":{"name":"Large Pyrelite Cave (N: 7050, E: 2747)","size":2,"tier":2},"geometry":{"type":"Point","coordinates":[8242,21151]}},{"type":"Feature","properties":{"name":"Ferralith Cave (N: 7045, E: 3925)","size":1,"tier":1},"geometry":{"type":"Point","coordinates":[11776,21136]}},{"type":"Feature","properties":{"name":"Ferralith Cave (N: 7067, E: 4275)","size":1,"tier":1},"geometry":{"type":"Point","coordinates":[12826,21202]}},{"type":"Feature","properties":{"name":"Ferralith Cave (N: 7056, E: 3524)","size":1,"tier":1},"geometry":{"type":"Point","coordinates":[10570,21167]}},{"type":"Feature","properties":{"name":"Large Emarium Cave (N: 7103, E: 3106)","size":2,"tier":3},"geometry":{"type":"Point","coordinates":[9320,21310]}},{"type":"Feature","properties":{"name":"Ferralith Cave (N: 7099, E: 4333)","size":1,"tier":1},"geometry":{"type":"Point","coordinates":[13001,21298]}},{"type":"Feature","properties":{"name":"Large Ferralith Cave (N: 7077, E: 2843)","size":2,"tier":1},"geometry":{"type":"Point","coordinates":[8531,21230]}},{"type":"Feature","properties":{"name":"Ferralith Cave (N: 7093, E: 4502)","size":1,"tier":1},"geometry":{"type":"Point","coordinates":[13506,21278]}},{"type":"Feature","properties":{"name":"Large Ferralith Cave (N: 7127, E: 4217)","size":2,"tier":1},"geometry":{"type":"Point","coordinates":[12653,21381]}},{"type":"Feature","properties":{"name":"Ferralith Cave (N: 7126, E: 4094)","size":1,"tier":1},"geometry":{"type":"Point","coordinates":[12281,21379]}},{"type":"Feature","properties":{"name":"Ferralith Cave (N: 7107, E: 4141)","size":1,"tier":1},"geometry":{"type":"Point","coordinates":[12424,21322]}},{"type":"Feature","properties":{"name":"Ferralith Cave (N: 7108, E: 4380)","size":1,"tier":1},"geometry":{"type":"Point","coordinates":[13141,21325]}},{"type":"Feature","properties":{"name":"Ferralith Cave (N: 7108, E: 4547)","size":1,"tier":1},"geometry":{"type":"Point","coordinates":[13640,21325]}},{"type":"Feature","properties":{"name":"Large Pyrelite Cave (N: 7110, E: 3428)","size":2,"tier":2},"geometry":{"type":"Point","coordinates":[10283,21329]}},{"type":"Feature","properties":{"name":"Ferralith Cave (N: 7132, E: 3523)","size":1,"tier":1},"geometry":{"type":"Point","coordinates":[10568,21395]}},{"type":"Feature","properties":{"name":"Large Ferralith Cave (N: 7107, E: 3603)","size":2,"tier":1},"geometry":{"type":"Point","coordinates":[10811,21320]}},{"type":"Feature","properties":{"name":"Large Pyrelite Cave (N: 7163, E: 3999)","size":2,"tier":2},"geometry":{"type":"Point","coordinates":[11997,21489]}},{"type":"Feature","properties":{"name":"Ferralith Cave (N: 7149, E: 4646)","size":1,"tier":1},"geometry":{"type":"Point","coordinates":[13939,21447]}},{"type":"Feature","properties":{"name":"Ferralith Cave (N: 7155, E: 4590)","size":1,"tier":1},"geometry":{"type":"Point","coordinates":[13770,21465]}},{"type":"Feature","properties":{"name":"Large Pyrelite Cave (N: 7147, E: 3892)","size":2,"tier":2},"geometry":{"type":"Point","coordinates":[11678,21442]}},{"type":"Feature","properties":{"name":"Ferralith Cave (N: 7144, E: 4466)","size":1,"tier":1},"geometry":{"type":"Point","coordinates":[13398,21433]}},{"type":"Feature","properties":{"name":"Large Emarium Cave (N: 7146, E: 3320)","size":2,"tier":3},"geometry":{"type":"Point","coordinates":[9958,21437]}},{"type":"Feature","properties":{"name":"Large Pyrelite Cave (N: 7142, E: 3700)","size":2,"tier":2},"geometry":{"type":"Point","coordinates":[11099,21425]}},{"type":"Feature","properties":{"name":"Ferralith Cave (N: 7199, E: 4459)","size":1,"tier":1},"geometry":{"type":"Point","coordinates":[13379,21597]}},{"type":"Feature","properties":{"name":"Ferralith Cave (N: 7169, E: 4692)","size":1,"tier":1},"geometry":{"type":"Point","coordinates":[14076,21507]}},{"type":"Feature","properties":{"name":"Large Emarium Cave (N: 7171, E: 2721)","size":2,"tier":3},"geometry":{"type":"Point","coordinates":[8164,21514]}},{"type":"Feature","properties":{"name":"Ferralith Cave (N: 7171, E: 4408)","size":1,"tier":1},"geometry":{"type":"Point","coordinates":[13227,21514]}},{"type":"Feature","properties":{"name":"Large Pyrelite Cave (N: 7188, E: 2983)","size":2,"tier":2},"geometry":{"type":"Point","coordinates":[8947,21563]}},{"type":"Feature","properties":{"name":"Ferralith Cave (N: 7169, E: 4353)","size":1,"tier":1},"geometry":{"type":"Point","coordinates":[13059,21506]}},{"type":"Feature","properties":{"name":"Large Pyrelite Cave (N: 7222, E: 3814)","size":2,"tier":2},"geometry":{"type":"Point","coordinates":[11441,21666]}},{"type":"Feature","properties":{"name":"Ferralith Cave (N: 7225, E: 4146)","size":1,"tier":1},"geometry":{"type":"Point","coordinates":[12439,21675]}},{"type":"Feature","properties":{"name":"Large Ferralith Cave (N: 7219, E: 4263)","size":2,"tier":1},"geometry":{"type":"Point","coordinates":[12791,21657]}},{"type":"Feature","properties":{"name":"Large Pyrelite Cave (N: 7210, E: 3631)","size":2,"tier":2},"geometry":{"type":"Point","coordinates":[10892,21629]}},{"type":"Feature","properties":{"name":"Ferralith Cave (N: 7231, E: 4404)","size":1,"tier":1},"geometry":{"type":"Point","coordinates":[13212,21692]}},{"type":"Feature","properties":{"name":"Large Ferralith Cave (N: 7251, E: 4623)","size":2,"tier":1},"geometry":{"type":"Point","coordinates":[13870,21753]}},{"type":"Feature","properties":{"name":"Large Pyrelite Cave (N: 7247, E: 3535)","size":2,"tier":2},"geometry":{"type":"Point","coordinates":[10608,21742]}},{"type":"Feature","properties":{"name":"Large Pyrelite Cave (N: 7249, E: 2864)","size":2,"tier":2},"geometry":{"type":"Point","coordinates":[8592,21746]}},{"type":"Feature","properties":{"name":"Large Pyrelite Cave (N: 7242, E: 3433)","size":2,"tier":2},"geometry":{"type":"Point","coordinates":[10299,21725]}},{"type":"Feature","properties":{"name":"Large Pyrelite Cave (N: 7249, E: 4057)","size":2,"tier":2},"geometry":{"type":"Point","coordinates":[12173,21746]}},{"type":"Feature","properties":{"name":"Large Pyrelite Cave (N: 7252, E: 4755)","size":2,"tier":2},"geometry":{"type":"Point","coordinates":[14263,21755]}},{"type":"Feature","properties":{"name":"Ferralith Cave (N: 7271, E: 4454)","size":1,"tier":1},"geometry":{"type":"Point","coordinates":[13362,21813]}},{"type":"Feature","properties":{"name":"Ferralith Cave (N: 7290, E: 4397)","size":1,"tier":1},"geometry":{"type":"Point","coordinates":[13191,21870]}},{"type":"Feature","properties":{"name":"Large Pyrelite Cave (N: 7280, E: 3938)","size":2,"tier":2},"geometry":{"type":"Point","coordinates":[11815,21841]}},{"type":"Feature","properties":{"name":"Ferralith Cave (N: 7264, E: 4542)","size":1,"tier":1},"geometry":{"type":"Point","coordinates":[13625,21793]}},{"type":"Feature","properties":{"name":"Large Pyrelite Cave (N: 7287, E: 3340)","size":2,"tier":2},"geometry":{"type":"Point","coordinates":[10020,21860]}},{"type":"Feature","properties":{"name":"Large Rathium Cave (N: 7314, E: 3133)","size":2,"tier":6},"geometry":{"type":"Point","coordinates":[9399,21942]}},{"type":"Feature","properties":{"name":"Large Pyrelite Cave (N: 7324, E: 3829)","size":2,"tier":2},"geometry":{"type":"Point","coordinates":[11485,21971]}},{"type":"Feature","properties":{"name":"Large Pyrelite Cave (N: 7346, E: 3462)","size":2,"tier":2},"geometry":{"type":"Point","coordinates":[10385,22038]}},{"type":"Feature","properties":{"name":"Ferralith Cave (N: 7331, E: 4819)","size":1,"tier":1},"geometry":{"type":"Point","coordinates":[14458,21993]}},{"type":"Feature","properties":{"name":"Large Pyrelite Cave (N: 7328, E: 4169)","size":2,"tier":2},"geometry":{"type":"Point","coordinates":[12508,21985]}},{"type":"Feature","properties":{"name":"Large Pyrelite Cave (N: 7334, E: 3596)","size":2,"tier":2},"geometry":{"type":"Point","coordinates":[10786,22001]}},{"type":"Feature","properties":{"name":"Large Emarium Cave (N: 7386, E: 2918)","size":2,"tier":3},"geometry":{"type":"Point","coordinates":[8755,22158]}},{"type":"Feature","properties":{"name":"Large Emarium Cave (N: 7369, E: 4065)","size":2,"tier":3},"geometry":{"type":"Point","coordinates":[12197,22107]}},{"type":"Feature","properties":{"name":"Large Pyrelite Cave (N: 7366, E: 4512)","size":2,"tier":2},"geometry":{"type":"Point","coordinates":[13536,22098]}},{"type":"Feature","properties":{"name":"Large Ferralith Cave (N: 7361, E: 4694)","size":2,"tier":1},"geometry":{"type":"Point","coordinates":[14084,22083]}},{"type":"Feature","properties":{"name":"Ferralith Cave (N: 7404, E: 4601)","size":1,"tier":1},"geometry":{"type":"Point","coordinates":[13803,22212]}},{"type":"Feature","properties":{"name":"Large Pyrelite Cave (N: 7415, E: 3529)","size":2,"tier":2},"geometry":{"type":"Point","coordinates":[10590,22246]}},{"type":"Feature","properties":{"name":"Large Emarium Cave (N: 7416, E: 3947)","size":2,"tier":3},"geometry":{"type":"Point","coordinates":[11841,22249]}},{"type":"Feature","properties":{"name":"Large Emarium Cave (N: 7400, E: 4264)","size":2,"tier":3},"geometry":{"type":"Point","coordinates":[12793,22201]}},{"type":"Feature","properties":{"name":"Large Pyrelite Cave (N: 7413, E: 4404)","size":2,"tier":2},"geometry":{"type":"Point","coordinates":[13214,22240]}},{"type":"Feature","properties":{"name":"Large Pyrelite Cave (N: 7394, E: 3363)","size":2,"tier":2},"geometry":{"type":"Point","coordinates":[10087,22181]}},{"type":"Feature","properties":{"name":"Large Ferralith Cave (N: 7402, E: 4771)","size":2,"tier":1},"geometry":{"type":"Point","coordinates":[14312,22205]}},{"type":"Feature","properties":{"name":"Large Pyrelite Cave (N: 7447, E: 3444)","size":2,"tier":2},"geometry":{"type":"Point","coordinates":[10334,22341]}},{"type":"Feature","properties":{"name":"Large Pyrelite Cave (N: 7429, E: 4159)","size":2,"tier":2},"geometry":{"type":"Point","coordinates":[12479,22287]}},{"type":"Feature","properties":{"name":"Large Pyrelite Cave (N: 7485, E: 4516)","size":2,"tier":2},"geometry":{"type":"Point","coordinates":[13549,22455]}},{"type":"Feature","properties":{"name":"Large Pyrelite Cave (N: 7469, E: 3610)","size":2,"tier":2},"geometry":{"type":"Point","coordinates":[10831,22406]}},{"type":"Feature","properties":{"name":"Large Pyrelite Cave (N: 7518, E: 4295)","size":2,"tier":2},"geometry":{"type":"Point","coordinates":[12886,22554]}},{"type":"Feature","properties":{"name":"Large Rathium Cave (N: 7521, E: 3087)","size":2,"tier":6},"geometry":{"type":"Point","coordinates":[9263,22563]}},{"type":"Feature","properties":{"name":"Large Pyrelite Cave (N: 7523, E: 4400)","size":2,"tier":2},"geometry":{"type":"Point","coordinates":[13200,22569]}},{"type":"Feature","properties":{"name":"Large Ferralith Cave (N: 6138, E: 3529)","size":2,"tier":1},"geometry":{"type":"Point","coordinates":[10587,18414]}},{"type":"Feature","properties":{"name":"Large Ferralith Cave (N: 6594, E: 3308)","size":2,"tier":1},"geometry":{"type":"Point","coordinates":[9924,19782]}},{"type":"Feature","properties":{"name":"Large Ferralith Cave (N: 6710, E: 3627)","size":2,"tier":1},"geometry":{"type":"Point","coordinates":[10881,20130]}},{"type":"Feature","properties":{"name":"Large Ferralith Cave (N: 6740, E: 3948)","size":2,"tier":1},"geometry":{"type":"Point","coordinates":[11844,20220]}},{"type":"Feature","properties":{"name":"Large Pyrelite Cave (N: 5392, E: 6728)","size":2,"tier":2},"geometry":{"type":"Point","coordinates":[20184,16176]}},{"type":"Feature","properties":{"name":"Large Luminite Cave (N: 5461, E: 6338)","size":2,"tier":5},"geometry":{"type":"Point","coordinates":[19014,16382]}},{"type":"Feature","properties":{"name":"Large Luminite Cave (N: 5450, E: 6501)","size":2,"tier":5},"geometry":{"type":"Point","coordinates":[19502,16349]}},{"type":"Feature","properties":{"name":"Large Luminite Cave (N: 5572, E: 6834)","size":2,"tier":5},"geometry":{"type":"Point","coordinates":[20501,16717]}},{"type":"Feature","properties":{"name":"Large Luminite Cave (N: 5597, E: 7239)","size":2,"tier":5},"geometry":{"type":"Point","coordinates":[21719,16792]}},{"type":"Feature","properties":{"name":"Large Luminite Cave (N: 5624, E: 5981)","size":2,"tier":5},"geometry":{"type":"Point","coordinates":[17942,16872]}},{"type":"Feature","properties":{"name":"Large Luminite Cave (N: 5611, E: 6202)","size":2,"tier":5},"geometry":{"type":"Point","coordinates":[18608,16833]}},{"type":"Feature","properties":{"name":"Large Aurumite Cave (N: 5620, E: 6637)","size":2,"tier":7},"geometry":{"type":"Point","coordinates":[19911,16860]}},{"type":"Feature","properties":{"name":"Large Luminite Cave (N: 5667, E: 6421)","size":2,"tier":5},"geometry":{"type":"Point","coordinates":[19266,17002]}},{"type":"Feature","properties":{"name":"Large Luminite Cave (N: 5710, E: 7109)","size":2,"tier":5},"geometry":{"type":"Point","coordinates":[21328,17131]}},{"type":"Feature","properties":{"name":"Large Luminite Cave (N: 5759, E: 6828)","size":2,"tier":5},"geometry":{"type":"Point","coordinates":[20487,17278]}},{"type":"Feature","properties":{"name":"Large Pyrelite Cave (N: 5740, E: 7336)","size":2,"tier":2},"geometry":{"type":"Point","coordinates":[22009,17221]}},{"type":"Feature","properties":{"name":"Large Pyrelite Cave (N: 5784, E: 7248)","size":2,"tier":2},"geometry":{"type":"Point","coordinates":[21742,17351]}},{"type":"Feature","properties":{"name":"Large Luminite Cave (N: 5813, E: 5719)","size":2,"tier":5},"geometry":{"type":"Point","coordinates":[17159,17438]}},{"type":"Feature","properties":{"name":"Large Luminite Cave (N: 5813, E: 6973)","size":2,"tier":5},"geometry":{"type":"Point","coordinates":[20921,17438]}},{"type":"Feature","properties":{"name":"Large Celestium Cave (N: 6008, E: 6148)","size":2,"tier":8},"geometry":{"type":"Point","coordinates":[18444,18024]}},{"type":"Feature","properties":{"name":"Large Luminite Cave (N: 6000, E: 5539)","size":2,"tier":5},"geometry":{"type":"Point","coordinates":[16616,18001]}},{"type":"Feature","properties":{"name":"Large Luminite Cave (N: 5993, E: 7021)","size":2,"tier":5},"geometry":{"type":"Point","coordinates":[21063,17978]}},{"type":"Feature","properties":{"name":"Large Celestium Cave (N: 6024, E: 6378)","size":2,"tier":8},"geometry":{"type":"Point","coordinates":[19134,18073]}},{"type":"Feature","properties":{"name":"Large Luminite Cave (N: 6017, E: 7264)","size":2,"tier":5},"geometry":{"type":"Point","coordinates":[21793,18052]}},{"type":"Feature","properties":{"name":"Large Luminite Cave (N: 6018, E: 5794)","size":2,"tier":5},"geometry":{"type":"Point","coordinates":[17380,18053]}},{"type":"Feature","properties":{"name":"Large Luminite Cave (N: 6131, E: 5431)","size":2,"tier":5},"geometry":{"type":"Point","coordinates":[16293,18393]}},{"type":"Feature","properties":{"name":"Large Pyrelite Cave (N: 6136, E: 7152)","size":2,"tier":2},"geometry":{"type":"Point","coordinates":[21456,18407]}},{"type":"Feature","properties":{"name":"Large Luminite Cave (N: 6144, E: 6793)","size":2,"tier":5},"geometry":{"type":"Point","coordinates":[20378,18432]}},{"type":"Feature","properties":{"name":"Large Luminite Cave (N: 6179, E: 5993)","size":2,"tier":5},"geometry":{"type":"Point","coordinates":[17981,18536]}},{"type":"Feature","properties":{"name":"Large Pyrelite Cave (N: 6196, E: 7232)","size":2,"tier":2},"geometry":{"type":"Point","coordinates":[21695,18587]}},{"type":"Feature","properties":{"name":"Large Celestium Cave (N: 6213, E: 6573)","size":2,"tier":8},"geometry":{"type":"Point","coordinates":[19721,18640]}},{"type":"Feature","properties":{"name":"Large Luminite Cave (N: 6228, E: 5552)","size":2,"tier":5},"geometry":{"type":"Point","coordinates":[16656,18683]}},{"type":"Feature","properties":{"name":"Large Celestium Cave (N: 6271, E: 6368)","size":2,"tier":8},"geometry":{"type":"Point","coordinates":[19106,18814]}},{"type":"Feature","properties":{"name":"Large Pyrelite Cave (N: 6258, E: 7149)","size":2,"tier":2},"geometry":{"type":"Point","coordinates":[21446,18773]}},{"type":"Feature","properties":{"name":"Large Pyrelite Cave (N: 6276, E: 6937)","size":2,"tier":2},"geometry":{"type":"Point","coordinates":[20809,18827]}},{"type":"Feature","properties":{"name":"Large Pyrelite Cave (N: 6288, E: 7052)","size":2,"tier":2},"geometry":{"type":"Point","coordinates":[21154,18863]}},{"type":"Feature","properties":{"name":"Large Luminite Cave (N: 6318, E: 5328)","size":2,"tier":5},"geometry":{"type":"Point","coordinates":[15985,18955]}},{"type":"Feature","properties":{"name":"Large Luminite Cave (N: 6356, E: 5677)","size":2,"tier":5},"geometry":{"type":"Point","coordinates":[17032,19068]}},{"type":"Feature","properties":{"name":"Large Luminite Cave (N: 6360, E: 6746)","size":2,"tier":5},"geometry":{"type":"Point","coordinates":[20239,19080]}},{"type":"Feature","properties":{"name":"Large Celestium Cave (N: 6344, E: 6165)","size":2,"tier":8},"geometry":{"type":"Point","coordinates":[18495,19033]}},{"type":"Feature","properties":{"name":"Large Pyrelite Cave (N: 6397, E: 7076)","size":2,"tier":2},"geometry":{"type":"Point","coordinates":[21228,19191]}},{"type":"Feature","properties":{"name":"Large Pyrelite Cave (N: 6372, E: 7191)","size":2,"tier":2},"geometry":{"type":"Point","coordinates":[21572,19116]}},{"type":"Feature","properties":{"name":"Large Elenvar Cave (N: 6425, E: 5465)","size":2,"tier":4},"geometry":{"type":"Point","coordinates":[16397,19276]}},{"type":"Feature","properties":{"name":"Large Luminite Cave (N: 6417, E: 5822)","size":2,"tier":5},"geometry":{"type":"Point","coordinates":[17467,19250]}},{"type":"Feature","properties":{"name":"Large Luminite Cave (N: 6477, E: 6858)","size":2,"tier":5},"geometry":{"type":"Point","coordinates":[20574,19431]}},{"type":"Feature","properties":{"name":"Large Luminite Cave (N: 6496, E: 5977)","size":2,"tier":5},"geometry":{"type":"Point","coordinates":[17931,19487]}},{"type":"Feature","properties":{"name":"Large Luminite Cave (N: 6539, E: 5712)","size":2,"tier":5},"geometry":{"type":"Point","coordinates":[17137,19617]}},{"type":"Feature","properties":{"name":"Large Celestium Cave (N: 6552, E: 6320)","size":2,"tier":8},"geometry":{"type":"Point","coordinates":[18959,19656]}},{"type":"Feature","properties":{"name":"Large Celestium Cave (N: 6568, E: 6577)","size":2,"tier":8},"geometry":{"type":"Point","coordinates":[19730,19704]}},{"type":"Feature","properties":{"name":"Large Luminite Cave (N: 6625, E: 7139)","size":2,"tier":5},"geometry":{"type":"Point","coordinates":[21419,19876]}},{"type":"Feature","properties":{"name":"Large Luminite Cave (N: 6680, E: 6115)","size":2,"tier":5},"geometry":{"type":"Point","coordinates":[18346,20041]}},{"type":"Feature","properties":{"name":"Large Luminite Cave (N: 6697, E: 6989)","size":2,"tier":5},"geometry":{"type":"Point","coordinates":[20969,20091]}},{"type":"Feature","properties":{"name":"Large Luminite Cave (N: 6693, E: 5857)","size":2,"tier":5},"geometry":{"type":"Point","coordinates":[17574,20080]}},{"type":"Feature","properties":{"name":"Large Luminite Cave (N: 6789, E: 6303)","size":2,"tier":5},"geometry":{"type":"Point","coordinates":[18910,20368]}},{"type":"Feature","properties":{"name":"Large Luminite Cave (N: 6843, E: 6635)","size":2,"tier":5},"geometry":{"type":"Point","coordinates":[19905,20528]}},{"type":"Feature","properties":{"name":"Large Luminite Cave (N: 6867, E: 5526)","size":2,"tier":5},"geometry":{"type":"Point","coordinates":[16578,20601]}},{"type":"Feature","properties":{"name":"Large Luminite Cave (N: 6853, E: 6143)","size":2,"tier":5},"geometry":{"type":"Point","coordinates":[18429,20559]}},{"type":"Feature","properties":{"name":"Large Luminite Cave (N: 6891, E: 6425)","size":2,"tier":5},"geometry":{"type":"Point","coordinates":[19277,20672]}},{"type":"Feature","properties":{"name":"Large Aurumite Cave (N: 6926, E: 5776)","size":2,"tier":7},"geometry":{"type":"Point","coordinates":[17329,20779]}},{"type":"Feature","properties":{"name":"Large Luminite Cave (N: 6984, E: 6963)","size":2,"tier":5},"geometry":{"type":"Point","coordinates":[20890,20953]}},{"type":"Feature","properties":{"name":"Large Luminite Cave (N: 7068, E: 6077)","size":2,"tier":5},"geometry":{"type":"Point","coordinates":[18231,21203]}},{"type":"Feature","properties":{"name":"Large Luminite Cave (N: 7094, E: 6588)","size":2,"tier":5},"geometry":{"type":"Point","coordinates":[19763,21282]}},{"type":"Feature","properties":{"name":"Large Pyrelite Cave (N: 7122, E: 6273)","size":2,"tier":2},"geometry":{"type":"Point","coordinates":[18819,21366]}},{"type":"Feature","properties":{"name":"Large Pyrelite Cave (N: 7113, E: 6380)","size":2,"tier":2},"geometry":{"type":"Point","coordinates":[19141,21339]}},{"type":"Feature","properties":{"name":"Large Pyrelite Cave (N: 7235, E: 6464)","size":2,"tier":2},"geometry":{"type":"Point","coordinates":[19394,21705]}},{"type":"Feature","properties":{"name":"Large Pyrelite Cave (N: 7249, E: 6261)","size":2,"tier":2},"geometry":{"type":"Point","coordinates":[18783,21746]}},{"type":"Feature","properties":{"name":"Large Luminite Cave (N: 7370, E: 6103)","size":2,"tier":5},"geometry":{"type":"Point","coordinates":[18309,22110]}},{"type":"Feature","properties":{"name":"Large Luminite Cave (N: 5197, E: 8197)","size":2,"tier":5},"geometry":{"type":"Point","coordinates":[24594,15592]}},{"type":"Feature","properties":{"name":"Large Ferralith Cave (N: 5329, E: 9268)","size":2,"tier":1},"geometry":{"type":"Point","coordinates":[27806,15988]}},{"type":"Feature","properties":{"name":"Large Emarium Cave (N: 5356, E: 9103)","size":2,"tier":3},"geometry":{"type":"Point","coordinates":[27310,16068]}},{"type":"Feature","properties":{"name":"Large Ferralith Cave (N: 5394, E: 9582)","size":2,"tier":1},"geometry":{"type":"Point","coordinates":[28747,16183]}},{"type":"Feature","properties":{"name":"Large Luminite Cave (N: 5407, E: 8265)","size":2,"tier":5},"geometry":{"type":"Point","coordinates":[24797,16220]}},{"type":"Feature","properties":{"name":"Large Emarium Cave (N: 5430, E: 9466)","size":2,"tier":3},"geometry":{"type":"Point","coordinates":[28397,16290]}},{"type":"Feature","properties":{"name":"Large Emarium Cave (N: 5450, E: 8924)","size":2,"tier":3},"geometry":{"type":"Point","coordinates":[26771,16350]}},{"type":"Feature","properties":{"name":"Large Ferralith Cave (N: 5468, E: 9844)","size":2,"tier":1},"geometry":{"type":"Point","coordinates":[29533,16404]}},{"type":"Feature","properties":{"name":"Large Ferralith Cave (N: 5450, E: 9968)","size":2,"tier":1},"geometry":{"type":"Point","coordinates":[29903,16351]}},{"type":"Feature","properties":{"name":"Ferralith Cave (N: 5490, E: 9095)","size":1,"tier":1},"geometry":{"type":"Point","coordinates":[27284,16470]}},{"type":"Feature","properties":{"name":"Large Pyrelite Cave (N: 5481, E: 9647)","size":2,"tier":2},"geometry":{"type":"Point","coordinates":[28941,16443]}},{"type":"Feature","properties":{"name":"Large Pyrelite Cave (N: 5502, E: 9751)","size":2,"tier":2},"geometry":{"type":"Point","coordinates":[29252,16506]}},{"type":"Feature","properties":{"name":"Large Pyrelite Cave (N: 5495, E: 8392)","size":2,"tier":2},"geometry":{"type":"Point","coordinates":[25178,16486]}},{"type":"Feature","properties":{"name":"Large Emarium Cave (N: 5487, E: 9211)","size":2,"tier":3},"geometry":{"type":"Point","coordinates":[27634,16462]}},{"type":"Feature","properties":{"name":"Large Aurumite Cave (N: 5514, E: 8071)","size":2,"tier":7},"geometry":{"type":"Point","coordinates":[24214,16542]}},{"type":"Feature","properties":{"name":"Large Emarium Cave (N: 5525, E: 9395)","size":2,"tier":3},"geometry":{"type":"Point","coordinates":[28186,16575]}},{"type":"Feature","properties":{"name":"Large Ferralith Cave (N: 5515, E: 8761)","size":2,"tier":1},"geometry":{"type":"Point","coordinates":[26286,16546]}},{"type":"Feature","properties":{"name":"Large Ferralith Cave (N: 5505, E: 8667)","size":2,"tier":1},"geometry":{"type":"Point","coordinates":[26001,16514]}},{"type":"Feature","properties":{"name":"Large Ferralith Cave (N: 5506, E: 9558)","size":2,"tier":1},"geometry":{"type":"Point","coordinates":[28673,16517]}},{"type":"Feature","properties":{"name":"Large Ferralith Cave (N: 5517, E: 9904)","size":2,"tier":1},"geometry":{"type":"Point","coordinates":[29713,16550]}},{"type":"Feature","properties":{"name":"Ferralith Cave (N: 5557, E: 9113)","size":1,"tier":1},"geometry":{"type":"Point","coordinates":[27340,16671]}},{"type":"Feature","properties":{"name":"Ferralith Cave (N: 5558, E: 9497)","size":1,"tier":1},"geometry":{"type":"Point","coordinates":[28489,16673]}},{"type":"Feature","properties":{"name":"Large Ferralith Cave (N: 5558, E: 9968)","size":2,"tier":1},"geometry":{"type":"Point","coordinates":[29904,16673]}},{"type":"Feature","properties":{"name":"Large Pyrelite Cave (N: 5597, E: 8373)","size":2,"tier":2},"geometry":{"type":"Point","coordinates":[25120,16791]}},{"type":"Feature","properties":{"name":"Large Ferralith Cave (N: 5589, E: 8653)","size":2,"tier":1},"geometry":{"type":"Point","coordinates":[25962,16768]}},{"type":"Feature","properties":{"name":"Large Emarium Cave (N: 5598, E: 9296)","size":2,"tier":3},"geometry":{"type":"Point","coordinates":[27888,16795]}},{"type":"Feature","properties":{"name":"Large Pyrelite Cave (N: 5605, E: 9766)","size":2,"tier":2},"geometry":{"type":"Point","coordinates":[29298,16814]}},{"type":"Feature","properties":{"name":"Ferralith Cave (N: 5659, E: 9103)","size":1,"tier":1},"geometry":{"type":"Point","coordinates":[27310,16977]}},{"type":"Feature","properties":{"name":"Large Emarium Cave (N: 5647, E: 9422)","size":2,"tier":3},"geometry":{"type":"Point","coordinates":[28269,16942]}},{"type":"Feature","properties":{"name":"Large Elenvar Cave (N: 5658, E: 8239)","size":2,"tier":4},"geometry":{"type":"Point","coordinates":[24716,16973]}},{"type":"Feature","properties":{"name":"Large Ferralith Cave (N: 5633, E: 9630)","size":2,"tier":1},"geometry":{"type":"Point","coordinates":[28891,16898]}},{"type":"Feature","properties":{"name":"Large Ferralith Cave (N: 5663, E: 9982)","size":2,"tier":1},"geometry":{"type":"Point","coordinates":[29947,16988]}},{"type":"Feature","properties":{"name":"Ferralith Cave (N: 5687, E: 9147)","size":1,"tier":1},"geometry":{"type":"Point","coordinates":[27442,17061]}},{"type":"Feature","properties":{"name":"Large Ferralith Cave (N: 5665, E: 8954)","size":2,"tier":1},"geometry":{"type":"Point","coordinates":[26864,16996]}},{"type":"Feature","properties":{"name":"Ferralith Cave (N: 5665, E: 10065)","size":1,"tier":1},"geometry":{"type":"Point","coordinates":[30197,16996]}},{"type":"Feature","properties":{"name":"Large Pyrelite Cave (N: 5675, E: 8493)","size":2,"tier":2},"geometry":{"type":"Point","coordinates":[25481,17024]}},{"type":"Feature","properties":{"name":"Large Pyrelite Cave (N: 5726, E: 8409)","size":2,"tier":2},"geometry":{"type":"Point","coordinates":[25227,17179]}},{"type":"Feature","properties":{"name":"Large Pyrelite Cave (N: 5713, E: 7920)","size":2,"tier":2},"geometry":{"type":"Point","coordinates":[23762,17138]}},{"type":"Feature","properties":{"name":"Ferralith Cave (N: 5711, E: 9016)","size":1,"tier":1},"geometry":{"type":"Point","coordinates":[27050,17132]}},{"type":"Feature","properties":{"name":"Ferralith Cave (N: 5713, E: 9089)","size":1,"tier":1},"geometry":{"type":"Point","coordinates":[27268,17138]}},{"type":"Feature","properties":{"name":"Large Ferralith Cave (N: 5703, E: 9850)","size":2,"tier":1},"geometry":{"type":"Point","coordinates":[29551,17108]}},{"type":"Feature","properties":{"name":"Large Emarium Cave (N: 5750, E: 9243)","size":2,"tier":3},"geometry":{"type":"Point","coordinates":[27729,17250]}},{"type":"Feature","properties":{"name":"Ferralith Cave (N: 5755, E: 9358)","size":1,"tier":1},"geometry":{"type":"Point","coordinates":[28075,17266]}},{"type":"Feature","properties":{"name":"Ferralith Cave (N: 5754, E: 9056)","size":1,"tier":1},"geometry":{"type":"Point","coordinates":[27168,17261]}},{"type":"Feature","properties":{"name":"Ferralith Cave (N: 5736, E: 9502)","size":1,"tier":1},"geometry":{"type":"Point","coordinates":[28504,17207]}},{"type":"Feature","properties":{"name":"Ferralith Cave (N: 5744, E: 9634)","size":1,"tier":1},"geometry":{"type":"Point","coordinates":[28900,17231]}},{"type":"Feature","properties":{"name":"Large Pyrelite Cave (N: 5777, E: 8537)","size":2,"tier":2},"geometry":{"type":"Point","coordinates":[25613,17331]}},{"type":"Feature","properties":{"name":"Ferralith Cave (N: 5785, E: 8803)","size":1,"tier":1},"geometry":{"type":"Point","coordinates":[26409,17355]}},{"type":"Feature","properties":{"name":"Ferralith Cave (N: 5770, E: 8962)","size":1,"tier":1},"geometry":{"type":"Point","coordinates":[26887,17310]}},{"type":"Feature","properties":{"name":"Ferralith Cave (N: 5780, E: 9101)","size":1,"tier":1},"geometry":{"type":"Point","coordinates":[27302,17341]}},{"type":"Feature","properties":{"name":"Ferralith Cave (N: 5789, E: 9486)","size":1,"tier":1},"geometry":{"type":"Point","coordinates":[28461,17368]}},{"type":"Feature","properties":{"name":"Large Pyrelite Cave (N: 5766, E: 9930)","size":2,"tier":2},"geometry":{"type":"Point","coordinates":[29789,17299]}},{"type":"Feature","properties":{"name":"Ferralith Cave (N: 5773, E: 9428)","size":1,"tier":1},"geometry":{"type":"Point","coordinates":[28284,17318]}},{"type":"Feature","properties":{"name":"Large Pyrelite Cave (N: 5815, E: 7964)","size":2,"tier":2},"geometry":{"type":"Point","coordinates":[23892,17445]}},{"type":"Feature","properties":{"name":"Ferralith Cave (N: 5792, E: 8900)","size":1,"tier":1},"geometry":{"type":"Point","coordinates":[26700,17376]}},{"type":"Feature","properties":{"name":"Ferralith Cave (N: 5815, E: 9377)","size":1,"tier":1},"geometry":{"type":"Point","coordinates":[28133,17445]}},{"type":"Feature","properties":{"name":"Ferralith Cave (N: 5800, E: 9659)","size":1,"tier":1},"geometry":{"type":"Point","coordinates":[28978,17400]}},{"type":"Feature","properties":{"name":"Large Luminite Cave (N: 5798, E: 8132)","size":2,"tier":5},"geometry":{"type":"Point","coordinates":[24395,17395]}},{"type":"Feature","properties":{"name":"Ferralith Cave (N: 5821, E: 8857)","size":1,"tier":1},"geometry":{"type":"Point","coordinates":[26572,17464]}},{"type":"Feature","properties":{"name":"Ferralith Cave (N: 5812, E: 9534)","size":1,"tier":1},"geometry":{"type":"Point","coordinates":[28601,17437]}},{"type":"Feature","properties":{"name":"Ferralith Cave (N: 5803, E: 9607)","size":1,"tier":1},"geometry":{"type":"Point","coordinates":[28824,17410]}},{"type":"Feature","properties":{"name":"Large Pyrelite Cave (N: 5821, E: 8344)","size":2,"tier":2},"geometry":{"type":"Point","coordinates":[25034,17462]}},{"type":"Feature","properties":{"name":"Ferralith Cave (N: 5824, E: 8723)","size":1,"tier":1},"geometry":{"type":"Point","coordinates":[26167,17471]}},{"type":"Feature","properties":{"name":"Ferralith Cave (N: 5823, E: 8937)","size":1,"tier":1},"geometry":{"type":"Point","coordinates":[26813,17468]}},{"type":"Feature","properties":{"name":"Ferralith Cave (N: 5796, E: 9025)","size":1,"tier":1},"geometry":{"type":"Point","coordinates":[27075,17387]}},{"type":"Feature","properties":{"name":"Large Pyrelite Cave (N: 5827, E: 8455)","size":2,"tier":2},"geometry":{"type":"Point","coordinates":[25367,17481]}},{"type":"Feature","properties":{"name":"Large Pyrelite Cave (N: 5824, E: 7865)","size":2,"tier":2},"geometry":{"type":"Point","coordinates":[23594,17473]}},{"type":"Feature","properties":{"name":"Large Ferralith Cave (N: 5843, E: 8618)","size":2,"tier":1},"geometry":{"type":"Point","coordinates":[25855,17530]}},{"type":"Feature","properties":{"name":"Ferralith Cave (N: 5850, E: 9061)","size":1,"tier":1},"geometry":{"type":"Point","coordinates":[27182,17551]}},{"type":"Feature","properties":{"name":"Ferralith Cave (N: 5847, E: 9341)","size":1,"tier":1},"geometry":{"type":"Point","coordinates":[28026,17542]}},{"type":"Feature","properties":{"name":"Ferralith Cave (N: 5832, E: 9449)","size":1,"tier":1},"geometry":{"type":"Point","coordinates":[28347,17497]}},{"type":"Feature","properties":{"name":"Ferralith Cave (N: 5839, E: 8981)","size":1,"tier":1},"geometry":{"type":"Point","coordinates":[26943,17516]}},{"type":"Feature","properties":{"name":"Ferralith Cave (N: 5850, E: 8898)","size":1,"tier":1},"geometry":{"type":"Point","coordinates":[26693,17549]}},{"type":"Feature","properties":{"name":"Ferralith Cave (N: 5885, E: 8943)","size":1,"tier":1},"geometry":{"type":"Point","coordinates":[26829,17655]}},{"type":"Feature","properties":{"name":"Large Pyrelite Cave (N: 5871, E: 9156)","size":2,"tier":2},"geometry":{"type":"Point","coordinates":[27469,17613]}},{"type":"Feature","properties":{"name":"Ferralith Cave (N: 5866, E: 9495)","size":1,"tier":1},"geometry":{"type":"Point","coordinates":[28484,17598]}},{"type":"Feature","properties":{"name":"Ferralith Cave (N: 5884, E: 9451)","size":1,"tier":1},"geometry":{"type":"Point","coordinates":[28352,17652]}},{"type":"Feature","properties":{"name":"Ferralith Cave (N: 5873, E: 9570)","size":1,"tier":1},"geometry":{"type":"Point","coordinates":[28710,17619]}},{"type":"Feature","properties":{"name":"Ferralith Cave (N: 5856, E: 9655)","size":1,"tier":1},"geometry":{"type":"Point","coordinates":[28966,17568]}},{"type":"Feature","properties":{"name":"Ferralith Cave (N: 5867, E: 8768)","size":1,"tier":1},"geometry":{"type":"Point","coordinates":[26307,17602]}},{"type":"Feature","properties":{"name":"Ferralith Cave (N: 5875, E: 9380)","size":1,"tier":1},"geometry":{"type":"Point","coordinates":[28143,17626]}},{"type":"Feature","properties":{"name":"Large Pyrelite Cave (N: 5879, E: 9777)","size":2,"tier":2},"geometry":{"type":"Point","coordinates":[29334,17638]}},{"type":"Feature","properties":{"name":"Ferralith Cave (N: 5882, E: 8724)","size":1,"tier":1},"geometry":{"type":"Point","coordinates":[26172,17645]}},{"type":"Feature","properties":{"name":"Ferralith Cave (N: 5887, E: 9026)","size":1,"tier":1},"geometry":{"type":"Point","coordinates":[27080,17660]}},{"type":"Feature","properties":{"name":"Large Ferralith Cave (N: 5872, E: 9265)","size":2,"tier":1},"geometry":{"type":"Point","coordinates":[27794,17615]}},{"type":"Feature","properties":{"name":"Large Ferralith Cave (N: 5906, E: 8839)","size":2,"tier":1},"geometry":{"type":"Point","coordinates":[26518,17718]}},{"type":"Feature","properties":{"name":"Ferralith Cave (N: 5908, E: 9645)","size":1,"tier":1},"geometry":{"type":"Point","coordinates":[28934,17724]}},{"type":"Feature","properties":{"name":"Large Pyrelite Cave (N: 5916, E: 7949)","size":2,"tier":2},"geometry":{"type":"Point","coordinates":[23846,17749]}},{"type":"Feature","properties":{"name":"Ferralith Cave (N: 5914, E: 8989)","size":1,"tier":1},"geometry":{"type":"Point","coordinates":[26966,17743]}},{"type":"Feature","properties":{"name":"Ferralith Cave (N: 5926, E: 9537)","size":1,"tier":1},"geometry":{"type":"Point","coordinates":[28610,17778]}},{"type":"Feature","properties":{"name":"Ferralith Cave (N: 5943, E: 9610)","size":1,"tier":1},"geometry":{"type":"Point","coordinates":[28830,17829]}},{"type":"Feature","properties":{"name":"Large Ferralith Cave (N: 5945, E: 8381)","size":2,"tier":1},"geometry":{"type":"Point","coordinates":[25144,17836]}},{"type":"Feature","properties":{"name":"Ferralith Cave (N: 5927, E: 8597)","size":1,"tier":1},"geometry":{"type":"Point","coordinates":[25793,17782]}},{"type":"Feature","properties":{"name":"Ferralith Cave (N: 5933, E: 8697)","size":1,"tier":1},"geometry":{"type":"Point","coordinates":[26093,17800]}},{"type":"Feature","properties":{"name":"Ferralith Cave (N: 5939, E: 8750)","size":1,"tier":1},"geometry":{"type":"Point","coordinates":[26252,17818]}},{"type":"Feature","properties":{"name":"Ferralith Cave (N: 5945, E: 8257)","size":1,"tier":1},"geometry":{"type":"Point","coordinates":[24771,17834]}},{"type":"Feature","properties":{"name":"Ferralith Cave (N: 5951, E: 9062)","size":1,"tier":1},"geometry":{"type":"Point","coordinates":[27186,17852]}},{"type":"Feature","properties":{"name":"Large Ferralith Cave (N: 5947, E: 9329)","size":2,"tier":1},"geometry":{"type":"Point","coordinates":[27989,17840]}},{"type":"Feature","properties":{"name":"Ferralith Cave (N: 5933, E: 9485)","size":1,"tier":1},"geometry":{"type":"Point","coordinates":[28456,17798]}},{"type":"Feature","properties":{"name":"Ferralith Cave (N: 5943, E: 9966)","size":1,"tier":1},"geometry":{"type":"Point","coordinates":[29900,17828]}},{"type":"Feature","properties":{"name":"Large Pyrelite Cave (N: 5959, E: 8034)","size":2,"tier":2},"geometry":{"type":"Point","coordinates":[24104,17877]}},{"type":"Feature","properties":{"name":"Large Ferralith Cave (N: 5978, E: 9422)","size":2,"tier":1},"geometry":{"type":"Point","coordinates":[28266,17934]}},{"type":"Feature","properties":{"name":"Ferralith Cave (N: 5970, E: 9661)","size":1,"tier":1},"geometry":{"type":"Point","coordinates":[28984,17910]}},{"type":"Feature","properties":{"name":"Large Pyrelite Cave (N: 5964, E: 8512)","size":2,"tier":2},"geometry":{"type":"Point","coordinates":[25535,17893]}},{"type":"Feature","properties":{"name":"Ferralith Cave (N: 5966, E: 8984)","size":1,"tier":1},"geometry":{"type":"Point","coordinates":[26952,17899]}},{"type":"Feature","properties":{"name":"Ferralith Cave (N: 5954, E: 8644)","size":1,"tier":1},"geometry":{"type":"Point","coordinates":[25931,17861]}},{"type":"Feature","properties":{"name":"Large Ferralith Cave (N: 5967, E: 9254)","size":2,"tier":1},"geometry":{"type":"Point","coordinates":[27764,17900]}},{"type":"Feature","properties":{"name":"Ferralith Cave (N: 5974, E: 9571)","size":1,"tier":1},"geometry":{"type":"Point","coordinates":[28712,17921]}},{"type":"Feature","properties":{"name":"Large Pyrelite Cave (N: 5985, E: 7834)","size":2,"tier":2},"geometry":{"type":"Point","coordinates":[23503,17955]}},{"type":"Feature","properties":{"name":"Ferralith Cave (N: 6006, E: 9757)","size":1,"tier":1},"geometry":{"type":"Point","coordinates":[29272,18018]}},{"type":"Feature","properties":{"name":"Large Ferralith Cave (N: 5999, E: 9186)","size":2,"tier":1},"geometry":{"type":"Point","coordinates":[27561,17998]}},{"type":"Feature","properties":{"name":"Ferralith Cave (N: 5984, E: 9717)","size":1,"tier":1},"geometry":{"type":"Point","coordinates":[29150,17953]}},{"type":"Feature","properties":{"name":"Ferralith Cave (N: 6012, E: 8272)","size":1,"tier":1},"geometry":{"type":"Point","coordinates":[24816,18035]}},{"type":"Feature","properties":{"name":"Ferralith Cave (N: 5991, E: 8922)","size":1,"tier":1},"geometry":{"type":"Point","coordinates":[26766,17972]}},{"type":"Feature","properties":{"name":"Ferralith Cave (N: 6000, E: 9104)","size":1,"tier":1},"geometry":{"type":"Point","coordinates":[27310,17999]}},{"type":"Feature","properties":{"name":"Ferralith Cave (N: 6021, E: 8742)","size":1,"tier":1},"geometry":{"type":"Point","coordinates":[26228,18063]}},{"type":"Feature","properties":{"name":"Ferralith Cave (N: 6023, E: 9490)","size":1,"tier":1},"geometry":{"type":"Point","coordinates":[28471,18069]}},{"type":"Feature","properties":{"name":"Large Ferralith Cave (N: 6032, E: 8839)","size":2,"tier":1},"geometry":{"type":"Point","coordinates":[26518,18097]}},{"type":"Feature","properties":{"name":"Large Ferralith Cave (N: 6047, E: 9348)","size":2,"tier":1},"geometry":{"type":"Point","coordinates":[28046,18142]}},{"type":"Feature","properties":{"name":"Ferralith Cave (N: 6023, E: 8174)","size":1,"tier":1},"geometry":{"type":"Point","coordinates":[24522,18068]}},{"type":"Feature","properties":{"name":"Large Pyrelite Cave (N: 6054, E: 7928)","size":2,"tier":2},"geometry":{"type":"Point","coordinates":[23785,18162]}},{"type":"Feature","properties":{"name":"Ferralith Cave (N: 6050, E: 8238)","size":1,"tier":1},"geometry":{"type":"Point","coordinates":[24714,18150]}},{"type":"Feature","properties":{"name":"Large Ferralith Cave (N: 6053, E: 8373)","size":2,"tier":1},"geometry":{"type":"Point","coordinates":[25120,18159]}},{"type":"Feature","properties":{"name":"Large Ferralith Cave (N: 6051, E: 9042)","size":2,"tier":1},"geometry":{"type":"Point","coordinates":[27127,18153]}},{"type":"Feature","properties":{"name":"Ferralith Cave (N: 6076, E: 8299)","size":1,"tier":1},"geometry":{"type":"Point","coordinates":[24897,18229]}},{"type":"Feature","properties":{"name":"Large Pyrelite Cave (N: 6064, E: 8026)","size":2,"tier":2},"geometry":{"type":"Point","coordinates":[24076,18191]}},{"type":"Feature","properties":{"name":"Ferralith Cave (N: 6051, E: 8133)","size":1,"tier":1},"geometry":{"type":"Point","coordinates":[24399,18152]}},{"type":"Feature","properties":{"name":"Ferralith Cave (N: 6068, E: 9123)","size":1,"tier":1},"geometry":{"type":"Point","coordinates":[27369,18203]}},{"type":"Feature","properties":{"name":"Large Emarium Cave (N: 6062, E: 9850)","size":2,"tier":3},"geometry":{"type":"Point","coordinates":[29548,18185]}},{"type":"Feature","properties":{"name":"Ferralith Cave (N: 6098, E: 8201)","size":1,"tier":1},"geometry":{"type":"Point","coordinates":[24602,18294]}},{"type":"Feature","properties":{"name":"Ferralith Cave (N: 6101, E: 8254)","size":1,"tier":1},"geometry":{"type":"Point","coordinates":[24764,18303]}},{"type":"Feature","properties":{"name":"Ferralith Cave (N: 6102, E: 8889)","size":1,"tier":1},"geometry":{"type":"Point","coordinates":[26667,18306]}},{"type":"Feature","properties":{"name":"Large Ferralith Cave (N: 6090, E: 8969)","size":2,"tier":1},"geometry":{"type":"Point","coordinates":[26907,18270]}},{"type":"Feature","properties":{"name":"Large Ferralith Cave (N: 6107, E: 9294)","size":2,"tier":1},"geometry":{"type":"Point","coordinates":[27882,18321]}},{"type":"Feature","properties":{"name":"Large Emarium Cave (N: 6092, E: 9609)","size":2,"tier":3},"geometry":{"type":"Point","coordinates":[28825,18275]}},{"type":"Feature","properties":{"name":"Large Ferralith Cave (N: 6137, E: 8355)","size":2,"tier":1},"geometry":{"type":"Point","coordinates":[25066,18411]}},{"type":"Feature","properties":{"name":"Large Ferralith Cave (N: 6115, E: 8785)","size":2,"tier":1},"geometry":{"type":"Point","coordinates":[26356,18345]}},{"type":"Feature","properties":{"name":"Ferralith Cave (N: 6112, E: 9412)","size":1,"tier":1},"geometry":{"type":"Point","coordinates":[28237,18336]}},{"type":"Feature","properties":{"name":"Large Ferralith Cave (N: 6136, E: 8103)","size":2,"tier":1},"geometry":{"type":"Point","coordinates":[24309,18407]}},{"type":"Feature","properties":{"name":"Ferralith Cave (N: 6125, E: 9104)","size":1,"tier":1},"geometry":{"type":"Point","coordinates":[27314,18374]}},{"type":"Feature","properties":{"name":"Large Emarium Cave (N: 6131, E: 9754)","size":2,"tier":3},"geometry":{"type":"Point","coordinates":[29263,18392]}},{"type":"Feature","properties":{"name":"Ferralith Cave (N: 6158, E: 8186)","size":1,"tier":1},"geometry":{"type":"Point","coordinates":[24559,18474]}},{"type":"Feature","properties":{"name":"Ferralith Cave (N: 6171, E: 8716)","size":1,"tier":1},"geometry":{"type":"Point","coordinates":[26149,18513]}},{"type":"Feature","properties":{"name":"Ferralith Cave (N: 6160, E: 9369)","size":1,"tier":1},"geometry":{"type":"Point","coordinates":[28108,18480]}},{"type":"Feature","properties":{"name":"Ferralith Cave (N: 6153, E: 8267)","size":1,"tier":1},"geometry":{"type":"Point","coordinates":[24804,18460]}},{"type":"Feature","properties":{"name":"Ferralith Cave (N: 6175, E: 9095)","size":1,"tier":1},"geometry":{"type":"Point","coordinates":[27286,18526]}},{"type":"Feature","properties":{"name":"Large Pyrelite Cave (N: 6157, E: 9199)","size":2,"tier":2},"geometry":{"type":"Point","coordinates":[27598,18472]}},{"type":"Feature","properties":{"name":"Large Pyrelite Cave (N: 6145, E: 7853)","size":2,"tier":2},"geometry":{"type":"Point","coordinates":[23560,18434]}},{"type":"Feature","properties":{"name":"Large Ferralith Cave (N: 6176, E: 8938)","size":2,"tier":1},"geometry":{"type":"Point","coordinates":[26814,18527]}},{"type":"Feature","properties":{"name":"Ferralith Cave (N: 6166, E: 9047)","size":1,"tier":1},"geometry":{"type":"Point","coordinates":[27141,18497]}},{"type":"Feature","properties":{"name":"Large Ferralith Cave (N: 6190, E: 8417)","size":2,"tier":1},"geometry":{"type":"Point","coordinates":[25252,18570]}},{"type":"Feature","properties":{"name":"Ferralith Cave (N: 6200, E: 8753)","size":1,"tier":1},"geometry":{"type":"Point","coordinates":[26260,18600]}},{"type":"Feature","properties":{"name":"Ferralith Cave (N: 6178, E: 8844)","size":1,"tier":1},"geometry":{"type":"Point","coordinates":[26532,18534]}},{"type":"Feature","properties":{"name":"Large Ferralith Cave (N: 6206, E: 7929)","size":2,"tier":1},"geometry":{"type":"Point","coordinates":[23786,18619]}},{"type":"Feature","properties":{"name":"Ferralith Cave (N: 6205, E: 8251)","size":1,"tier":1},"geometry":{"type":"Point","coordinates":[24755,18616]}},{"type":"Feature","properties":{"name":"Ferralith Cave (N: 6197, E: 8298)","size":1,"tier":1},"geometry":{"type":"Point","coordinates":[24896,18592]}},{"type":"Feature","properties":{"name":"Ferralith Cave (N: 6239, E: 9022)","size":1,"tier":1},"geometry":{"type":"Point","coordinates":[27066,18717]}},{"type":"Feature","properties":{"name":"Large Pyrelite Cave (N: 6216, E: 9462)","size":2,"tier":2},"geometry":{"type":"Point","coordinates":[28387,18648]}},{"type":"Feature","properties":{"name":"Ferralith Cave (N: 6217, E: 8027)","size":1,"tier":1},"geometry":{"type":"Point","coordinates":[24082,18652]}},{"type":"Feature","properties":{"name":"Ferralith Cave (N: 6223, E: 8336)","size":1,"tier":1},"geometry":{"type":"Point","coordinates":[25011,18670]}},{"type":"Feature","properties":{"name":"Ferralith Cave (N: 6210, E: 8799)","size":1,"tier":1},"geometry":{"type":"Point","coordinates":[26397,18631]}},{"type":"Feature","properties":{"name":"Ferralith Cave (N: 6232, E: 8859)","size":1,"tier":1},"geometry":{"type":"Point","coordinates":[26576,18697]}},{"type":"Feature","properties":{"name":"Ferralith Cave (N: 6216, E: 9062)","size":1,"tier":1},"geometry":{"type":"Point","coordinates":[27186,18649]}},{"type":"Feature","properties":{"name":"Ferralith Cave (N: 6224, E: 8122)","size":1,"tier":1},"geometry":{"type":"Point","coordinates":[24364,18671]}},{"type":"Feature","properties":{"name":"Ferralith Cave (N: 6270, E: 8266)","size":1,"tier":1},"geometry":{"type":"Point","coordinates":[24799,18810]}},{"type":"Feature","properties":{"name":"Ferralith Cave (N: 6245, E: 9122)","size":1,"tier":1},"geometry":{"type":"Point","coordinates":[27367,18735]}},{"type":"Feature","properties":{"name":"Large Aurumite Cave (N: 6257, E: 10002)","size":2,"tier":7},"geometry":{"type":"Point","coordinates":[30007,18771]}},{"type":"Feature","properties":{"name":"Ferralith Cave (N: 6269, E: 9066)","size":1,"tier":1},"geometry":{"type":"Point","coordinates":[27201,18808]}},{"type":"Feature","properties":{"name":"Ferralith Cave (N: 6301, E: 8314)","size":1,"tier":1},"geometry":{"type":"Point","coordinates":[24942,18903]}},{"type":"Feature","properties":{"name":"Large Ferralith Cave (N: 6285, E: 8722)","size":2,"tier":1},"geometry":{"type":"Point","coordinates":[26168,18855]}},{"type":"Feature","properties":{"name":"Ferralith Cave (N: 6285, E: 8994)","size":1,"tier":1},"geometry":{"type":"Point","coordinates":[26983,18855]}},{"type":"Feature","properties":{"name":"Large Emarium Cave (N: 6303, E: 9554)","size":2,"tier":3},"geometry":{"type":"Point","coordinates":[28662,18909]}},{"type":"Feature","properties":{"name":"Ferralith Cave (N: 6277, E: 8034)","size":1,"tier":1},"geometry":{"type":"Point","coordinates":[24103,18832]}},{"type":"Feature","properties":{"name":"Large Ferralith Cave (N: 6290, E: 8191)","size":2,"tier":1},"geometry":{"type":"Point","coordinates":[24574,18871]}},{"type":"Feature","properties":{"name":"Ferralith Cave (N: 6274, E: 8917)","size":1,"tier":1},"geometry":{"type":"Point","coordinates":[26751,18823]}},{"type":"Feature","properties":{"name":"Large Ferralith Cave (N: 6287, E: 8432)","size":2,"tier":1},"geometry":{"type":"Point","coordinates":[25296,18860]}},{"type":"Feature","properties":{"name":"Large Ferralith Cave (N: 6304, E: 7958)","size":2,"tier":1},"geometry":{"type":"Point","coordinates":[23874,18912]}},{"type":"Feature","properties":{"name":"Large Ferralith Cave (N: 6314, E: 8117)","size":2,"tier":1},"geometry":{"type":"Point","coordinates":[24351,18942]}},{"type":"Feature","properties":{"name":"Large Pyrelite Cave (N: 6305, E: 9674)","size":2,"tier":2},"geometry":{"type":"Point","coordinates":[29025,18916]}},{"type":"Feature","properties":{"name":"Ferralith Cave (N: 6326, E: 8922)","size":1,"tier":1},"geometry":{"type":"Point","coordinates":[26766,18977]}},{"type":"Feature","properties":{"name":"Large Pyrelite Cave (N: 6341, E: 8823)","size":2,"tier":2},"geometry":{"type":"Point","coordinates":[26471,19023]}},{"type":"Feature","properties":{"name":"Ferralith Cave (N: 6341, E: 8982)","size":1,"tier":1},"geometry":{"type":"Point","coordinates":[26947,19024]}},{"type":"Feature","properties":{"name":"Large Pyrelite Cave (N: 6340, E: 9232)","size":2,"tier":2},"geometry":{"type":"Point","coordinates":[27697,19021]}},{"type":"Feature","properties":{"name":"Large Ferralith Cave (N: 6377, E: 8406)","size":2,"tier":1},"geometry":{"type":"Point","coordinates":[25220,19131]}},{"type":"Feature","properties":{"name":"Large Ferralith Cave (N: 6395, E: 8505)","size":2,"tier":1},"geometry":{"type":"Point","coordinates":[25517,19185]}},{"type":"Feature","properties":{"name":"Ferralith Cave (N: 6392, E: 8972)","size":1,"tier":1},"geometry":{"type":"Point","coordinates":[26916,19176]}},{"type":"Feature","properties":{"name":"Large Ferralith Cave (N: 6374, E: 9070)","size":2,"tier":1},"geometry":{"type":"Point","coordinates":[27210,19122]}},{"type":"Feature","properties":{"name":"Large Ferralith Cave (N: 6383, E: 8052)","size":2,"tier":1},"geometry":{"type":"Point","coordinates":[24158,19150]}},{"type":"Feature","properties":{"name":"Large Ferralith Cave (N: 6376, E: 8605)","size":2,"tier":1},"geometry":{"type":"Point","coordinates":[25815,19129]}},{"type":"Feature","properties":{"name":"Large Ferralith Cave (N: 6387, E: 8226)","size":2,"tier":1},"geometry":{"type":"Point","coordinates":[24679,19160]}},{"type":"Feature","properties":{"name":"Ferralith Cave (N: 6377, E: 8929)","size":1,"tier":1},"geometry":{"type":"Point","coordinates":[26787,19130]}},{"type":"Feature","properties":{"name":"Large Ferralith Cave (N: 6408, E: 8139)","size":2,"tier":1},"geometry":{"type":"Point","coordinates":[24417,19224]}},{"type":"Feature","properties":{"name":"Ferralith Cave (N: 6402, E: 9158)","size":1,"tier":1},"geometry":{"type":"Point","coordinates":[27473,19206]}},{"type":"Feature","properties":{"name":"Large Elenvar Cave (N: 6402, E: 9797)","size":2,"tier":4},"geometry":{"type":"Point","coordinates":[29392,19207]}},{"type":"Feature","properties":{"name":"Large Ferralith Cave (N: 6445, E: 8329)","size":2,"tier":1},"geometry":{"type":"Point","coordinates":[24987,19335]}},{"type":"Feature","properties":{"name":"Ferralith Cave (N: 6440, E: 8905)","size":1,"tier":1},"geometry":{"type":"Point","coordinates":[26715,19320]}},{"type":"Feature","properties":{"name":"Ferralith Cave (N: 6433, E: 9007)","size":1,"tier":1},"geometry":{"type":"Point","coordinates":[27021,19299]}},{"type":"Feature","properties":{"name":"Large Ferralith Cave (N: 6448, E: 8001)","size":2,"tier":1},"geometry":{"type":"Point","coordinates":[24001,19343]}},{"type":"Feature","properties":{"name":"Large Ferralith Cave (N: 6435, E: 8745)","size":2,"tier":1},"geometry":{"type":"Point","coordinates":[26236,19304]}},{"type":"Feature","properties":{"name":"Ferralith Cave (N: 6460, E: 9069)","size":1,"tier":1},"geometry":{"type":"Point","coordinates":[27207,19379]}},{"type":"Feature","properties":{"name":"Large Rathium Cave (N: 6483, E: 9438)","size":2,"tier":6},"geometry":{"type":"Point","coordinates":[28315,19449]}},{"type":"Feature","properties":{"name":"Ferralith Cave (N: 6490, E: 8861)","size":1,"tier":1},"geometry":{"type":"Point","coordinates":[26584,19471]}},{"type":"Feature","properties":{"name":"Large Elenvar Cave (N: 6495, E: 9692)","size":2,"tier":4},"geometry":{"type":"Point","coordinates":[29078,19486]}},{"type":"Feature","properties":{"name":"Large Ferralith Cave (N: 6472, E: 8193)","size":2,"tier":1},"geometry":{"type":"Point","coordinates":[24578,19415]}},{"type":"Feature","properties":{"name":"Large Ferralith Cave (N: 6484, E: 8514)","size":2,"tier":1},"geometry":{"type":"Point","coordinates":[25542,19451]}},{"type":"Feature","properties":{"name":"Ferralith Cave (N: 6493, E: 8980)","size":1,"tier":1},"geometry":{"type":"Point","coordinates":[26940,19478]}},{"type":"Feature","properties":{"name":"Ferralith Cave (N: 6484, E: 9030)","size":1,"tier":1},"geometry":{"type":"Point","coordinates":[27090,19451]}},{"type":"Feature","properties":{"name":"Ferralith Cave (N: 6492, E: 9106)","size":1,"tier":1},"geometry":{"type":"Point","coordinates":[27316,19475]}},{"type":"Feature","properties":{"name":"Large Elenvar Cave (N: 6496, E: 10021)","size":2,"tier":4},"geometry":{"type":"Point","coordinates":[30062,19487]}},{"type":"Feature","properties":{"name":"Large Ferralith Cave (N: 6496, E: 8077)","size":2,"tier":1},"geometry":{"type":"Point","coordinates":[24231,19488]}},{"type":"Feature","properties":{"name":"Large Ferralith Cave (N: 6499, E: 8270)","size":2,"tier":1},"geometry":{"type":"Point","coordinates":[24811,19497]}},{"type":"Feature","properties":{"name":"Large Pyrelite Cave (N: 6519, E: 9193)","size":2,"tier":2},"geometry":{"type":"Point","coordinates":[27579,19557]}},{"type":"Feature","properties":{"name":"Large Ferralith Cave (N: 6520, E: 8392)","size":2,"tier":1},"geometry":{"type":"Point","coordinates":[25175,19561]}},{"type":"Feature","properties":{"name":"Ferralith Cave (N: 6514, E: 8925)","size":1,"tier":1},"geometry":{"type":"Point","coordinates":[26776,19543]}},{"type":"Feature","properties":{"name":"Large Ferralith Cave (N: 6521, E: 8739)","size":2,"tier":1},"geometry":{"type":"Point","coordinates":[26218,19562]}},{"type":"Feature","properties":{"name":"Large Ferralith Cave (N: 6553, E: 8145)","size":2,"tier":1},"geometry":{"type":"Point","coordinates":[24437,19659]}},{"type":"Feature","properties":{"name":"Ferralith Cave (N: 6559, E: 8978)","size":1,"tier":1},"geometry":{"type":"Point","coordinates":[26935,19677]}},{"type":"Feature","properties":{"name":"Large Ferralith Cave (N: 6532, E: 8606)","size":2,"tier":1},"geometry":{"type":"Point","coordinates":[25817,19597]}},{"type":"Feature","properties":{"name":"Ferralith Cave (N: 6557, E: 8825)","size":1,"tier":1},"geometry":{"type":"Point","coordinates":[26476,19670]}},{"type":"Feature","properties":{"name":"Ferralith Cave (N: 6555, E: 9028)","size":1,"tier":1},"geometry":{"type":"Point","coordinates":[27086,19664]}},{"type":"Feature","properties":{"name":"Ferralith Cave (N: 6579, E: 8918)","size":1,"tier":1},"geometry":{"type":"Point","coordinates":[26754,19737]}},{"type":"Feature","properties":{"name":"Ferralith Cave (N: 6562, E: 8456)","size":1,"tier":1},"geometry":{"type":"Point","coordinates":[25367,19687]}},{"type":"Feature","properties":{"name":"Ferralith Cave (N: 6569, E: 8871)","size":1,"tier":1},"geometry":{"type":"Point","coordinates":[26616,19708]}},{"type":"Feature","properties":{"name":"Ferralith Cave (N: 6577, E: 8538)","size":1,"tier":1},"geometry":{"type":"Point","coordinates":[25614,19730]}},{"type":"Feature","properties":{"name":"Large Elenvar Cave (N: 6587, E: 9824)","size":2,"tier":4},"geometry":{"type":"Point","coordinates":[29472,19760]}},{"type":"Feature","properties":{"name":"Large Ferralith Cave (N: 6600, E: 8028)","size":2,"tier":1},"geometry":{"type":"Point","coordinates":[24085,19800]}},{"type":"Feature","properties":{"name":"Large Ferralith Cave (N: 6608, E: 8271)","size":2,"tier":1},"geometry":{"type":"Point","coordinates":[24814,19825]}},{"type":"Feature","properties":{"name":"Ferralith Cave (N: 6594, E: 8681)","size":1,"tier":1},"geometry":{"type":"Point","coordinates":[26042,19783]}},{"type":"Feature","properties":{"name":"Ferralith Cave (N: 6609, E: 8806)","size":1,"tier":1},"geometry":{"type":"Point","coordinates":[26420,19828]}},{"type":"Feature","properties":{"name":"Ferralith Cave (N: 6621, E: 8852)","size":1,"tier":1},"geometry":{"type":"Point","coordinates":[26557,19864]}},{"type":"Feature","properties":{"name":"Ferralith Cave (N: 6620, E: 8950)","size":1,"tier":1},"geometry":{"type":"Point","coordinates":[26848,19859]}},{"type":"Feature","properties":{"name":"Large Ferralith Cave (N: 6646, E: 8171)","size":2,"tier":1},"geometry":{"type":"Point","coordinates":[24514,19938]}},{"type":"Feature","properties":{"name":"Ferralith Cave (N: 6625, E: 8564)","size":1,"tier":1},"geometry":{"type":"Point","coordinates":[25694,19875]}},{"type":"Feature","properties":{"name":"Ferralith Cave (N: 6642, E: 8898)","size":1,"tier":1},"geometry":{"type":"Point","coordinates":[26694,19926]}},{"type":"Feature","properties":{"name":"Ferralith Cave (N: 6635, E: 8343)","size":1,"tier":1},"geometry":{"type":"Point","coordinates":[25031,19906]}},{"type":"Feature","properties":{"name":"Ferralith Cave (N: 6630, E: 8430)","size":1,"tier":1},"geometry":{"type":"Point","coordinates":[25291,19891]}},{"type":"Feature","properties":{"name":"Ferralith Cave (N: 6625, E: 8496)","size":1,"tier":1},"geometry":{"type":"Point","coordinates":[25490,19876]}},{"type":"Feature","properties":{"name":"Large Elenvar Cave (N: 6632, E: 9608)","size":2,"tier":4},"geometry":{"type":"Point","coordinates":[28823,19897]}},{"type":"Feature","properties":{"name":"Ferralith Cave (N: 6645, E: 8723)","size":1,"tier":1},"geometry":{"type":"Point","coordinates":[26170,19934]}},{"type":"Feature","properties":{"name":"Large Ferralith Cave (N: 6664, E: 8091)","size":2,"tier":1},"geometry":{"type":"Point","coordinates":[24272,19992]}},{"type":"Feature","properties":{"name":"Ferralith Cave (N: 6672, E: 8845)","size":1,"tier":1},"geometry":{"type":"Point","coordinates":[26534,20016]}},{"type":"Feature","properties":{"name":"Large Elenvar Cave (N: 6670, E: 10033)","size":2,"tier":4},"geometry":{"type":"Point","coordinates":[30100,20010]}},{"type":"Feature","properties":{"name":"Ferralith Cave (N: 6679, E: 8581)","size":1,"tier":1},"geometry":{"type":"Point","coordinates":[25744,20038]}},{"type":"Feature","properties":{"name":"Ferralith Cave (N: 6659, E: 8629)","size":1,"tier":1},"geometry":{"type":"Point","coordinates":[25887,19976]}},{"type":"Feature","properties":{"name":"Large Pyrelite Cave (N: 6670, E: 9095)","size":2,"tier":2},"geometry":{"type":"Point","coordinates":[27284,20009]}},{"type":"Feature","properties":{"name":"Ferralith Cave (N: 6689, E: 8518)","size":1,"tier":1},"geometry":{"type":"Point","coordinates":[25556,20067]}},{"type":"Feature","properties":{"name":"Ferralith Cave (N: 6694, E: 8680)","size":1,"tier":1},"geometry":{"type":"Point","coordinates":[26039,20082]}},{"type":"Feature","properties":{"name":"Ferralith Cave (N: 6692, E: 8754)","size":1,"tier":1},"geometry":{"type":"Point","coordinates":[26261,20076]}},{"type":"Feature","properties":{"name":"Large Ferralith Cave (N: 6719, E: 8257)","size":2,"tier":1},"geometry":{"type":"Point","coordinates":[24773,20158]}},{"type":"Feature","properties":{"name":"Ferralith Cave (N: 6693, E: 8892)","size":1,"tier":1},"geometry":{"type":"Point","coordinates":[26678,20080]}},{"type":"Feature","properties":{"name":"Large Pyrelite Cave (N: 6719, E: 9001)","size":2,"tier":2},"geometry":{"type":"Point","coordinates":[27005,20158]}},{"type":"Feature","properties":{"name":"Large Elenvar Cave (N: 6700, E: 9479)","size":2,"tier":4},"geometry":{"type":"Point","coordinates":[28436,20101]}},{"type":"Feature","properties":{"name":"Ferralith Cave (N: 6693, E: 8459)","size":1,"tier":1},"geometry":{"type":"Point","coordinates":[25377,20078]}},{"type":"Feature","properties":{"name":"Ferralith Cave (N: 6700, E: 8807)","size":1,"tier":1},"geometry":{"type":"Point","coordinates":[26421,20099]}},{"type":"Feature","properties":{"name":"Large Ferralith Cave (N: 6739, E: 8169)","size":2,"tier":1},"geometry":{"type":"Point","coordinates":[24507,20217]}},{"type":"Feature","properties":{"name":"Large Ferralith Cave (N: 6720, E: 8353)","size":2,"tier":1},"geometry":{"type":"Point","coordinates":[25058,20160]}},{"type":"Feature","properties":{"name":"Ferralith Cave (N: 6731, E: 8573)","size":1,"tier":1},"geometry":{"type":"Point","coordinates":[25721,20193]}},{"type":"Feature","properties":{"name":"Large Rathium Cave (N: 6736, E: 9289)","size":2,"tier":6},"geometry":{"type":"Point","coordinates":[27866,20208]}},{"type":"Feature","properties":{"name":"Ferralith Cave (N: 6721, E: 8637)","size":1,"tier":1},"geometry":{"type":"Point","coordinates":[25912,20164]}},{"type":"Feature","properties":{"name":"Large Elenvar Cave (N: 6748, E: 9745)","size":2,"tier":4},"geometry":{"type":"Point","coordinates":[29236,20245]}},{"type":"Feature","properties":{"name":"Ferralith Cave (N: 6757, E: 8696)","size":1,"tier":1},"geometry":{"type":"Point","coordinates":[26090,20272]}},{"type":"Feature","properties":{"name":"Ferralith Cave (N: 6752, E: 8873)","size":1,"tier":1},"geometry":{"type":"Point","coordinates":[26620,20257]}},{"type":"Feature","properties":{"name":"Ferralith Cave (N: 6767, E: 8608)","size":1,"tier":1},"geometry":{"type":"Point","coordinates":[25826,20300]}},{"type":"Feature","properties":{"name":"Ferralith Cave (N: 6772, E: 8820)","size":1,"tier":1},"geometry":{"type":"Point","coordinates":[26458,20315]}},{"type":"Feature","properties":{"name":"Ferralith Cave (N: 6807, E: 8741)","size":1,"tier":1},"geometry":{"type":"Point","coordinates":[26223,20421]}},{"type":"Feature","properties":{"name":"Large Pyrelite Cave (N: 6794, E: 8467)","size":2,"tier":2},"geometry":{"type":"Point","coordinates":[25400,20381]}},{"type":"Feature","properties":{"name":"Ferralith Cave (N: 6794, E: 8936)","size":1,"tier":1},"geometry":{"type":"Point","coordinates":[26806,20381]}},{"type":"Feature","properties":{"name":"Large Ferralith Cave (N: 6831, E: 8361)","size":2,"tier":1},"geometry":{"type":"Point","coordinates":[25085,20493]}},{"type":"Feature","properties":{"name":"Ferralith Cave (N: 6828, E: 8555)","size":1,"tier":1},"geometry":{"type":"Point","coordinates":[25665,20484]}},{"type":"Feature","properties":{"name":"Ferralith Cave (N: 6832, E: 8795)","size":1,"tier":1},"geometry":{"type":"Point","coordinates":[26384,20496]}},{"type":"Feature","properties":{"name":"Large Ferralith Cave (N: 6847, E: 8871)","size":2,"tier":1},"geometry":{"type":"Point","coordinates":[26615,20541]}},{"type":"Feature","properties":{"name":"Ferralith Cave (N: 6818, E: 8621)","size":1,"tier":1},"geometry":{"type":"Point","coordinates":[25863,20453]}},{"type":"Feature","properties":{"name":"Ferralith Cave (N: 6833, E: 8689)","size":1,"tier":1},"geometry":{"type":"Point","coordinates":[26069,20498]}},{"type":"Feature","properties":{"name":"Ferralith Cave (N: 6821, E: 8978)","size":1,"tier":1},"geometry":{"type":"Point","coordinates":[26934,20462]}},{"type":"Feature","properties":{"name":"Large Pyrelite Cave (N: 6839, E: 9107)","size":2,"tier":2},"geometry":{"type":"Point","coordinates":[27321,20516]}},{"type":"Feature","properties":{"name":"Large Elenvar Cave (N: 6833, E: 9574)","size":2,"tier":4},"geometry":{"type":"Point","coordinates":[28723,20498]}},{"type":"Feature","properties":{"name":"Large Pyrelite Cave (N: 6868, E: 8163)","size":2,"tier":2},"geometry":{"type":"Point","coordinates":[24489,20604]}},{"type":"Feature","properties":{"name":"Large Ferralith Cave (N: 6854, E: 8286)","size":2,"tier":1},"geometry":{"type":"Point","coordinates":[24857,20563]}},{"type":"Feature","properties":{"name":"Ferralith Cave (N: 6893, E: 8775)","size":1,"tier":1},"geometry":{"type":"Point","coordinates":[26327,20679]}},{"type":"Feature","properties":{"name":"Ferralith Cave (N: 6890, E: 8067)","size":1,"tier":1},"geometry":{"type":"Point","coordinates":[24200,20669]}},{"type":"Feature","properties":{"name":"Ferralith Cave (N: 6899, E: 8416)","size":1,"tier":1},"geometry":{"type":"Point","coordinates":[25248,20696]}},{"type":"Feature","properties":{"name":"Ferralith Cave (N: 6893, E: 8525)","size":1,"tier":1},"geometry":{"type":"Point","coordinates":[25576,20678]}},{"type":"Feature","properties":{"name":"Large Aurumite Cave (N: 6897, E: 9999)","size":2,"tier":7},"geometry":{"type":"Point","coordinates":[29997,20690]}},{"type":"Feature","properties":{"name":"Large Ferralith Cave (N: 6931, E: 8237)","size":2,"tier":1},"geometry":{"type":"Point","coordinates":[24712,20793]}},{"type":"Feature","properties":{"name":"Ferralith Cave (N: 6933, E: 8478)","size":1,"tier":1},"geometry":{"type":"Point","coordinates":[25436,20799]}},{"type":"Feature","properties":{"name":"Large Ferralith Cave (N: 6914, E: 8602)","size":2,"tier":1},"geometry":{"type":"Point","coordinates":[25806,20742]}},{"type":"Feature","properties":{"name":"Large Emarium Cave (N: 6941, E: 9291)","size":2,"tier":3},"geometry":{"type":"Point","coordinates":[27875,20823]}},{"type":"Feature","properties":{"name":"Ferralith Cave (N: 6913, E: 7959)","size":1,"tier":1},"geometry":{"type":"Point","coordinates":[23877,20738]}},{"type":"Feature","properties":{"name":"Large Ferralith Cave (N: 6941, E: 8676)","size":2,"tier":1},"geometry":{"type":"Point","coordinates":[26028,20822]}},{"type":"Feature","properties":{"name":"Ferralith Cave (N: 6922, E: 8993)","size":1,"tier":1},"geometry":{"type":"Point","coordinates":[26978,20765]}},{"type":"Feature","properties":{"name":"Large Ferralith Cave (N: 6973, E: 8144)","size":2,"tier":1},"geometry":{"type":"Point","coordinates":[24432,20919]}},{"type":"Feature","properties":{"name":"Ferralith Cave (N: 6959, E: 8535)","size":1,"tier":1},"geometry":{"type":"Point","coordinates":[25605,20877]}},{"type":"Feature","properties":{"name":"Ferralith Cave (N: 6949, E: 8935)","size":1,"tier":1},"geometry":{"type":"Point","coordinates":[26805,20847]}},{"type":"Feature","properties":{"name":"Large Ferralith Cave (N: 6961, E: 8834)","size":2,"tier":1},"geometry":{"type":"Point","coordinates":[26503,20884]}},{"type":"Feature","properties":{"name":"Large Pyrelite Cave (N: 6965, E: 8327)","size":2,"tier":2},"geometry":{"type":"Point","coordinates":[24983,20894]}},{"type":"Feature","properties":{"name":"Ferralith Cave (N: 6950, E: 8433)","size":1,"tier":1},"geometry":{"type":"Point","coordinates":[25297,20849]}},{"type":"Feature","properties":{"name":"Large Pyrelite Cave (N: 7001, E: 9057)","size":2,"tier":2},"geometry":{"type":"Point","coordinates":[27173,21003]}},{"type":"Feature","properties":{"name":"Large Elenvar Cave (N: 6981, E: 9439)","size":2,"tier":4},"geometry":{"type":"Point","coordinates":[28319,20943]}},{"type":"Feature","properties":{"name":"Large Ferralith Cave (N: 7001, E: 7918)","size":2,"tier":1},"geometry":{"type":"Point","coordinates":[23757,21004]}},{"type":"Feature","properties":{"name":"Large Ferralith Cave (N: 6983, E: 8037)","size":2,"tier":1},"geometry":{"type":"Point","coordinates":[24114,20950]}},{"type":"Feature","properties":{"name":"Ferralith Cave (N: 7002, E: 8465)","size":1,"tier":1},"geometry":{"type":"Point","coordinates":[25394,21005]}},{"type":"Feature","properties":{"name":"Ferralith Cave (N: 7006, E: 8619)","size":1,"tier":1},"geometry":{"type":"Point","coordinates":[25855,21017]}},{"type":"Feature","properties":{"name":"Large Ferralith Cave (N: 6985, E: 8754)","size":2,"tier":1},"geometry":{"type":"Point","coordinates":[26262,20954]}},{"type":"Feature","properties":{"name":"Large Emarium Cave (N: 6986, E: 9174)","size":2,"tier":3},"geometry":{"type":"Point","coordinates":[27521,20957]}},{"type":"Feature","properties":{"name":"Ferralith Cave (N: 7021, E: 8423)","size":1,"tier":1},"geometry":{"type":"Point","coordinates":[25270,21063]}},{"type":"Feature","properties":{"name":"Ferralith Cave (N: 7027, E: 8669)","size":1,"tier":1},"geometry":{"type":"Point","coordinates":[26009,21081]}},{"type":"Feature","properties":{"name":"Large Ferralith Cave (N: 7016, E: 8210)","size":2,"tier":1},"geometry":{"type":"Point","coordinates":[24630,21049]}},{"type":"Feature","properties":{"name":"Ferralith Cave (N: 7012, E: 8515)","size":1,"tier":1},"geometry":{"type":"Point","coordinates":[25546,21037]}},{"type":"Feature","properties":{"name":"Ferralith Cave (N: 7061, E: 8271)","size":1,"tier":1},"geometry":{"type":"Point","coordinates":[24815,21184]}},{"type":"Feature","properties":{"name":"Ferralith Cave (N: 7042, E: 8565)","size":1,"tier":1},"geometry":{"type":"Point","coordinates":[25694,21127]}},{"type":"Feature","properties":{"name":"Ferralith Cave (N: 7071, E: 8490)","size":1,"tier":1},"geometry":{"type":"Point","coordinates":[25473,21214]}},{"type":"Feature","properties":{"name":"Ferralith Cave (N: 7057, E: 8608)","size":1,"tier":1},"geometry":{"type":"Point","coordinates":[25825,21172]}},{"type":"Feature","properties":{"name":"Ferralith Cave (N: 7061, E: 8830)","size":1,"tier":1},"geometry":{"type":"Point","coordinates":[26491,21184]}},{"type":"Feature","properties":{"name":"Large Aurumite Cave (N: 7046, E: 9742)","size":2,"tier":7},"geometry":{"type":"Point","coordinates":[29224,21137]}},{"type":"Feature","properties":{"name":"Large Pyrelite Cave (N: 7103, E: 9141)","size":2,"tier":2},"geometry":{"type":"Point","coordinates":[27424,21309]}},{"type":"Feature","properties":{"name":"Large Pyrelite Cave (N: 7097, E: 8126)","size":2,"tier":2},"geometry":{"type":"Point","coordinates":[24379,21290]}},{"type":"Feature","properties":{"name":"Ferralith Cave (N: 7083, E: 8405)","size":1,"tier":1},"geometry":{"type":"Point","coordinates":[25217,21248]}},{"type":"Feature","properties":{"name":"Ferralith Cave (N: 7102, E: 8540)","size":1,"tier":1},"geometry":{"type":"Point","coordinates":[25618,21305]}},{"type":"Feature","properties":{"name":"Large Ferralith Cave (N: 7117, E: 8330)","size":2,"tier":1},"geometry":{"type":"Point","coordinates":[24991,21351]}},{"type":"Feature","properties":{"name":"Ferralith Cave (N: 7126, E: 8486)","size":1,"tier":1},"geometry":{"type":"Point","coordinates":[25459,21378]}},{"type":"Feature","properties":{"name":"Ferralith Cave (N: 7110, E: 8624)","size":1,"tier":1},"geometry":{"type":"Point","coordinates":[25873,21330]}},{"type":"Feature","properties":{"name":"Large Pyrelite Cave (N: 7110, E: 9249)","size":2,"tier":2},"geometry":{"type":"Point","coordinates":[27746,21330]}},{"type":"Feature","properties":{"name":"Large Elenvar Cave (N: 7131, E: 9936)","size":2,"tier":4},"geometry":{"type":"Point","coordinates":[29808,21393]}},{"type":"Feature","properties":{"name":"Ferralith Cave (N: 7128, E: 8436)","size":1,"tier":1},"geometry":{"type":"Point","coordinates":[25308,21383]}},{"type":"Feature","properties":{"name":"Large Ferralith Cave (N: 7105, E: 8725)","size":2,"tier":1},"geometry":{"type":"Point","coordinates":[26176,21314]}},{"type":"Feature","properties":{"name":"Ferralith Cave (N: 7142, E: 8588)","size":1,"tier":1},"geometry":{"type":"Point","coordinates":[25765,21426]}},{"type":"Feature","properties":{"name":"Ferralith Cave (N: 7156, E: 8657)","size":1,"tier":1},"geometry":{"type":"Point","coordinates":[25972,21468]}},{"type":"Feature","properties":{"name":"Large Emarium Cave (N: 7152, E: 8942)","size":2,"tier":3},"geometry":{"type":"Point","coordinates":[26826,21456]}},{"type":"Feature","properties":{"name":"Ferralith Cave (N: 7154, E: 8525)","size":1,"tier":1},"geometry":{"type":"Point","coordinates":[25576,21463]}},{"type":"Feature","properties":{"name":"Ferralith Cave (N: 7146, E: 8793)","size":1,"tier":1},"geometry":{"type":"Point","coordinates":[26379,21439]}},{"type":"Feature","properties":{"name":"Large Ferralith Cave (N: 7148, E: 8239)","size":2,"tier":1},"geometry":{"type":"Point","coordinates":[24715,21443]}},{"type":"Feature","properties":{"name":"Large Emarium Cave (N: 7185, E: 9055)","size":2,"tier":3},"geometry":{"type":"Point","coordinates":[27165,21555]}},{"type":"Feature","properties":{"name":"Ferralith Cave (N: 7183, E: 8471)","size":1,"tier":1},"geometry":{"type":"Point","coordinates":[25414,21550]}},{"type":"Feature","properties":{"name":"Ferralith Cave (N: 7199, E: 8408)","size":1,"tier":1},"geometry":{"type":"Point","coordinates":[25224,21596]}},{"type":"Feature","properties":{"name":"Large Elenvar Cave (N: 7182, E: 9374)","size":2,"tier":4},"geometry":{"type":"Point","coordinates":[28122,21545]}},{"type":"Feature","properties":{"name":"Ferralith Cave (N: 7225, E: 8126)","size":1,"tier":1},"geometry":{"type":"Point","coordinates":[24379,21675]}},{"type":"Feature","properties":{"name":"Large Ferralith Cave (N: 7203, E: 8298)","size":2,"tier":1},"geometry":{"type":"Point","coordinates":[24896,21609]}},{"type":"Feature","properties":{"name":"Large Aurumite Cave (N: 7210, E: 9589)","size":2,"tier":7},"geometry":{"type":"Point","coordinates":[28767,21630]}},{"type":"Feature","properties":{"name":"Ferralith Cave (N: 7206, E: 8549)","size":1,"tier":1},"geometry":{"type":"Point","coordinates":[25646,21619]}},{"type":"Feature","properties":{"name":"Large Pyrelite Cave (N: 7259, E: 8218)","size":2,"tier":2},"geometry":{"type":"Point","coordinates":[24655,21777]}},{"type":"Feature","properties":{"name":"Ferralith Cave (N: 7261, E: 8361)","size":1,"tier":1},"geometry":{"type":"Point","coordinates":[25085,21783]}},{"type":"Feature","properties":{"name":"Large Pyrelite Cave (N: 7249, E: 8755)","size":2,"tier":2},"geometry":{"type":"Point","coordinates":[26265,21747]}},{"type":"Feature","properties":{"name":"Large Ferralith Cave (N: 7271, E: 8656)","size":2,"tier":1},"geometry":{"type":"Point","coordinates":[25970,21813]}},{"type":"Feature","properties":{"name":"Large Elenvar Cave (N: 7272, E: 9776)","size":2,"tier":4},"geometry":{"type":"Point","coordinates":[29328,21816]}},{"type":"Feature","properties":{"name":"Ferralith Cave (N: 7292, E: 8319)","size":1,"tier":1},"geometry":{"type":"Point","coordinates":[24955,21875]}},{"type":"Feature","properties":{"name":"Large Ferralith Cave (N: 7282, E: 8500)","size":2,"tier":1},"geometry":{"type":"Point","coordinates":[25500,21845]}},{"type":"Feature","properties":{"name":"Large Ferralith Cave (N: 7306, E: 8427)","size":2,"tier":1},"geometry":{"type":"Point","coordinates":[25282,21919]}},{"type":"Feature","properties":{"name":"Ferralith Cave (N: 7320, E: 8578)","size":1,"tier":1},"geometry":{"type":"Point","coordinates":[25734,21961]}},{"type":"Feature","properties":{"name":"Large Emarium Cave (N: 7326, E: 8921)","size":2,"tier":3},"geometry":{"type":"Point","coordinates":[26762,21977]}},{"type":"Feature","properties":{"name":"Ferralith Cave (N: 7334, E: 8285)","size":1,"tier":1},"geometry":{"type":"Point","coordinates":[24855,22003]}},{"type":"Feature","properties":{"name":"Large Pyrelite Cave (N: 7353, E: 8786)","size":2,"tier":2},"geometry":{"type":"Point","coordinates":[26358,22058]}},{"type":"Feature","properties":{"name":"Ferralith Cave (N: 7364, E: 8244)","size":1,"tier":1},"geometry":{"type":"Point","coordinates":[24731,22092]}},{"type":"Feature","properties":{"name":"Large Ferralith Cave (N: 7379, E: 8508)","size":2,"tier":1},"geometry":{"type":"Point","coordinates":[25524,22137]}},{"type":"Feature","properties":{"name":"Large Pyrelite Cave (N: 7377, E: 9018)","size":2,"tier":2},"geometry":{"type":"Point","coordinates":[27054,22131]}},{"type":"Feature","properties":{"name":"Large Ferralith Cave (N: 7375, E: 8364)","size":2,"tier":1},"geometry":{"type":"Point","coordinates":[25094,22126]}},{"type":"Feature","properties":{"name":"Ferralith Cave (N: 7422, E: 8301)","size":1,"tier":1},"geometry":{"type":"Point","coordinates":[24903,22266]}},{"type":"Feature","properties":{"name":"Large Aurumite Cave (N: 7400, E: 9321)","size":2,"tier":7},"geometry":{"type":"Point","coordinates":[27964,22200]}},{"type":"Feature","properties":{"name":"Ferralith Cave (N: 7417, E: 8246)","size":1,"tier":1},"geometry":{"type":"Point","coordinates":[24740,22252]}},{"type":"Feature","properties":{"name":"Large Pyrelite Cave (N: 7400, E: 8647)","size":2,"tier":2},"geometry":{"type":"Point","coordinates":[25940,22199]}},{"type":"Feature","properties":{"name":"Large Emarium Cave (N: 7457, E: 8859)","size":2,"tier":3},"geometry":{"type":"Point","coordinates":[26578,22371]}},{"type":"Feature","properties":{"name":"Large Emarium Cave (N: 7528, E: 8733)","size":2,"tier":3},"geometry":{"type":"Point","coordinates":[26200,22585]}},{"type":"Feature","properties":{"name":"Large Elenvar Cave (N: 7521, E: 9493)","size":2,"tier":4},"geometry":{"type":"Point","coordinates":[28480,22564]}},{"type":"Feature","properties":{"name":"Large Ferralith Cave (N: 6831, E: 8721)","size":2,"tier":1},"geometry":{"type":"Point","coordinates":[26164,20493]}},{"type":"Feature","properties":{"name":"Large Ferralith Cave (N: 6669, E: 8431)","size":2,"tier":1},"geometry":{"type":"Point","coordinates":[25294,20007]}},{"type":"Feature","properties":{"name":"Large Ferralith Cave (N: 6485, E: 8896)","size":2,"tier":1},"geometry":{"type":"Point","coordinates":[26689,19455]}},{"type":"Feature","properties":{"name":"Large Ferralith Cave (N: 6339, E: 8306)","size":2,"tier":1},"geometry":{"type":"Point","coordinates":[24919,19017]}},{"type":"Feature","properties":{"name":"Large Luminite Cave (N: 7847, E: 4423)","size":2,"tier":5},"geometry":{"type":"Point","coordinates":[13270,23540]}},{"type":"Feature","properties":{"name":"Large Pyrelite Cave (N: 7918, E: 4074)","size":2,"tier":2},"geometry":{"type":"Point","coordinates":[12222,23755]}},{"type":"Feature","properties":{"name":"Large Ferralith Cave (N: 7942, E: 2782)","size":2,"tier":1},"geometry":{"type":"Point","coordinates":[8345,23826]}},{"type":"Feature","properties":{"name":"Large Pyrelite Cave (N: 7961, E: 4159)","size":2,"tier":2},"geometry":{"type":"Point","coordinates":[12478,23882]}},{"type":"Feature","properties":{"name":"Large Pyrelite Cave (N: 7992, E: 3694)","size":2,"tier":2},"geometry":{"type":"Point","coordinates":[11081,23976]}},{"type":"Feature","properties":{"name":"Ferralith Cave (N: 7979, E: 3057)","size":1,"tier":1},"geometry":{"type":"Point","coordinates":[9171,23936]}},{"type":"Feature","properties":{"name":"Large Pyrelite Cave (N: 8031, E: 4017)","size":2,"tier":2},"geometry":{"type":"Point","coordinates":[12051,24093]}},{"type":"Feature","properties":{"name":"Ferralith Cave (N: 8013, E: 2998)","size":1,"tier":1},"geometry":{"type":"Point","coordinates":[8995,24038]}},{"type":"Feature","properties":{"name":"Large Ferralith Cave (N: 8040, E: 2888)","size":2,"tier":1},"geometry":{"type":"Point","coordinates":[8665,24120]}},{"type":"Feature","properties":{"name":"Ferralith Cave (N: 8061, E: 3100)","size":1,"tier":1},"geometry":{"type":"Point","coordinates":[9302,24183]}},{"type":"Feature","properties":{"name":"Ferralith Cave (N: 8032, E: 3040)","size":1,"tier":1},"geometry":{"type":"Point","coordinates":[9121,24097]}},{"type":"Feature","properties":{"name":"Large Ferralith Cave (N: 8060, E: 2813)","size":2,"tier":1},"geometry":{"type":"Point","coordinates":[8437,24179]}},{"type":"Feature","properties":{"name":"Large Ferralith Cave (N: 8061, E: 4521)","size":2,"tier":1},"geometry":{"type":"Point","coordinates":[13564,24182]}},{"type":"Feature","properties":{"name":"Large Pyrelite Cave (N: 8076, E: 4226)","size":2,"tier":2},"geometry":{"type":"Point","coordinates":[12677,24228]}},{"type":"Feature","properties":{"name":"Ferralith Cave (N: 8078, E: 4675)","size":1,"tier":1},"geometry":{"type":"Point","coordinates":[14024,24234]}},{"type":"Feature","properties":{"name":"Ferralith Cave (N: 8094, E: 4718)","size":1,"tier":1},"geometry":{"type":"Point","coordinates":[14155,24282]}},{"type":"Feature","properties":{"name":"Large Ferralith Cave (N: 8088, E: 2742)","size":2,"tier":1},"geometry":{"type":"Point","coordinates":[8227,24265]}},{"type":"Feature","properties":{"name":"Ferralith Cave (N: 8088, E: 3062)","size":1,"tier":1},"geometry":{"type":"Point","coordinates":[9185,24263]}},{"type":"Feature","properties":{"name":"Large Pyrelite Cave (N: 8116, E: 3692)","size":2,"tier":2},"geometry":{"type":"Point","coordinates":[11075,24348]}},{"type":"Feature","properties":{"name":"Large Ferralith Cave (N: 8116, E: 4462)","size":2,"tier":1},"geometry":{"type":"Point","coordinates":[13385,24348]}},{"type":"Feature","properties":{"name":"Large Ferralith Cave (N: 8103, E: 2976)","size":2,"tier":1},"geometry":{"type":"Point","coordinates":[8931,24310]}},{"type":"Feature","properties":{"name":"Large Pyrelite Cave (N: 8114, E: 3958)","size":2,"tier":2},"geometry":{"type":"Point","coordinates":[11873,24343]}},{"type":"Feature","properties":{"name":"Ferralith Cave (N: 8098, E: 4630)","size":1,"tier":1},"geometry":{"type":"Point","coordinates":[13890,24293]}},{"type":"Feature","properties":{"name":"Large Ferralith Cave (N: 8159, E: 3240)","size":2,"tier":1},"geometry":{"type":"Point","coordinates":[9723,24478]}},{"type":"Feature","properties":{"name":"Large Ferralith Cave (N: 8156, E: 3377)","size":2,"tier":1},"geometry":{"type":"Point","coordinates":[10131,24469]}},{"type":"Feature","properties":{"name":"Large Pyrelite Cave (N: 8128, E: 4084)","size":2,"tier":2},"geometry":{"type":"Point","coordinates":[12253,24385]}},{"type":"Feature","properties":{"name":"Large Ferralith Cave (N: 8160, E: 4543)","size":2,"tier":1},"geometry":{"type":"Point","coordinates":[13629,24479]}},{"type":"Feature","properties":{"name":"Ferralith Cave (N: 8162, E: 3039)","size":1,"tier":1},"geometry":{"type":"Point","coordinates":[9117,24487]}},{"type":"Feature","properties":{"name":"Large Pyrelite Cave (N: 8190, E: 3607)","size":2,"tier":2},"geometry":{"type":"Point","coordinates":[10821,24571]}},{"type":"Feature","properties":{"name":"Large Ferralith Cave (N: 8183, E: 4630)","size":2,"tier":1},"geometry":{"type":"Point","coordinates":[13891,24550]}},{"type":"Feature","properties":{"name":"Large Pyrelite Cave (N: 8181, E: 3132)","size":2,"tier":2},"geometry":{"type":"Point","coordinates":[9396,24542]}},{"type":"Feature","properties":{"name":"Large Pyrelite Cave (N: 8178, E: 3762)","size":2,"tier":2},"geometry":{"type":"Point","coordinates":[11286,24533]}},{"type":"Feature","properties":{"name":"Large Ferralith Cave (N: 8198, E: 4719)","size":2,"tier":1},"geometry":{"type":"Point","coordinates":[14156,24595]}},{"type":"Feature","properties":{"name":"Ferralith Cave (N: 8247, E: 3200)","size":1,"tier":1},"geometry":{"type":"Point","coordinates":[9601,24741]}},{"type":"Feature","properties":{"name":"Large Pyrelite Cave (N: 8251, E: 3686)","size":2,"tier":2},"geometry":{"type":"Point","coordinates":[11058,24753]}},{"type":"Feature","properties":{"name":"Large Ferralith Cave (N: 8248, E: 4317)","size":2,"tier":1},"geometry":{"type":"Point","coordinates":[12950,24744]}},{"type":"Feature","properties":{"name":"Large Ferralith Cave (N: 8255, E: 4569)","size":2,"tier":1},"geometry":{"type":"Point","coordinates":[13709,24765]}},{"type":"Feature","properties":{"name":"Large Pyrelite Cave (N: 8239, E: 4936)","size":2,"tier":2},"geometry":{"type":"Point","coordinates":[14809,24717]}},{"type":"Feature","properties":{"name":"Ferralith Cave (N: 8232, E: 3057)","size":1,"tier":1},"geometry":{"type":"Point","coordinates":[9171,24697]}},{"type":"Feature","properties":{"name":"Large Ferralith Cave (N: 8241, E: 3288)","size":2,"tier":1},"geometry":{"type":"Point","coordinates":[9865,24724]}},{"type":"Feature","properties":{"name":"Large Pyrelite Cave (N: 8242, E: 3981)","size":2,"tier":2},"geometry":{"type":"Point","coordinates":[11944,24727]}},{"type":"Feature","properties":{"name":"Large Pyrelite Cave (N: 8241, E: 4099)","size":2,"tier":2},"geometry":{"type":"Point","coordinates":[12300,24724]}},{"type":"Feature","properties":{"name":"Ferralith Cave (N: 8252, E: 4202)","size":1,"tier":1},"geometry":{"type":"Point","coordinates":[12605,24755]}},{"type":"Feature","properties":{"name":"Large Ferralith Cave (N: 8260, E: 2910)","size":2,"tier":1},"geometry":{"type":"Point","coordinates":[8729,24780]}},{"type":"Feature","properties":{"name":"Ferralith Cave (N: 8286, E: 3155)","size":1,"tier":1},"geometry":{"type":"Point","coordinates":[9465,24859]}},{"type":"Feature","properties":{"name":"Ferralith Cave (N: 8284, E: 4673)","size":1,"tier":1},"geometry":{"type":"Point","coordinates":[14020,24853]}},{"type":"Feature","properties":{"name":"Large Ferralith Cave (N: 8269, E: 4459)","size":2,"tier":1},"geometry":{"type":"Point","coordinates":[13379,24806]}},{"type":"Feature","properties":{"name":"Ferralith Cave (N: 8307, E: 4184)","size":1,"tier":1},"geometry":{"type":"Point","coordinates":[12552,24921]}},{"type":"Feature","properties":{"name":"Ferralith Cave (N: 8318, E: 4636)","size":1,"tier":1},"geometry":{"type":"Point","coordinates":[13908,24954]}},{"type":"Feature","properties":{"name":"Ferralith Cave (N: 8319, E: 3203)","size":1,"tier":1},"geometry":{"type":"Point","coordinates":[9612,24958]}},{"type":"Feature","properties":{"name":"Large Pyrelite Cave (N: 8296, E: 3870)","size":2,"tier":2},"geometry":{"type":"Point","coordinates":[11611,24889]}},{"type":"Feature","properties":{"name":"Large Ferralith Cave (N: 8317, E: 4388)","size":2,"tier":1},"geometry":{"type":"Point","coordinates":[13166,24952]}},{"type":"Feature","properties":{"name":"Large Pyrelite Cave (N: 8291, E: 4825)","size":2,"tier":2},"geometry":{"type":"Point","coordinates":[14476,24874]}},{"type":"Feature","properties":{"name":"Ferralith Cave (N: 8308, E: 4723)","size":1,"tier":1},"geometry":{"type":"Point","coordinates":[14168,24923]}},{"type":"Feature","properties":{"name":"Large Ferralith Cave (N: 8304, E: 5009)","size":2,"tier":1},"geometry":{"type":"Point","coordinates":[15027,24911]}},{"type":"Feature","properties":{"name":"Large Pyrelite Cave (N: 8327, E: 3754)","size":2,"tier":2},"geometry":{"type":"Point","coordinates":[11264,24981]}},{"type":"Feature","properties":{"name":"Ferralith Cave (N: 8334, E: 4284)","size":1,"tier":1},"geometry":{"type":"Point","coordinates":[12853,25003]}},{"type":"Feature","properties":{"name":"Ferralith Cave (N: 8326, E: 2972)","size":1,"tier":1},"geometry":{"type":"Point","coordinates":[8916,24977]}},{"type":"Feature","properties":{"name":"Ferralith Cave (N: 8325, E: 4237)","size":1,"tier":1},"geometry":{"type":"Point","coordinates":[12711,24974]}},{"type":"Feature","properties":{"name":"Ferralith Cave (N: 8340, E: 4917)","size":1,"tier":1},"geometry":{"type":"Point","coordinates":[14750,25019]}},{"type":"Feature","properties":{"name":"Ferralith Cave (N: 8352, E: 3017)","size":1,"tier":1},"geometry":{"type":"Point","coordinates":[9052,25056]}},{"type":"Feature","properties":{"name":"Large Ferralith Cave (N: 8371, E: 3984)","size":2,"tier":1},"geometry":{"type":"Point","coordinates":[11954,25113]}},{"type":"Feature","properties":{"name":"Large Ferralith Cave (N: 8359, E: 4489)","size":2,"tier":1},"geometry":{"type":"Point","coordinates":[13467,25077]}},{"type":"Feature","properties":{"name":"Ferralith Cave (N: 8379, E: 2976)","size":1,"tier":1},"geometry":{"type":"Point","coordinates":[8931,25138]}},{"type":"Feature","properties":{"name":"Large Ferralith Cave (N: 8358, E: 4084)","size":2,"tier":1},"geometry":{"type":"Point","coordinates":[12252,25075]}},{"type":"Feature","properties":{"name":"Ferralith Cave (N: 8364, E: 4578)","size":1,"tier":1},"geometry":{"type":"Point","coordinates":[13735,25093]}},{"type":"Feature","properties":{"name":"Large Ferralith Cave (N: 8380, E: 3275)","size":2,"tier":1},"geometry":{"type":"Point","coordinates":[9824,25139]}},{"type":"Feature","properties":{"name":"Large Ferralith Cave (N: 8353, E: 3421)","size":2,"tier":1},"geometry":{"type":"Point","coordinates":[10263,25058]}},{"type":"Feature","properties":{"name":"Ferralith Cave (N: 8364, E: 4757)","size":1,"tier":1},"geometry":{"type":"Point","coordinates":[14271,25091]}},{"type":"Feature","properties":{"name":"Large Pyrelite Cave (N: 8388, E: 3100)","size":2,"tier":2},"geometry":{"type":"Point","coordinates":[9301,25164]}},{"type":"Feature","properties":{"name":"Ferralith Cave (N: 8397, E: 3355)","size":1,"tier":1},"geometry":{"type":"Point","coordinates":[10065,25191]}},{"type":"Feature","properties":{"name":"Ferralith Cave (N: 8386, E: 4271)","size":1,"tier":1},"geometry":{"type":"Point","coordinates":[12812,25158]}},{"type":"Feature","properties":{"name":"Large Pyrelite Cave (N: 8406, E: 5029)","size":2,"tier":2},"geometry":{"type":"Point","coordinates":[15088,25218]}},{"type":"Feature","properties":{"name":"Large Pyrelite Cave (N: 8384, E: 3593)","size":2,"tier":2},"geometry":{"type":"Point","coordinates":[10780,25153]}},{"type":"Feature","properties":{"name":"Large Ferralith Cave (N: 8405, E: 4424)","size":2,"tier":1},"geometry":{"type":"Point","coordinates":[13273,25216]}},{"type":"Feature","properties":{"name":"Large Ferralith Cave (N: 8413, E: 4664)","size":2,"tier":1},"geometry":{"type":"Point","coordinates":[13995,25240]}},{"type":"Feature","properties":{"name":"Large Ferralith Cave (N: 8402, E: 4173)","size":2,"tier":1},"geometry":{"type":"Point","coordinates":[12519,25205]}},{"type":"Feature","properties":{"name":"Ferralith Cave (N: 8415, E: 4328)","size":1,"tier":1},"geometry":{"type":"Point","coordinates":[12986,25244]}},{"type":"Feature","properties":{"name":"Ferralith Cave (N: 8394, E: 4830)","size":1,"tier":1},"geometry":{"type":"Point","coordinates":[14489,25181]}},{"type":"Feature","properties":{"name":"Ferralith Cave (N: 8418, E: 4771)","size":1,"tier":1},"geometry":{"type":"Point","coordinates":[14313,25254]}},{"type":"Feature","properties":{"name":"Ferralith Cave (N: 8430, E: 2997)","size":1,"tier":1},"geometry":{"type":"Point","coordinates":[8991,25291]}},{"type":"Feature","properties":{"name":"Ferralith Cave (N: 8416, E: 3203)","size":1,"tier":1},"geometry":{"type":"Point","coordinates":[9608,25249]}},{"type":"Feature","properties":{"name":"Ferralith Cave (N: 8440, E: 4263)","size":1,"tier":1},"geometry":{"type":"Point","coordinates":[12788,25319]}},{"type":"Feature","properties":{"name":"Large Ferralith Cave (N: 8426, E: 4914)","size":2,"tier":1},"geometry":{"type":"Point","coordinates":[14740,25277]}},{"type":"Feature","properties":{"name":"Large Ferralith Cave (N: 8463, E: 4572)","size":2,"tier":1},"geometry":{"type":"Point","coordinates":[13718,25389]}},{"type":"Feature","properties":{"name":"Ferralith Cave (N: 8463, E: 2834)","size":1,"tier":1},"geometry":{"type":"Point","coordinates":[8505,25390]}},{"type":"Feature","properties":{"name":"Large Pyrelite Cave (N: 8458, E: 3913)","size":2,"tier":2},"geometry":{"type":"Point","coordinates":[11737,25373]}},{"type":"Feature","properties":{"name":"Ferralith Cave (N: 8493, E: 2884)","size":1,"tier":1},"geometry":{"type":"Point","coordinates":[8653,25479]}},{"type":"Feature","properties":{"name":"Ferralith Cave (N: 8488, E: 3002)","size":1,"tier":1},"geometry":{"type":"Point","coordinates":[9006,25464]}},{"type":"Feature","properties":{"name":"Ferralith Cave (N: 8483, E: 3211)","size":1,"tier":1},"geometry":{"type":"Point","coordinates":[9634,25449]}},{"type":"Feature","properties":{"name":"Large Ferralith Cave (N: 8482, E: 4073)","size":2,"tier":1},"geometry":{"type":"Point","coordinates":[12218,25446]}},{"type":"Feature","properties":{"name":"Large Ferralith Cave (N: 8499, E: 4501)","size":2,"tier":1},"geometry":{"type":"Point","coordinates":[13503,25497]}},{"type":"Feature","properties":{"name":"Large Ferralith Cave (N: 8499, E: 2737)","size":2,"tier":1},"geometry":{"type":"Point","coordinates":[8213,25498]}},{"type":"Feature","properties":{"name":"Large Ferralith Cave (N: 8504, E: 3137)","size":2,"tier":1},"geometry":{"type":"Point","coordinates":[9412,25513]}},{"type":"Feature","properties":{"name":"Ferralith Cave (N: 8503, E: 3455)","size":1,"tier":1},"geometry":{"type":"Point","coordinates":[10368,25510]}},{"type":"Feature","properties":{"name":"Ferralith Cave (N: 8511, E: 3518)","size":1,"tier":1},"geometry":{"type":"Point","coordinates":[10555,25534]}},{"type":"Feature","properties":{"name":"Ferralith Cave (N: 8486, E: 4197)","size":1,"tier":1},"geometry":{"type":"Point","coordinates":[12591,25459]}},{"type":"Feature","properties":{"name":"Ferralith Cave (N: 8506, E: 4147)","size":1,"tier":1},"geometry":{"type":"Point","coordinates":[12440,25519]}},{"type":"Feature","properties":{"name":"Ferralith Cave (N: 8491, E: 4247)","size":1,"tier":1},"geometry":{"type":"Point","coordinates":[12744,25474]}},{"type":"Feature","properties":{"name":"Ferralith Cave (N: 8488, E: 4725)","size":1,"tier":1},"geometry":{"type":"Point","coordinates":[14174,25465]}},{"type":"Feature","properties":{"name":"Ferralith Cave (N: 8494, E: 3051)","size":1,"tier":1},"geometry":{"type":"Point","coordinates":[9153,25481]}},{"type":"Feature","properties":{"name":"Large Ferralith Cave (N: 8482, E: 3383)","size":2,"tier":1},"geometry":{"type":"Point","coordinates":[10148,25445]}},{"type":"Feature","properties":{"name":"Large Ferralith Cave (N: 8499, E: 4339)","size":2,"tier":1},"geometry":{"type":"Point","coordinates":[13017,25496]}},{"type":"Feature","properties":{"name":"Large Pyrelite Cave (N: 8531, E: 4954)","size":2,"tier":2},"geometry":{"type":"Point","coordinates":[14864,25593]}},{"type":"Feature","properties":{"name":"Large Ferralith Cave (N: 8532, E: 3273)","size":2,"tier":1},"geometry":{"type":"Point","coordinates":[9817,25595]}},{"type":"Feature","properties":{"name":"Large Ferralith Cave (N: 8542, E: 3831)","size":2,"tier":1},"geometry":{"type":"Point","coordinates":[11492,25625]}},{"type":"Feature","properties":{"name":"Ferralith Cave (N: 8517, E: 4685)","size":1,"tier":1},"geometry":{"type":"Point","coordinates":[14057,25550]}},{"type":"Feature","properties":{"name":"Ferralith Cave (N: 8566, E: 4276)","size":1,"tier":1},"geometry":{"type":"Point","coordinates":[12827,25698]}},{"type":"Feature","properties":{"name":"Ferralith Cave (N: 8551, E: 4591)","size":1,"tier":1},"geometry":{"type":"Point","coordinates":[13773,25653]}},{"type":"Feature","properties":{"name":"Ferralith Cave (N: 8570, E: 2687)","size":1,"tier":1},"geometry":{"type":"Point","coordinates":[8061,25711]}},{"type":"Feature","properties":{"name":"Ferralith Cave (N: 8560, E: 2792)","size":1,"tier":1},"geometry":{"type":"Point","coordinates":[8376,25681]}},{"type":"Feature","properties":{"name":"Ferralith Cave (N: 8564, E: 2938)","size":1,"tier":1},"geometry":{"type":"Point","coordinates":[8814,25693]}},{"type":"Feature","properties":{"name":"Ferralith Cave (N: 8561, E: 3952)","size":1,"tier":1},"geometry":{"type":"Point","coordinates":[11857,25684]}},{"type":"Feature","properties":{"name":"Large Ferralith Cave (N: 8579, E: 4140)","size":2,"tier":1},"geometry":{"type":"Point","coordinates":[12421,25737]}},{"type":"Feature","properties":{"name":"Large Ferralith Cave (N: 8555, E: 4434)","size":2,"tier":1},"geometry":{"type":"Point","coordinates":[13303,25666]}},{"type":"Feature","properties":{"name":"Ferralith Cave (N: 8549, E: 2837)","size":1,"tier":1},"geometry":{"type":"Point","coordinates":[8512,25646]}},{"type":"Feature","properties":{"name":"Ferralith Cave (N: 8548, E: 4233)","size":1,"tier":1},"geometry":{"type":"Point","coordinates":[12697,25643]}},{"type":"Feature","properties":{"name":"Ferralith Cave (N: 8548, E: 4648)","size":1,"tier":1},"geometry":{"type":"Point","coordinates":[13942,25643]}},{"type":"Feature","properties":{"name":"Ferralith Cave (N: 8564, E: 4729)","size":1,"tier":1},"geometry":{"type":"Point","coordinates":[14185,25691]}},{"type":"Feature","properties":{"name":"Ferralith Cave (N: 8586, E: 2898)","size":1,"tier":1},"geometry":{"type":"Point","coordinates":[8694,25759]}},{"type":"Feature","properties":{"name":"Ferralith Cave (N: 8591, E: 3692)","size":1,"tier":1},"geometry":{"type":"Point","coordinates":[11077,25774]}},{"type":"Feature","properties":{"name":"Large Ferralith Cave (N: 8586, E: 4024)","size":2,"tier":1},"geometry":{"type":"Point","coordinates":[12071,25759]}},{"type":"Feature","properties":{"name":"Ferralith Cave (N: 8580, E: 4683)","size":1,"tier":1},"geometry":{"type":"Point","coordinates":[14048,25741]}},{"type":"Feature","properties":{"name":"Large Ferralith Cave (N: 8579, E: 3020)","size":2,"tier":1},"geometry":{"type":"Point","coordinates":[9061,25736]}},{"type":"Feature","properties":{"name":"Large Ferralith Cave (N: 8604, E: 3118)","size":2,"tier":1},"geometry":{"type":"Point","coordinates":[9354,25811]}},{"type":"Feature","properties":{"name":"Large Ferralith Cave (N: 8600, E: 3497)","size":2,"tier":1},"geometry":{"type":"Point","coordinates":[10490,25799]}},{"type":"Feature","properties":{"name":"Ferralith Cave (N: 8600, E: 3742)","size":1,"tier":1},"geometry":{"type":"Point","coordinates":[11225,25799]}},{"type":"Feature","properties":{"name":"Ferralith Cave (N: 8585, E: 4187)","size":1,"tier":1},"geometry":{"type":"Point","coordinates":[12561,25754]}},{"type":"Feature","properties":{"name":"Ferralith Cave (N: 8638, E: 3334)","size":1,"tier":1},"geometry":{"type":"Point","coordinates":[10001,25914]}},{"type":"Feature","properties":{"name":"Ferralith Cave (N: 8616, E: 3647)","size":1,"tier":1},"geometry":{"type":"Point","coordinates":[10942,25848]}},{"type":"Feature","properties":{"name":"Large Ferralith Cave (N: 8622, E: 3887)","size":2,"tier":1},"geometry":{"type":"Point","coordinates":[11660,25866]}},{"type":"Feature","properties":{"name":"Ferralith Cave (N: 8625, E: 4088)","size":1,"tier":1},"geometry":{"type":"Point","coordinates":[12265,25875]}},{"type":"Feature","properties":{"name":"Large Ferralith Cave (N: 8630, E: 4342)","size":2,"tier":1},"geometry":{"type":"Point","coordinates":[13027,25890]}},{"type":"Feature","properties":{"name":"Large Pyrelite Cave (N: 8618, E: 4856)","size":2,"tier":2},"geometry":{"type":"Point","coordinates":[14569,25854]}},{"type":"Feature","properties":{"name":"Ferralith Cave (N: 8610, E: 2725)","size":1,"tier":1},"geometry":{"type":"Point","coordinates":[8175,25831]}},{"type":"Feature","properties":{"name":"Ferralith Cave (N: 8609, E: 2854)","size":1,"tier":1},"geometry":{"type":"Point","coordinates":[8563,25828]}},{"type":"Feature","properties":{"name":"Ferralith Cave (N: 8626, E: 2931)","size":1,"tier":1},"geometry":{"type":"Point","coordinates":[8792,25879]}},{"type":"Feature","properties":{"name":"Large Ferralith Cave (N: 8622, E: 3216)","size":2,"tier":1},"geometry":{"type":"Point","coordinates":[9647,25867]}},{"type":"Feature","properties":{"name":"Ferralith Cave (N: 8629, E: 4252)","size":1,"tier":1},"geometry":{"type":"Point","coordinates":[12757,25888]}},{"type":"Feature","properties":{"name":"Large Pyrelite Cave (N: 8615, E: 4518)","size":2,"tier":2},"geometry":{"type":"Point","coordinates":[13557,25846]}},{"type":"Feature","properties":{"name":"Ferralith Cave (N: 8613, E: 2791)","size":1,"tier":1},"geometry":{"type":"Point","coordinates":[8374,25838]}},{"type":"Feature","properties":{"name":"Ferralith Cave (N: 8610, E: 4619)","size":1,"tier":1},"geometry":{"type":"Point","coordinates":[13857,25829]}},{"type":"Feature","properties":{"name":"Ferralith Cave (N: 8665, E: 3562)","size":1,"tier":1},"geometry":{"type":"Point","coordinates":[10687,25995]}},{"type":"Feature","properties":{"name":"Ferralith Cave (N: 8643, E: 3684)","size":1,"tier":1},"geometry":{"type":"Point","coordinates":[11054,25929]}},{"type":"Feature","properties":{"name":"Ferralith Cave (N: 8646, E: 3815)","size":1,"tier":1},"geometry":{"type":"Point","coordinates":[11444,25938]}},{"type":"Feature","properties":{"name":"Large Ferralith Cave (N: 8657, E: 4758)","size":2,"tier":1},"geometry":{"type":"Point","coordinates":[14275,25971]}},{"type":"Feature","properties":{"name":"Ferralith Cave (N: 8643, E: 2689)","size":1,"tier":1},"geometry":{"type":"Point","coordinates":[8068,25930]}},{"type":"Feature","properties":{"name":"Ferralith Cave (N: 8664, E: 3966)","size":1,"tier":1},"geometry":{"type":"Point","coordinates":[11897,25993]}},{"type":"Feature","properties":{"name":"Ferralith Cave (N: 8670, E: 4035)","size":1,"tier":1},"geometry":{"type":"Point","coordinates":[12104,26011]}},{"type":"Feature","properties":{"name":"Ferralith Cave (N: 8648, E: 4197)","size":1,"tier":1},"geometry":{"type":"Point","coordinates":[12590,25945]}},{"type":"Feature","properties":{"name":"Ferralith Cave (N: 8668, E: 3763)","size":1,"tier":1},"geometry":{"type":"Point","coordinates":[11287,26003]}},{"type":"Feature","properties":{"name":"Large Ferralith Cave (N: 8642, E: 4425)","size":2,"tier":1},"geometry":{"type":"Point","coordinates":[13275,25925]}},{"type":"Feature","properties":{"name":"Large Ferralith Cave (N: 8669, E: 4675)","size":2,"tier":1},"geometry":{"type":"Point","coordinates":[14027,26006]}},{"type":"Feature","properties":{"name":"Large Pyrelite Cave (N: 8661, E: 5001)","size":2,"tier":2},"geometry":{"type":"Point","coordinates":[15004,25982]}},{"type":"Feature","properties":{"name":"Ferralith Cave (N: 8683, E: 3297)","size":1,"tier":1},"geometry":{"type":"Point","coordinates":[9891,26049]}},{"type":"Feature","properties":{"name":"Ferralith Cave (N: 8687, E: 4078)","size":1,"tier":1},"geometry":{"type":"Point","coordinates":[12235,26061]}},{"type":"Feature","properties":{"name":"Ferralith Cave (N: 8682, E: 4248)","size":1,"tier":1},"geometry":{"type":"Point","coordinates":[12743,26046]}},{"type":"Feature","properties":{"name":"Ferralith Cave (N: 8676, E: 2903)","size":1,"tier":1},"geometry":{"type":"Point","coordinates":[8708,26029]}},{"type":"Feature","properties":{"name":"Ferralith Cave (N: 8677, E: 3382)","size":1,"tier":1},"geometry":{"type":"Point","coordinates":[10147,26032]}},{"type":"Feature","properties":{"name":"Ferralith Cave (N: 8675, E: 2727)","size":1,"tier":1},"geometry":{"type":"Point","coordinates":[8183,26024]}},{"type":"Feature","properties":{"name":"Large Ferralith Cave (N: 8675, E: 2998)","size":2,"tier":1},"geometry":{"type":"Point","coordinates":[8994,26024]}},{"type":"Feature","properties":{"name":"Ferralith Cave (N: 8698, E: 3169)","size":1,"tier":1},"geometry":{"type":"Point","coordinates":[9506,26093]}},{"type":"Feature","properties":{"name":"Ferralith Cave (N: 8702, E: 3340)","size":1,"tier":1},"geometry":{"type":"Point","coordinates":[10018,26105]}},{"type":"Feature","properties":{"name":"Ferralith Cave (N: 8674, E: 4125)","size":1,"tier":1},"geometry":{"type":"Point","coordinates":[12373,26021]}},{"type":"Feature","properties":{"name":"Ferralith Cave (N: 8701, E: 4178)","size":1,"tier":1},"geometry":{"type":"Point","coordinates":[12535,26102]}},{"type":"Feature","properties":{"name":"Ferralith Cave (N: 8705, E: 3081)","size":1,"tier":1},"geometry":{"type":"Point","coordinates":[9244,26115]}},{"type":"Feature","properties":{"name":"Ferralith Cave (N: 8723, E: 3865)","size":1,"tier":1},"geometry":{"type":"Point","coordinates":[11597,26169]}},{"type":"Feature","properties":{"name":"Ferralith Cave (N: 8717, E: 3998)","size":1,"tier":1},"geometry":{"type":"Point","coordinates":[11996,26151]}},{"type":"Feature","properties":{"name":"Large Ferralith Cave (N: 8727, E: 4454)","size":2,"tier":1},"geometry":{"type":"Point","coordinates":[13363,26181]}},{"type":"Feature","properties":{"name":"Large Pyrelite Cave (N: 8730, E: 4904)","size":2,"tier":2},"geometry":{"type":"Point","coordinates":[14713,26190]}},{"type":"Feature","properties":{"name":"Large Ferralith Cave (N: 8717, E: 2819)","size":2,"tier":1},"geometry":{"type":"Point","coordinates":[8459,26152]}},{"type":"Feature","properties":{"name":"Ferralith Cave (N: 8717, E: 3514)","size":1,"tier":1},"geometry":{"type":"Point","coordinates":[10543,26152]}},{"type":"Feature","properties":{"name":"Large Ferralith Cave (N: 8728, E: 3704)","size":2,"tier":1},"geometry":{"type":"Point","coordinates":[11113,26185]}},{"type":"Feature","properties":{"name":"Ferralith Cave (N: 8721, E: 3948)","size":1,"tier":1},"geometry":{"type":"Point","coordinates":[11847,26164]}},{"type":"Feature","properties":{"name":"Ferralith Cave (N: 8731, E: 4280)","size":1,"tier":1},"geometry":{"type":"Point","coordinates":[12841,26194]}},{"type":"Feature","properties":{"name":"Large Ferralith Cave (N: 8714, E: 4377)","size":2,"tier":1},"geometry":{"type":"Point","coordinates":[13130,26143]}},{"type":"Feature","properties":{"name":"Large Ferralith Cave (N: 8725, E: 4589)","size":2,"tier":1},"geometry":{"type":"Point","coordinates":[13768,26176]}},{"type":"Feature","properties":{"name":"Ferralith Cave (N: 8729, E: 2917)","size":1,"tier":1},"geometry":{"type":"Point","coordinates":[8751,26186]}},{"type":"Feature","properties":{"name":"Ferralith Cave (N: 8730, E: 4215)","size":1,"tier":1},"geometry":{"type":"Point","coordinates":[12645,26189]}},{"type":"Feature","properties":{"name":"Ferralith Cave (N: 8754, E: 2741)","size":1,"tier":1},"geometry":{"type":"Point","coordinates":[8224,26262]}},{"type":"Feature","properties":{"name":"Large Pyrelite Cave (N: 8766, E: 4987)","size":2,"tier":2},"geometry":{"type":"Point","coordinates":[14961,26298]}},{"type":"Feature","properties":{"name":"Large Ferralith Cave (N: 8760, E: 2986)","size":2,"tier":1},"geometry":{"type":"Point","coordinates":[8957,26281]}},{"type":"Feature","properties":{"name":"Ferralith Cave (N: 8738, E: 4138)","size":1,"tier":1},"geometry":{"type":"Point","coordinates":[12415,26215]}},{"type":"Feature","properties":{"name":"Ferralith Cave (N: 8746, E: 4734)","size":1,"tier":1},"geometry":{"type":"Point","coordinates":[14202,26239]}},{"type":"Feature","properties":{"name":"Ferralith Cave (N: 8763, E: 2881)","size":1,"tier":1},"geometry":{"type":"Point","coordinates":[8644,26288]}},{"type":"Feature","properties":{"name":"Ferralith Cave (N: 8761, E: 3139)","size":1,"tier":1},"geometry":{"type":"Point","coordinates":[9417,26282]}},{"type":"Feature","properties":{"name":"Large Ferralith Cave (N: 8759, E: 3229)","size":2,"tier":1},"geometry":{"type":"Point","coordinates":[9689,26276]}},{"type":"Feature","properties":{"name":"Ferralith Cave (N: 8748, E: 3309)","size":1,"tier":1},"geometry":{"type":"Point","coordinates":[9925,26243]}},{"type":"Feature","properties":{"name":"Large Ferralith Cave (N: 8750, E: 3585)","size":2,"tier":1},"geometry":{"type":"Point","coordinates":[10754,26249]}},{"type":"Feature","properties":{"name":"Ferralith Cave (N: 8755, E: 3811)","size":1,"tier":1},"geometry":{"type":"Point","coordinates":[11433,26264]}},{"type":"Feature","properties":{"name":"Ferralith Cave (N: 8787, E: 3088)","size":1,"tier":1},"geometry":{"type":"Point","coordinates":[9264,26361]}},{"type":"Feature","properties":{"name":"Ferralith Cave (N: 8774, E: 3990)","size":1,"tier":1},"geometry":{"type":"Point","coordinates":[11971,26322]}},{"type":"Feature","properties":{"name":"Ferralith Cave (N: 8770, E: 4073)","size":1,"tier":1},"geometry":{"type":"Point","coordinates":[12219,26310]}},{"type":"Feature","properties":{"name":"Ferralith Cave (N: 8794, E: 4031)","size":1,"tier":1},"geometry":{"type":"Point","coordinates":[12093,26382]}},{"type":"Feature","properties":{"name":"Large Ferralith Cave (N: 8797, E: 4334)","size":2,"tier":1},"geometry":{"type":"Point","coordinates":[13002,26391]}},{"type":"Feature","properties":{"name":"Ferralith Cave (N: 8779, E: 4657)","size":1,"tier":1},"geometry":{"type":"Point","coordinates":[13972,26337]}},{"type":"Feature","properties":{"name":"Ferralith Cave (N: 8798, E: 2920)","size":1,"tier":1},"geometry":{"type":"Point","coordinates":[8761,26395]}},{"type":"Feature","properties":{"name":"Ferralith Cave (N: 8791, E: 4121)","size":1,"tier":1},"geometry":{"type":"Point","coordinates":[12364,26374]}},{"type":"Feature","properties":{"name":"Ferralith Cave (N: 8778, E: 4244)","size":1,"tier":1},"geometry":{"type":"Point","coordinates":[12732,26335]}},{"type":"Feature","properties":{"name":"Large Ferralith Cave (N: 8798, E: 3374)","size":2,"tier":1},"geometry":{"type":"Point","coordinates":[10120,26393]}},{"type":"Feature","properties":{"name":"Ferralith Cave (N: 8792, E: 4192)","size":1,"tier":1},"geometry":{"type":"Point","coordinates":[12576,26375]}},{"type":"Feature","properties":{"name":"Ferralith Cave (N: 8813, E: 3293)","size":1,"tier":1},"geometry":{"type":"Point","coordinates":[9880,26439]}},{"type":"Feature","properties":{"name":"Large Ferralith Cave (N: 8810, E: 3913)","size":2,"tier":1},"geometry":{"type":"Point","coordinates":[11738,26430]}},{"type":"Feature","properties":{"name":"Ferralith Cave (N: 8807, E: 4745)","size":1,"tier":1},"geometry":{"type":"Point","coordinates":[14235,26421]}},{"type":"Feature","properties":{"name":"Ferralith Cave (N: 8825, E: 2799)","size":1,"tier":1},"geometry":{"type":"Point","coordinates":[8399,26476]}},{"type":"Feature","properties":{"name":"Ferralith Cave (N: 8826, E: 3132)","size":1,"tier":1},"geometry":{"type":"Point","coordinates":[9397,26479]}},{"type":"Feature","properties":{"name":"Ferralith Cave (N: 8828, E: 3644)","size":1,"tier":1},"geometry":{"type":"Point","coordinates":[10932,26485]}},{"type":"Feature","properties":{"name":"Ferralith Cave (N: 8811, E: 4431)","size":1,"tier":1},"geometry":{"type":"Point","coordinates":[13294,26434]}},{"type":"Feature","properties":{"name":"Ferralith Cave (N: 8821, E: 4492)","size":1,"tier":1},"geometry":{"type":"Point","coordinates":[13479,26464]}},{"type":"Feature","properties":{"name":"Ferralith Cave (N: 8805, E: 2848)","size":1,"tier":1},"geometry":{"type":"Point","coordinates":[8546,26414]}},{"type":"Feature","properties":{"name":"Ferralith Cave (N: 8813, E: 4539)","size":1,"tier":1},"geometry":{"type":"Point","coordinates":[13619,26438]}},{"type":"Feature","properties":{"name":"Large Ferralith Cave (N: 8833, E: 3761)","size":2,"tier":1},"geometry":{"type":"Point","coordinates":[11285,26499]}},{"type":"Feature","properties":{"name":"Large Ferralith Cave (N: 8861, E: 4614)","size":2,"tier":1},"geometry":{"type":"Point","coordinates":[13842,26583]}},{"type":"Feature","properties":{"name":"Large Pyrelite Cave (N: 8854, E: 4918)","size":2,"tier":2},"geometry":{"type":"Point","coordinates":[14755,26562]}},{"type":"Feature","properties":{"name":"Ferralith Cave (N: 8847, E: 4248)","size":1,"tier":1},"geometry":{"type":"Point","coordinates":[12746,26542]}},{"type":"Feature","properties":{"name":"Large Ferralith Cave (N: 8863, E: 2992)","size":2,"tier":1},"geometry":{"type":"Point","coordinates":[8978,26588]}},{"type":"Feature","properties":{"name":"Large Ferralith Cave (N: 8845, E: 3208)","size":2,"tier":1},"geometry":{"type":"Point","coordinates":[9624,26534]}},{"type":"Feature","properties":{"name":"Large Pyrelite Cave (N: 8852, E: 3523)","size":2,"tier":2},"geometry":{"type":"Point","coordinates":[10567,26555]}},{"type":"Feature","properties":{"name":"Ferralith Cave (N: 8856, E: 3837)","size":1,"tier":1},"geometry":{"type":"Point","coordinates":[11509,26567]}},{"type":"Feature","properties":{"name":"Ferralith Cave (N: 8859, E: 4178)","size":1,"tier":1},"geometry":{"type":"Point","coordinates":[12535,26576]}},{"type":"Feature","properties":{"name":"Ferralith Cave (N: 8840, E: 4705)","size":1,"tier":1},"geometry":{"type":"Point","coordinates":[14114,26519]}},{"type":"Feature","properties":{"name":"Large Ferralith Cave (N: 8882, E: 3374)","size":2,"tier":1},"geometry":{"type":"Point","coordinates":[10122,26646]}},{"type":"Feature","properties":{"name":"Large Ferralith Cave (N: 8879, E: 4036)","size":2,"tier":1},"geometry":{"type":"Point","coordinates":[12108,26637]}},{"type":"Feature","properties":{"name":"Ferralith Cave (N: 8888, E: 4314)","size":1,"tier":1},"geometry":{"type":"Point","coordinates":[12943,26664]}},{"type":"Feature","properties":{"name":"Ferralith Cave (N: 8872, E: 3079)","size":1,"tier":1},"geometry":{"type":"Point","coordinates":[9236,26617]}},{"type":"Feature","properties":{"name":"Large Ferralith Cave (N: 8883, E: 2914)","size":2,"tier":1},"geometry":{"type":"Point","coordinates":[8743,26648]}},{"type":"Feature","properties":{"name":"Ferralith Cave (N: 8888, E: 3138)","size":1,"tier":1},"geometry":{"type":"Point","coordinates":[9414,26663]}},{"type":"Feature","properties":{"name":"Large Ferralith Cave (N: 8896, E: 4416)","size":2,"tier":1},"geometry":{"type":"Point","coordinates":[13246,26687]}},{"type":"Feature","properties":{"name":"Ferralith Cave (N: 8874, E: 4743)","size":1,"tier":1},"geometry":{"type":"Point","coordinates":[14228,26621]}},{"type":"Feature","properties":{"name":"Ferralith Cave (N: 8925, E: 3059)","size":1,"tier":1},"geometry":{"type":"Point","coordinates":[9179,26775]}},{"type":"Feature","properties":{"name":"Large Ferralith Cave (N: 8919, E: 3929)","size":2,"tier":1},"geometry":{"type":"Point","coordinates":[11788,26757]}},{"type":"Feature","properties":{"name":"Large Ferralith Cave (N: 8906, E: 4513)","size":2,"tier":1},"geometry":{"type":"Point","coordinates":[13539,26718]}},{"type":"Feature","properties":{"name":"Large Ferralith Cave (N: 8915, E: 3665)","size":2,"tier":1},"geometry":{"type":"Point","coordinates":[10997,26746]}},{"type":"Feature","properties":{"name":"Ferralith Cave (N: 8911, E: 3813)","size":1,"tier":1},"geometry":{"type":"Point","coordinates":[11440,26734]}},{"type":"Feature","properties":{"name":"Ferralith Cave (N: 8903, E: 4267)","size":1,"tier":1},"geometry":{"type":"Point","coordinates":[12804,26710]}},{"type":"Feature","properties":{"name":"Ferralith Cave (N: 8924, E: 4689)","size":1,"tier":1},"geometry":{"type":"Point","coordinates":[14068,26773]}},{"type":"Feature","properties":{"name":"Ferralith Cave (N: 8900, E: 4118)","size":1,"tier":1},"geometry":{"type":"Point","coordinates":[12353,26699]}},{"type":"Feature","properties":{"name":"Ferralith Cave (N: 8944, E: 3128)","size":1,"tier":1},"geometry":{"type":"Point","coordinates":[9385,26832]}},{"type":"Feature","properties":{"name":"Ferralith Cave (N: 8959, E: 4621)","size":1,"tier":1},"geometry":{"type":"Point","coordinates":[13864,26877]}},{"type":"Feature","properties":{"name":"Ferralith Cave (N: 8934, E: 4219)","size":1,"tier":1},"geometry":{"type":"Point","coordinates":[12657,26803]}},{"type":"Feature","properties":{"name":"Ferralith Cave (N: 8941, E: 4312)","size":1,"tier":1},"geometry":{"type":"Point","coordinates":[12938,26824]}},{"type":"Feature","properties":{"name":"Ferralith Cave (N: 8929, E: 3175)","size":1,"tier":1},"geometry":{"type":"Point","coordinates":[9525,26786]}},{"type":"Feature","properties":{"name":"Ferralith Cave (N: 8973, E: 4569)","size":1,"tier":1},"geometry":{"type":"Point","coordinates":[13707,26919]}},{"type":"Feature","properties":{"name":"Large Ferralith Cave (N: 8980, E: 3866)","size":2,"tier":1},"geometry":{"type":"Point","coordinates":[11597,26941]}},{"type":"Feature","properties":{"name":"Ferralith Cave (N: 8962, E: 4162)","size":1,"tier":1},"geometry":{"type":"Point","coordinates":[12487,26887]}},{"type":"Feature","properties":{"name":"Ferralith Cave (N: 8967, E: 4272)","size":1,"tier":1},"geometry":{"type":"Point","coordinates":[12817,26902]}},{"type":"Feature","properties":{"name":"Ferralith Cave (N: 8962, E: 3000)","size":1,"tier":1},"geometry":{"type":"Point","coordinates":[8999,26885]}},{"type":"Feature","properties":{"name":"Ferralith Cave (N: 8988, E: 3358)","size":1,"tier":1},"geometry":{"type":"Point","coordinates":[10074,26963]}},{"type":"Feature","properties":{"name":"Large Ferralith Cave (N: 8992, E: 4492)","size":2,"tier":1},"geometry":{"type":"Point","coordinates":[13474,26975]}},{"type":"Feature","properties":{"name":"Ferralith Cave (N: 8996, E: 4018)","size":1,"tier":1},"geometry":{"type":"Point","coordinates":[12053,26988]}},{"type":"Feature","properties":{"name":"Ferralith Cave (N: 9017, E: 4229)","size":1,"tier":1},"geometry":{"type":"Point","coordinates":[12688,27051]}},{"type":"Feature","properties":{"name":"Large Ferralith Cave (N: 8996, E: 2850)","size":2,"tier":1},"geometry":{"type":"Point","coordinates":[8551,26989]}},{"type":"Feature","properties":{"name":"Large Ferralith Cave (N: 9010, E: 2928)","size":2,"tier":1},"geometry":{"type":"Point","coordinates":[8785,27031]}},{"type":"Feature","properties":{"name":"Large Ferralith Cave (N: 9021, E: 3054)","size":2,"tier":1},"geometry":{"type":"Point","coordinates":[9163,27062]}},{"type":"Feature","properties":{"name":"Ferralith Cave (N: 8997, E: 4088)","size":1,"tier":1},"geometry":{"type":"Point","coordinates":[12264,26990]}},{"type":"Feature","properties":{"name":"Large Ferralith Cave (N: 9017, E: 4397)","size":2,"tier":1},"geometry":{"type":"Point","coordinates":[13191,27050]}},{"type":"Feature","properties":{"name":"Large Pyrelite Cave (N: 9025, E: 3583)","size":2,"tier":2},"geometry":{"type":"Point","coordinates":[10749,27074]}},{"type":"Feature","properties":{"name":"Ferralith Cave (N: 9039, E: 4123)","size":1,"tier":1},"geometry":{"type":"Point","coordinates":[12369,27116]}},{"type":"Feature","properties":{"name":"Ferralith Cave (N: 9039, E: 4308)","size":1,"tier":1},"geometry":{"type":"Point","coordinates":[12925,27116]}},{"type":"Feature","properties":{"name":"Ferralith Cave (N: 9031, E: 4580)","size":1,"tier":1},"geometry":{"type":"Point","coordinates":[13741,27092]}},{"type":"Feature","properties":{"name":"Large Ferralith Cave (N: 9056, E: 3795)","size":2,"tier":1},"geometry":{"type":"Point","coordinates":[11386,27168]}},{"type":"Feature","properties":{"name":"Large Pyrelite Cave (N: 9070, E: 3694)","size":2,"tier":2},"geometry":{"type":"Point","coordinates":[11083,27211]}},{"type":"Feature","properties":{"name":"Ferralith Cave (N: 9057, E: 3348)","size":1,"tier":1},"geometry":{"type":"Point","coordinates":[10045,27170]}},{"type":"Feature","properties":{"name":"Ferralith Cave (N: 9072, E: 4071)","size":1,"tier":1},"geometry":{"type":"Point","coordinates":[12213,27215]}},{"type":"Feature","properties":{"name":"Ferralith Cave (N: 9062, E: 4262)","size":1,"tier":1},"geometry":{"type":"Point","coordinates":[12784,27185]}},{"type":"Feature","properties":{"name":"Large Ferralith Cave (N: 9088, E: 2844)","size":2,"tier":1},"geometry":{"type":"Point","coordinates":[8533,27264]}},{"type":"Feature","properties":{"name":"Large Ferralith Cave (N: 9106, E: 4367)","size":2,"tier":1},"geometry":{"type":"Point","coordinates":[13101,27318]}},{"type":"Feature","properties":{"name":"Large Ferralith Cave (N: 9103, E: 2997)","size":2,"tier":1},"geometry":{"type":"Point","coordinates":[8993,27308]}},{"type":"Feature","properties":{"name":"Large Ferralith Cave (N: 9092, E: 4181)","size":2,"tier":1},"geometry":{"type":"Point","coordinates":[12542,27275]}},{"type":"Feature","properties":{"name":"Ferralith Cave (N: 9105, E: 4456)","size":1,"tier":1},"geometry":{"type":"Point","coordinates":[13369,27314]}},{"type":"Feature","properties":{"name":"Large Pyrelite Cave (N: 9146, E: 3910)","size":2,"tier":2},"geometry":{"type":"Point","coordinates":[11729,27438]}},{"type":"Feature","properties":{"name":"Large Luminite Cave (N: 9143, E: 4818)","size":2,"tier":5},"geometry":{"type":"Point","coordinates":[14456,27429]}},{"type":"Feature","properties":{"name":"Large Ferralith Cave (N: 9137, E: 2912)","size":2,"tier":1},"geometry":{"type":"Point","coordinates":[8737,27412]}},{"type":"Feature","properties":{"name":"Large Pyrelite Cave (N: 9149, E: 3467)","size":2,"tier":2},"geometry":{"type":"Point","coordinates":[10402,27446]}},{"type":"Feature","properties":{"name":"Large Pyrelite Cave (N: 9130, E: 3580)","size":2,"tier":2},"geometry":{"type":"Point","coordinates":[10739,27389]}},{"type":"Feature","properties":{"name":"Large Ferralith Cave (N: 9128, E: 4546)","size":2,"tier":1},"geometry":{"type":"Point","coordinates":[13637,27383]}},{"type":"Feature","properties":{"name":"Large Ferralith Cave (N: 9166, E: 3800)","size":2,"tier":1},"geometry":{"type":"Point","coordinates":[11401,27498]}},{"type":"Feature","properties":{"name":"Large Pyrelite Cave (N: 9175, E: 4069)","size":2,"tier":2},"geometry":{"type":"Point","coordinates":[12207,27524]}},{"type":"Feature","properties":{"name":"Large Ferralith Cave (N: 9172, E: 4233)","size":2,"tier":1},"geometry":{"type":"Point","coordinates":[12697,27515]}},{"type":"Feature","properties":{"name":"Ferralith Cave (N: 9198, E: 2856)","size":1,"tier":1},"geometry":{"type":"Point","coordinates":[8567,27595]}},{"type":"Feature","properties":{"name":"Ferralith Cave (N: 9193, E: 4378)","size":1,"tier":1},"geometry":{"type":"Point","coordinates":[13136,27580]}},{"type":"Feature","properties":{"name":"Large Ferralith Cave (N: 9189, E: 2973)","size":2,"tier":1},"geometry":{"type":"Point","coordinates":[8921,27566]}},{"type":"Feature","properties":{"name":"Large Emarium Cave (N: 9203, E: 3354)","size":2,"tier":3},"geometry":{"type":"Point","coordinates":[10062,27608]}},{"type":"Feature","properties":{"name":"Large Ferralith Cave (N: 9216, E: 2765)","size":2,"tier":1},"geometry":{"type":"Point","coordinates":[8294,27649]}},{"type":"Feature","properties":{"name":"Large Emarium Cave (N: 9216, E: 3233)","size":2,"tier":3},"geometry":{"type":"Point","coordinates":[9698,27649]}},{"type":"Feature","properties":{"name":"Large Pyrelite Cave (N: 9235, E: 3529)","size":2,"tier":2},"geometry":{"type":"Point","coordinates":[10588,27704]}},{"type":"Feature","properties":{"name":"Ferralith Cave (N: 9268, E: 2839)","size":1,"tier":1},"geometry":{"type":"Point","coordinates":[8516,27803]}},{"type":"Feature","properties":{"name":"Large Emarium Cave (N: 9255, E: 3119)","size":2,"tier":3},"geometry":{"type":"Point","coordinates":[9358,27764]}},{"type":"Feature","properties":{"name":"Large Pyrelite Cave (N: 9271, E: 3680)","size":2,"tier":2},"geometry":{"type":"Point","coordinates":[11040,27812]}},{"type":"Feature","properties":{"name":"Large Pyrelite Cave (N: 9267, E: 3835)","size":2,"tier":2},"geometry":{"type":"Point","coordinates":[11507,27800]}},{"type":"Feature","properties":{"name":"Large Pyrelite Cave (N: 9310, E: 4179)","size":2,"tier":2},"geometry":{"type":"Point","coordinates":[12537,27931]}},{"type":"Feature","properties":{"name":"Ferralith Cave (N: 9296, E: 2720)","size":1,"tier":1},"geometry":{"type":"Point","coordinates":[8159,27887]}},{"type":"Feature","properties":{"name":"Large Pyrelite Cave (N: 9302, E: 2967)","size":2,"tier":2},"geometry":{"type":"Point","coordinates":[8899,27905]}},{"type":"Feature","properties":{"name":"Large Emarium Cave (N: 9328, E: 3358)","size":2,"tier":3},"geometry":{"type":"Point","coordinates":[10073,27984]}},{"type":"Feature","properties":{"name":"Large Ferralith Cave (N: 9334, E: 2784)","size":2,"tier":1},"geometry":{"type":"Point","coordinates":[8353,28003]}},{"type":"Feature","properties":{"name":"Large Pyrelite Cave (N: 9347, E: 3046)","size":2,"tier":2},"geometry":{"type":"Point","coordinates":[9140,28041]}},{"type":"Feature","properties":{"name":"Large Ferralith Cave (N: 9356, E: 2866)","size":2,"tier":1},"geometry":{"type":"Point","coordinates":[8597,28069]}},{"type":"Feature","properties":{"name":"Large Emarium Cave (N: 9357, E: 3754)","size":2,"tier":3},"geometry":{"type":"Point","coordinates":[11264,28070]}},{"type":"Feature","properties":{"name":"Large Emarium Cave (N: 9361, E: 4084)","size":2,"tier":3},"geometry":{"type":"Point","coordinates":[12253,28082]}},{"type":"Feature","properties":{"name":"Large Emarium Cave (N: 9360, E: 4273)","size":2,"tier":3},"geometry":{"type":"Point","coordinates":[12817,28079]}},{"type":"Feature","properties":{"name":"Ferralith Cave (N: 9421, E: 2811)","size":1,"tier":1},"geometry":{"type":"Point","coordinates":[8435,28263]}},{"type":"Feature","properties":{"name":"Large Emarium Cave (N: 9426, E: 3212)","size":2,"tier":3},"geometry":{"type":"Point","coordinates":[9637,28278]}},{"type":"Feature","properties":{"name":"Large Emarium Cave (N: 9421, E: 4633)","size":2,"tier":3},"geometry":{"type":"Point","coordinates":[13900,28263]}},{"type":"Feature","properties":{"name":"Large Rathium Cave (N: 9436, E: 3558)","size":2,"tier":6},"geometry":{"type":"Point","coordinates":[10673,28309]}},{"type":"Feature","properties":{"name":"Large Emarium Cave (N: 9434, E: 3841)","size":2,"tier":3},"geometry":{"type":"Point","coordinates":[11523,28303]}},{"type":"Feature","properties":{"name":"Large Pyrelite Cave (N: 9412, E: 3990)","size":2,"tier":2},"geometry":{"type":"Point","coordinates":[11970,28237]}},{"type":"Feature","properties":{"name":"Large Emarium Cave (N: 9468, E: 2932)","size":2,"tier":3},"geometry":{"type":"Point","coordinates":[8796,28404]}},{"type":"Feature","properties":{"name":"Large Emarium Cave (N: 9452, E: 4747)","size":2,"tier":3},"geometry":{"type":"Point","coordinates":[14242,28357]}},{"type":"Feature","properties":{"name":"Large Pyrelite Cave (N: 9451, E: 3094)","size":2,"tier":2},"geometry":{"type":"Point","coordinates":[9284,28352]}},{"type":"Feature","properties":{"name":"Large Emarium Cave (N: 9442, E: 4185)","size":2,"tier":3},"geometry":{"type":"Point","coordinates":[12555,28325]}},{"type":"Feature","properties":{"name":"Large Rathium Cave (N: 9491, E: 4461)","size":2,"tier":6},"geometry":{"type":"Point","coordinates":[13383,28473]}},{"type":"Feature","properties":{"name":"Large Emarium Cave (N: 9493, E: 3310)","size":2,"tier":3},"geometry":{"type":"Point","coordinates":[9931,28480]}},{"type":"Feature","properties":{"name":"Large Emarium Cave (N: 9497, E: 3743)","size":2,"tier":3},"geometry":{"type":"Point","coordinates":[11230,28492]}},{"type":"Feature","properties":{"name":"Large Emarium Cave (N: 9484, E: 4083)","size":2,"tier":3},"geometry":{"type":"Point","coordinates":[12247,28451]}},{"type":"Feature","properties":{"name":"Large Emarium Cave (N: 9515, E: 3919)","size":2,"tier":3},"geometry":{"type":"Point","coordinates":[11759,28545]}},{"type":"Feature","properties":{"name":"Large Pyrelite Cave (N: 9523, E: 2838)","size":2,"tier":2},"geometry":{"type":"Point","coordinates":[8515,28570]}},{"type":"Feature","properties":{"name":"Large Emarium Cave (N: 9536, E: 2710)","size":2,"tier":3},"geometry":{"type":"Point","coordinates":[8130,28608]}},{"type":"Feature","properties":{"name":"Large Emarium Cave (N: 9543, E: 4285)","size":2,"tier":3},"geometry":{"type":"Point","coordinates":[12857,28629]}},{"type":"Feature","properties":{"name":"Large Emarium Cave (N: 9546, E: 3209)","size":2,"tier":3},"geometry":{"type":"Point","coordinates":[9628,28639]}},{"type":"Feature","properties":{"name":"Large Pyrelite Cave (N: 9592, E: 3101)","size":2,"tier":2},"geometry":{"type":"Point","coordinates":[9302,28776]}},{"type":"Feature","properties":{"name":"Large Pyrelite Cave (N: 9598, E: 3430)","size":2,"tier":2},"geometry":{"type":"Point","coordinates":[10290,28794]}},{"type":"Feature","properties":{"name":"Large Emarium Cave (N: 9574, E: 4172)","size":2,"tier":3},"geometry":{"type":"Point","coordinates":[12515,28723]}},{"type":"Feature","properties":{"name":"Large Pyrelite Cave (N: 9615, E: 3678)","size":2,"tier":2},"geometry":{"type":"Point","coordinates":[11034,28845]}},{"type":"Feature","properties":{"name":"Large Pyrelite Cave (N: 9625, E: 3809)","size":2,"tier":2},"geometry":{"type":"Point","coordinates":[11429,28875]}},{"type":"Feature","properties":{"name":"Large Emarium Cave (N: 9607, E: 4019)","size":2,"tier":3},"geometry":{"type":"Point","coordinates":[12057,28821]}},{"type":"Feature","properties":{"name":"Large Pyrelite Cave (N: 9618, E: 3303)","size":2,"tier":2},"geometry":{"type":"Point","coordinates":[9910,28855]}},{"type":"Feature","properties":{"name":"Large Pyrelite Cave (N: 9654, E: 2685)","size":2,"tier":2},"geometry":{"type":"Point","coordinates":[8054,28962]}},{"type":"Feature","properties":{"name":"Large Ferralith Cave (N: 9657, E: 3529)","size":2,"tier":1},"geometry":{"type":"Point","coordinates":[10589,28971]}},{"type":"Feature","properties":{"name":"Large Pyrelite Cave (N: 9653, E: 3899)","size":2,"tier":2},"geometry":{"type":"Point","coordinates":[11697,28959]}},{"type":"Feature","properties":{"name":"Large Emarium Cave (N: 9644, E: 2797)","size":2,"tier":3},"geometry":{"type":"Point","coordinates":[8392,28933]}},{"type":"Feature","properties":{"name":"Large Emarium Cave (N: 9643, E: 2955)","size":2,"tier":3},"geometry":{"type":"Point","coordinates":[8866,28930]}},{"type":"Feature","properties":{"name":"Large Rathium Cave (N: 9655, E: 4742)","size":2,"tier":6},"geometry":{"type":"Point","coordinates":[14227,28964]}},{"type":"Feature","properties":{"name":"Large Ferralith Cave (N: 9679, E: 4268)","size":2,"tier":1},"geometry":{"type":"Point","coordinates":[12805,29037]}},{"type":"Feature","properties":{"name":"Large Pyrelite Cave (N: 9693, E: 3739)","size":2,"tier":2},"geometry":{"type":"Point","coordinates":[11219,29080]}},{"type":"Feature","properties":{"name":"Large Pyrelite Cave (N: 9694, E: 4473)","size":2,"tier":2},"geometry":{"type":"Point","coordinates":[13417,29081]}},{"type":"Feature","properties":{"name":"Large Pyrelite Cave (N: 9715, E: 4352)","size":2,"tier":2},"geometry":{"type":"Point","coordinates":[13056,29145]}},{"type":"Feature","properties":{"name":"Large Pyrelite Cave (N: 9703, E: 3115)","size":2,"tier":2},"geometry":{"type":"Point","coordinates":[9346,29110]}},{"type":"Feature","properties":{"name":"Large Ferralith Cave (N: 9721, E: 3379)","size":2,"tier":1},"geometry":{"type":"Point","coordinates":[10137,29162]}},{"type":"Feature","properties":{"name":"Large Pyrelite Cave (N: 9702, E: 4175)","size":2,"tier":2},"geometry":{"type":"Point","coordinates":[12524,29105]}},{"type":"Feature","properties":{"name":"Large Emarium Cave (N: 9754, E: 3209)","size":2,"tier":3},"geometry":{"type":"Point","coordinates":[9628,29263]}},{"type":"Feature","properties":{"name":"Large Pyrelite Cave (N: 9729, E: 3979)","size":2,"tier":2},"geometry":{"type":"Point","coordinates":[11939,29188]}},{"type":"Feature","properties":{"name":"Large Ferralith Cave (N: 9754, E: 4095)","size":2,"tier":1},"geometry":{"type":"Point","coordinates":[12283,29261]}},{"type":"Feature","properties":{"name":"Large Emarium Cave (N: 9765, E: 3600)","size":2,"tier":3},"geometry":{"type":"Point","coordinates":[10801,29294]}},{"type":"Feature","properties":{"name":"Large Emarium Cave (N: 9821, E: 4215)","size":2,"tier":3},"geometry":{"type":"Point","coordinates":[12647,29463]}},{"type":"Feature","properties":{"name":"Large Pyrelite Cave (N: 9800, E: 4515)","size":2,"tier":2},"geometry":{"type":"Point","coordinates":[13545,29400]}},{"type":"Feature","properties":{"name":"Large Ferralith Cave (N: 9816, E: 3299)","size":2,"tier":1},"geometry":{"type":"Point","coordinates":[9896,29449]}},{"type":"Feature","properties":{"name":"Large Emarium Cave (N: 9814, E: 3497)","size":2,"tier":3},"geometry":{"type":"Point","coordinates":[10491,29443]}},{"type":"Feature","properties":{"name":"Large Emarium Cave (N: 9839, E: 3837)","size":2,"tier":3},"geometry":{"type":"Point","coordinates":[11511,29517]}},{"type":"Feature","properties":{"name":"Large Pyrelite Cave (N: 9839, E: 4001)","size":2,"tier":2},"geometry":{"type":"Point","coordinates":[12003,29517]}},{"type":"Feature","properties":{"name":"Large Emarium Cave (N: 9843, E: 3708)","size":2,"tier":3},"geometry":{"type":"Point","coordinates":[11125,29528]}},{"type":"Feature","properties":{"name":"Large Pyrelite Cave (N: 9828, E: 4616)","size":2,"tier":2},"geometry":{"type":"Point","coordinates":[13846,29483]}},{"type":"Feature","properties":{"name":"Large Emarium Cave (N: 9883, E: 3608)","size":2,"tier":3},"geometry":{"type":"Point","coordinates":[10826,29650]}},{"type":"Feature","properties":{"name":"Large Pyrelite Cave (N: 9888, E: 4078)","size":2,"tier":2},"geometry":{"type":"Point","coordinates":[12233,29663]}},{"type":"Feature","properties":{"name":"Large Emarium Cave (N: 9869, E: 4388)","size":2,"tier":3},"geometry":{"type":"Point","coordinates":[13164,29606]}},{"type":"Feature","properties":{"name":"Large Emarium Cave (N: 9907, E: 3385)","size":2,"tier":3},"geometry":{"type":"Point","coordinates":[10157,29722]}},{"type":"Feature","properties":{"name":"Large Pyrelite Cave (N: 9915, E: 3927)","size":2,"tier":2},"geometry":{"type":"Point","coordinates":[11781,29744]}},{"type":"Feature","properties":{"name":"Large Emarium Cave (N: 9932, E: 3102)","size":2,"tier":3},"geometry":{"type":"Point","coordinates":[9305,29796]}},{"type":"Feature","properties":{"name":"Large Pyrelite Cave (N: 9921, E: 3262)","size":2,"tier":2},"geometry":{"type":"Point","coordinates":[9788,29764]}},{"type":"Feature","properties":{"name":"Large Pyrelite Cave (N: 9944, E: 4181)","size":2,"tier":2},"geometry":{"type":"Point","coordinates":[12543,29831]}},{"type":"Feature","properties":{"name":"Large Emarium Cave (N: 9928, E: 4530)","size":2,"tier":3},"geometry":{"type":"Point","coordinates":[13589,29783]}},{"type":"Feature","properties":{"name":"Large Emarium Cave (N: 9984, E: 2990)","size":2,"tier":3},"geometry":{"type":"Point","coordinates":[8970,29951]}},{"type":"Feature","properties":{"name":"Large Pyrelite Cave (N: 10008, E: 3463)","size":2,"tier":2},"geometry":{"type":"Point","coordinates":[10389,30024]}},{"type":"Feature","properties":{"name":"Large Emarium Cave (N: 10007, E: 4053)","size":2,"tier":3},"geometry":{"type":"Point","coordinates":[12159,30021]}},{"type":"Feature","properties":{"name":"Large Emarium Cave (N: 9997, E: 3750)","size":2,"tier":3},"geometry":{"type":"Point","coordinates":[11251,29990]}},{"type":"Feature","properties":{"name":"Large Pyrelite Cave (N: 10000, E: 4299)","size":2,"tier":2},"geometry":{"type":"Point","coordinates":[12896,29999]}},{"type":"Feature","properties":{"name":"Large Pyrelite Cave (N: 10016, E: 3203)","size":2,"tier":2},"geometry":{"type":"Point","coordinates":[9610,30049]}},{"type":"Feature","properties":{"name":"Large Emarium Cave (N: 10030, E: 3337)","size":2,"tier":3},"geometry":{"type":"Point","coordinates":[10011,30089]}},{"type":"Feature","properties":{"name":"Large Pyrelite Cave (N: 10073, E: 3120)","size":2,"tier":2},"geometry":{"type":"Point","coordinates":[9362,30220]}},{"type":"Feature","properties":{"name":"Large Rathium Cave (N: 10062, E: 4666)","size":2,"tier":6},"geometry":{"type":"Point","coordinates":[13997,30187]}},{"type":"Feature","properties":{"name":"Large Emarium Cave (N: 10065, E: 4196)","size":2,"tier":3},"geometry":{"type":"Point","coordinates":[12590,30194]}},{"type":"Feature","properties":{"name":"Large Ferralith Cave (N: 8759, E: 3071)","size":2,"tier":1},"geometry":{"type":"Point","coordinates":[9214,26277]}},{"type":"Feature","properties":{"name":"Large Ferralith Cave (N: 8747, E: 3844)","size":2,"tier":1},"geometry":{"type":"Point","coordinates":[11533,26241]}},{"type":"Feature","properties":{"name":"Large Ferralith Cave (N: 8920, E: 4168)","size":2,"tier":1},"geometry":{"type":"Point","coordinates":[12504,26760]}},{"type":"Feature","properties":{"name":"Large Ferralith Cave (N: 7943, E: 7126)","size":2,"tier":1},"geometry":{"type":"Point","coordinates":[21380,23830]}},{"type":"Feature","properties":{"name":"Large Elenvar Cave (N: 7966, E: 5438)","size":2,"tier":4},"geometry":{"type":"Point","coordinates":[16314,23897]}},{"type":"Feature","properties":{"name":"Large Luminite Cave (N: 7992, E: 5829)","size":2,"tier":5},"geometry":{"type":"Point","coordinates":[17488,23976]}},{"type":"Feature","properties":{"name":"Ferralith Cave (N: 7977, E: 6503)","size":1,"tier":1},"geometry":{"type":"Point","coordinates":[19509,23931]}},{"type":"Feature","properties":{"name":"Ferralith Cave (N: 7977, E: 6564)","size":1,"tier":1},"geometry":{"type":"Point","coordinates":[19694,23931]}},{"type":"Feature","properties":{"name":"Large Elenvar Cave (N: 7979, E: 5293)","size":2,"tier":4},"geometry":{"type":"Point","coordinates":[15880,23938]}},{"type":"Feature","properties":{"name":"Ferralith Cave (N: 7985, E: 7195)","size":1,"tier":1},"geometry":{"type":"Point","coordinates":[21585,23954]}},{"type":"Feature","properties":{"name":"Large Luminite Cave (N: 8027, E: 5994)","size":2,"tier":5},"geometry":{"type":"Point","coordinates":[17983,24082]}},{"type":"Feature","properties":{"name":"Ferralith Cave (N: 8010, E: 6241)","size":1,"tier":1},"geometry":{"type":"Point","coordinates":[18724,24031]}},{"type":"Feature","properties":{"name":"Large Ferralith Cave (N: 8025, E: 6365)","size":2,"tier":1},"geometry":{"type":"Point","coordinates":[19096,24076]}},{"type":"Feature","properties":{"name":"Large Ferralith Cave (N: 8029, E: 7108)","size":2,"tier":1},"geometry":{"type":"Point","coordinates":[21325,24086]}},{"type":"Feature","properties":{"name":"Ferralith Cave (N: 8046, E: 6192)","size":1,"tier":1},"geometry":{"type":"Point","coordinates":[18575,24138]}},{"type":"Feature","properties":{"name":"Large Ferralith Cave (N: 8040, E: 7268)","size":2,"tier":1},"geometry":{"type":"Point","coordinates":[21803,24120]}},{"type":"Feature","properties":{"name":"Ferralith Cave (N: 8034, E: 6536)","size":1,"tier":1},"geometry":{"type":"Point","coordinates":[19607,24103]}},{"type":"Feature","properties":{"name":"Ferralith Cave (N: 8063, E: 6266)","size":1,"tier":1},"geometry":{"type":"Point","coordinates":[18799,24188]}},{"type":"Feature","properties":{"name":"Large Ferralith Cave (N: 8039, E: 6445)","size":2,"tier":1},"geometry":{"type":"Point","coordinates":[19335,24116]}},{"type":"Feature","properties":{"name":"Ferralith Cave (N: 8085, E: 6224)","size":1,"tier":1},"geometry":{"type":"Point","coordinates":[18672,24255]}},{"type":"Feature","properties":{"name":"Ferralith Cave (N: 8080, E: 6588)","size":1,"tier":1},"geometry":{"type":"Point","coordinates":[19762,24239]}},{"type":"Feature","properties":{"name":"Large Ferralith Cave (N: 8095, E: 7175)","size":2,"tier":1},"geometry":{"type":"Point","coordinates":[21525,24284]}},{"type":"Feature","properties":{"name":"Large Luminite Cave (N: 8098, E: 5553)","size":2,"tier":5},"geometry":{"type":"Point","coordinates":[16658,24294]}},{"type":"Feature","properties":{"name":"Ferralith Cave (N: 8117, E: 6145)","size":1,"tier":1},"geometry":{"type":"Point","coordinates":[18436,24351]}},{"type":"Feature","properties":{"name":"Ferralith Cave (N: 8112, E: 6327)","size":1,"tier":1},"geometry":{"type":"Point","coordinates":[18981,24336]}},{"type":"Feature","properties":{"name":"Ferralith Cave (N: 8119, E: 6702)","size":1,"tier":1},"geometry":{"type":"Point","coordinates":[20108,24357]}},{"type":"Feature","properties":{"name":"Ferralith Cave (N: 8098, E: 6529)","size":1,"tier":1},"geometry":{"type":"Point","coordinates":[19587,24295]}},{"type":"Feature","properties":{"name":"Ferralith Cave (N: 8113, E: 6631)","size":1,"tier":1},"geometry":{"type":"Point","coordinates":[19895,24340]}},{"type":"Feature","properties":{"name":"Large Ferralith Cave (N: 8143, E: 6418)","size":2,"tier":1},"geometry":{"type":"Point","coordinates":[19256,24429]}},{"type":"Feature","properties":{"name":"Ferralith Cave (N: 8154, E: 6517)","size":1,"tier":1},"geometry":{"type":"Point","coordinates":[19550,24462]}},{"type":"Feature","properties":{"name":"Ferralith Cave (N: 8132, E: 7312)","size":1,"tier":1},"geometry":{"type":"Point","coordinates":[21936,24396]}},{"type":"Feature","properties":{"name":"Ferralith Cave (N: 8150, E: 7235)","size":1,"tier":1},"geometry":{"type":"Point","coordinates":[21704,24450]}},{"type":"Feature","properties":{"name":"Ferralith Cave (N: 8140, E: 6592)","size":1,"tier":1},"geometry":{"type":"Point","coordinates":[19777,24421]}},{"type":"Feature","properties":{"name":"Ferralith Cave (N: 8155, E: 6740)","size":1,"tier":1},"geometry":{"type":"Point","coordinates":[20221,24466]}},{"type":"Feature","properties":{"name":"Large Ferralith Cave (N: 8131, E: 7094)","size":2,"tier":1},"geometry":{"type":"Point","coordinates":[21284,24394]}},{"type":"Feature","properties":{"name":"Large Luminite Cave (N: 8136, E: 5718)","size":2,"tier":5},"geometry":{"type":"Point","coordinates":[17152,24407]}},{"type":"Feature","properties":{"name":"Ferralith Cave (N: 8139, E: 6270)","size":1,"tier":1},"geometry":{"type":"Point","coordinates":[18812,24416]}},{"type":"Feature","properties":{"name":"Ferralith Cave (N: 8138, E: 6785)","size":1,"tier":1},"geometry":{"type":"Point","coordinates":[20354,24413]}},{"type":"Feature","properties":{"name":"Ferralith Cave (N: 8177, E: 6233)","size":1,"tier":1},"geometry":{"type":"Point","coordinates":[18699,24531]}},{"type":"Feature","properties":{"name":"Ferralith Cave (N: 8163, E: 6330)","size":1,"tier":1},"geometry":{"type":"Point","coordinates":[18991,24489]}},{"type":"Feature","properties":{"name":"Ferralith Cave (N: 8190, E: 6562)","size":1,"tier":1},"geometry":{"type":"Point","coordinates":[19685,24570]}},{"type":"Feature","properties":{"name":"Large Luminite Cave (N: 8188, E: 5411)","size":2,"tier":5},"geometry":{"type":"Point","coordinates":[16234,24565]}},{"type":"Feature","properties":{"name":"Ferralith Cave (N: 8162, E: 6848)","size":1,"tier":1},"geometry":{"type":"Point","coordinates":[20543,24487]}},{"type":"Feature","properties":{"name":"Ferralith Cave (N: 8167, E: 6933)","size":1,"tier":1},"geometry":{"type":"Point","coordinates":[20802,24502]}},{"type":"Feature","properties":{"name":"Ferralith Cave (N: 8189, E: 6892)","size":1,"tier":1},"geometry":{"type":"Point","coordinates":[20679,24568]}},{"type":"Feature","properties":{"name":"Large Pyrelite Cave (N: 8178, E: 5873)","size":2,"tier":2},"geometry":{"type":"Point","coordinates":[17618,24533]}},{"type":"Feature","properties":{"name":"Large Ferralith Cave (N: 8189, E: 7158)","size":2,"tier":1},"geometry":{"type":"Point","coordinates":[21475,24566]}},{"type":"Feature","properties":{"name":"Ferralith Cave (N: 8182, E: 7272)","size":1,"tier":1},"geometry":{"type":"Point","coordinates":[21814,24545]}},{"type":"Feature","properties":{"name":"Ferralith Cave (N: 8220, E: 6308)","size":1,"tier":1},"geometry":{"type":"Point","coordinates":[18924,24660]}},{"type":"Feature","properties":{"name":"Ferralith Cave (N: 8218, E: 6505)","size":1,"tier":1},"geometry":{"type":"Point","coordinates":[19515,24654]}},{"type":"Feature","properties":{"name":"Large Ferralith Cave (N: 8215, E: 6659)","size":2,"tier":1},"geometry":{"type":"Point","coordinates":[19977,24645]}},{"type":"Feature","properties":{"name":"Ferralith Cave (N: 8219, E: 7313)","size":1,"tier":1},"geometry":{"type":"Point","coordinates":[21942,24658]}},{"type":"Feature","properties":{"name":"Large Ferralith Cave (N: 8205, E: 7403)","size":2,"tier":1},"geometry":{"type":"Point","coordinates":[22211,24616]}},{"type":"Feature","properties":{"name":"Ferralith Cave (N: 8200, E: 6363)","size":1,"tier":1},"geometry":{"type":"Point","coordinates":[19089,24599]}},{"type":"Feature","properties":{"name":"Ferralith Cave (N: 8253, E: 6261)","size":1,"tier":1},"geometry":{"type":"Point","coordinates":[18785,24759]}},{"type":"Feature","properties":{"name":"Ferralith Cave (N: 8236, E: 7270)","size":1,"tier":1},"geometry":{"type":"Point","coordinates":[21809,24708]}},{"type":"Feature","properties":{"name":"Ferralith Cave (N: 8238, E: 6941)","size":1,"tier":1},"geometry":{"type":"Point","coordinates":[20823,24715]}},{"type":"Feature","properties":{"name":"Ferralith Cave (N: 8242, E: 6588)","size":1,"tier":1},"geometry":{"type":"Point","coordinates":[19762,24725]}},{"type":"Feature","properties":{"name":"Ferralith Cave (N: 8235, E: 6782)","size":1,"tier":1},"geometry":{"type":"Point","coordinates":[20348,24704]}},{"type":"Feature","properties":{"name":"Ferralith Cave (N: 8225, E: 6836)","size":1,"tier":1},"geometry":{"type":"Point","coordinates":[20508,24674]}},{"type":"Feature","properties":{"name":"Ferralith Cave (N: 8227, E: 7223)","size":1,"tier":1},"geometry":{"type":"Point","coordinates":[21671,24680]}},{"type":"Feature","properties":{"name":"Large Ferralith Cave (N: 8284, E: 6718)","size":2,"tier":1},"geometry":{"type":"Point","coordinates":[20153,24852]}},{"type":"Feature","properties":{"name":"Ferralith Cave (N: 8268, E: 6899)","size":1,"tier":1},"geometry":{"type":"Point","coordinates":[20697,24804]}},{"type":"Feature","properties":{"name":"Large Elenvar Cave (N: 8256, E: 5987)","size":2,"tier":4},"geometry":{"type":"Point","coordinates":[17960,24769]}},{"type":"Feature","properties":{"name":"Ferralith Cave (N: 8272, E: 6979)","size":1,"tier":1},"geometry":{"type":"Point","coordinates":[20937,24817]}},{"type":"Feature","properties":{"name":"Large Ferralith Cave (N: 8284, E: 6367)","size":2,"tier":1},"geometry":{"type":"Point","coordinates":[19101,24851]}},{"type":"Feature","properties":{"name":"Large Ferralith Cave (N: 8288, E: 7121)","size":2,"tier":1},"geometry":{"type":"Point","coordinates":[21361,24863]}},{"type":"Feature","properties":{"name":"Large Ferralith Cave (N: 8291, E: 7435)","size":2,"tier":1},"geometry":{"type":"Point","coordinates":[22307,24873]}},{"type":"Feature","properties":{"name":"Large Luminite Cave (N: 8298, E: 5624)","size":2,"tier":5},"geometry":{"type":"Point","coordinates":[16873,24895]}},{"type":"Feature","properties":{"name":"Ferralith Cave (N: 8288, E: 6220)","size":1,"tier":1},"geometry":{"type":"Point","coordinates":[18660,24865]}},{"type":"Feature","properties":{"name":"Large Ferralith Cave (N: 8289, E: 6448)","size":2,"tier":1},"geometry":{"type":"Point","coordinates":[19345,24868]}},{"type":"Feature","properties":{"name":"Ferralith Cave (N: 8290, E: 6560)","size":1,"tier":1},"geometry":{"type":"Point","coordinates":[19681,24871]}},{"type":"Feature","properties":{"name":"Ferralith Cave (N: 8300, E: 6845)","size":1,"tier":1},"geometry":{"type":"Point","coordinates":[20534,24901]}},{"type":"Feature","properties":{"name":"Large Pyrelite Cave (N: 8305, E: 5855)","size":2,"tier":2},"geometry":{"type":"Point","coordinates":[17567,24914]}},{"type":"Feature","properties":{"name":"Ferralith Cave (N: 8294, E: 7301)","size":1,"tier":1},"geometry":{"type":"Point","coordinates":[21901,24881]}},{"type":"Feature","properties":{"name":"Ferralith Cave (N: 8313, E: 7362)","size":1,"tier":1},"geometry":{"type":"Point","coordinates":[22088,24938]}},{"type":"Feature","properties":{"name":"Large Ferralith Cave (N: 8341, E: 6779)","size":2,"tier":1},"geometry":{"type":"Point","coordinates":[20338,25023]}},{"type":"Feature","properties":{"name":"Large Ferralith Cave (N: 8348, E: 7492)","size":2,"tier":1},"geometry":{"type":"Point","coordinates":[22476,25045]}},{"type":"Feature","properties":{"name":"Ferralith Cave (N: 8334, E: 6289)","size":1,"tier":1},"geometry":{"type":"Point","coordinates":[18865,25001]}},{"type":"Feature","properties":{"name":"Large Ferralith Cave (N: 8342, E: 6648)","size":2,"tier":1},"geometry":{"type":"Point","coordinates":[19942,25025]}},{"type":"Feature","properties":{"name":"Large Ferralith Cave (N: 8327, E: 7035)","size":2,"tier":1},"geometry":{"type":"Point","coordinates":[21107,24980]}},{"type":"Feature","properties":{"name":"Large Pyrelite Cave (N: 8340, E: 7223)","size":2,"tier":2},"geometry":{"type":"Point","coordinates":[21667,25019]}},{"type":"Feature","properties":{"name":"Large Elenvar Cave (N: 8360, E: 5483)","size":2,"tier":4},"geometry":{"type":"Point","coordinates":[16448,25080]}},{"type":"Feature","properties":{"name":"Ferralith Cave (N: 8369, E: 6575)","size":1,"tier":1},"geometry":{"type":"Point","coordinates":[19727,25107]}},{"type":"Feature","properties":{"name":"Large Pyrelite Cave (N: 8375, E: 5267)","size":2,"tier":2},"geometry":{"type":"Point","coordinates":[15804,25126]}},{"type":"Feature","properties":{"name":"Ferralith Cave (N: 8378, E: 6357)","size":1,"tier":1},"geometry":{"type":"Point","coordinates":[19069,25133]}},{"type":"Feature","properties":{"name":"Ferralith Cave (N: 8358, E: 6530)","size":1,"tier":1},"geometry":{"type":"Point","coordinates":[19590,25073]}},{"type":"Feature","properties":{"name":"Large Ferralith Cave (N: 8365, E: 6898)","size":2,"tier":1},"geometry":{"type":"Point","coordinates":[20695,25094]}},{"type":"Feature","properties":{"name":"Large Ferralith Cave (N: 8394, E: 6068)","size":2,"tier":1},"geometry":{"type":"Point","coordinates":[18205,25182]}},{"type":"Feature","properties":{"name":"Large Ferralith Cave (N: 8396, E: 6196)","size":2,"tier":1},"geometry":{"type":"Point","coordinates":[18588,25188]}},{"type":"Feature","properties":{"name":"Large Ferralith Cave (N: 8398, E: 7338)","size":2,"tier":1},"geometry":{"type":"Point","coordinates":[22013,25194]}},{"type":"Feature","properties":{"name":"Ferralith Cave (N: 8402, E: 6833)","size":1,"tier":1},"geometry":{"type":"Point","coordinates":[20498,25207]}},{"type":"Feature","properties":{"name":"Ferralith Cave (N: 8402, E: 7130)","size":1,"tier":1},"geometry":{"type":"Point","coordinates":[21391,25207]}},{"type":"Feature","properties":{"name":"Large Pyrelite Cave (N: 8397, E: 5751)","size":2,"tier":2},"geometry":{"type":"Point","coordinates":[17255,25190]}},{"type":"Feature","properties":{"name":"Large Ferralith Cave (N: 8386, E: 7424)","size":2,"tier":1},"geometry":{"type":"Point","coordinates":[22270,25157]}},{"type":"Feature","properties":{"name":"Ferralith Cave (N: 8432, E: 6354)","size":1,"tier":1},"geometry":{"type":"Point","coordinates":[19062,25296]}},{"type":"Feature","properties":{"name":"Large Ferralith Cave (N: 8439, E: 7008)","size":2,"tier":1},"geometry":{"type":"Point","coordinates":[21025,25317]}},{"type":"Feature","properties":{"name":"Ferralith Cave (N: 8428, E: 6524)","size":1,"tier":1},"geometry":{"type":"Point","coordinates":[19572,25285]}},{"type":"Feature","properties":{"name":"Large Pyrelite Cave (N: 8435, E: 5361)","size":2,"tier":2},"geometry":{"type":"Point","coordinates":[16083,25304]}},{"type":"Feature","properties":{"name":"Large Ferralith Cave (N: 8445, E: 7261)","size":2,"tier":1},"geometry":{"type":"Point","coordinates":[21784,25334]}},{"type":"Feature","properties":{"name":"Large Ferralith Cave (N: 8433, E: 7486)","size":2,"tier":1},"geometry":{"type":"Point","coordinates":[22458,25298]}},{"type":"Feature","properties":{"name":"Ferralith Cave (N: 8454, E: 6898)","size":1,"tier":1},"geometry":{"type":"Point","coordinates":[20694,25362]}},{"type":"Feature","properties":{"name":"Large Ferralith Cave (N: 8456, E: 6266)","size":2,"tier":1},"geometry":{"type":"Point","coordinates":[18797,25369]}},{"type":"Feature","properties":{"name":"Large Pyrelite Cave (N: 8463, E: 6688)","size":2,"tier":2},"geometry":{"type":"Point","coordinates":[20066,25390]}},{"type":"Feature","properties":{"name":"Large Ferralith Cave (N: 8479, E: 7186)","size":2,"tier":1},"geometry":{"type":"Point","coordinates":[21559,25438]}},{"type":"Feature","properties":{"name":"Large Ferralith Cave (N: 8478, E: 7421)","size":2,"tier":1},"geometry":{"type":"Point","coordinates":[22264,25435]}},{"type":"Feature","properties":{"name":"Large Pyrelite Cave (N: 8468, E: 6443)","size":2,"tier":2},"geometry":{"type":"Point","coordinates":[19327,25403]}},{"type":"Feature","properties":{"name":"Ferralith Cave (N: 8465, E: 6813)","size":1,"tier":1},"geometry":{"type":"Point","coordinates":[20439,25394]}},{"type":"Feature","properties":{"name":"Ferralith Cave (N: 8497, E: 5600)","size":1,"tier":1},"geometry":{"type":"Point","coordinates":[16803,25492]}},{"type":"Feature","properties":{"name":"Large Pyrelite Cave (N: 8505, E: 6597)","size":2,"tier":2},"geometry":{"type":"Point","coordinates":[19792,25516]}},{"type":"Feature","properties":{"name":"Ferralith Cave (N: 8486, E: 6936)","size":1,"tier":1},"geometry":{"type":"Point","coordinates":[20809,25459]}},{"type":"Feature","properties":{"name":"Large Ferralith Cave (N: 8486, E: 7337)","size":2,"tier":1},"geometry":{"type":"Point","coordinates":[22012,25459]}},{"type":"Feature","properties":{"name":"Ferralith Cave (N: 8484, E: 5651)","size":1,"tier":1},"geometry":{"type":"Point","coordinates":[16952,25451]}},{"type":"Feature","properties":{"name":"Ferralith Cave (N: 8488, E: 6128)","size":1,"tier":1},"geometry":{"type":"Point","coordinates":[18382,25463]}},{"type":"Feature","properties":{"name":"Ferralith Cave (N: 8507, E: 6170)","size":1,"tier":1},"geometry":{"type":"Point","coordinates":[18511,25520]}},{"type":"Feature","properties":{"name":"Ferralith Cave (N: 8494, E: 6337)","size":1,"tier":1},"geometry":{"type":"Point","coordinates":[19009,25481]}},{"type":"Feature","properties":{"name":"Ferralith Cave (N: 8518, E: 5287)","size":1,"tier":1},"geometry":{"type":"Point","coordinates":[15861,25554]}},{"type":"Feature","properties":{"name":"Ferralith Cave (N: 8533, E: 5441)","size":1,"tier":1},"geometry":{"type":"Point","coordinates":[16323,25599]}},{"type":"Feature","properties":{"name":"Ferralith Cave (N: 8542, E: 6253)","size":1,"tier":1},"geometry":{"type":"Point","coordinates":[18759,25626]}},{"type":"Feature","properties":{"name":"Ferralith Cave (N: 8513, E: 6887)","size":1,"tier":1},"geometry":{"type":"Point","coordinates":[20662,25539]}},{"type":"Feature","properties":{"name":"Large Ferralith Cave (N: 8530, E: 7086)","size":2,"tier":1},"geometry":{"type":"Point","coordinates":[21257,25590]}},{"type":"Feature","properties":{"name":"Large Pyrelite Cave (N: 8518, E: 5893)","size":2,"tier":2},"geometry":{"type":"Point","coordinates":[17679,25555]}},{"type":"Feature","properties":{"name":"Ferralith Cave (N: 8526, E: 6799)","size":1,"tier":1},"geometry":{"type":"Point","coordinates":[20398,25579]}},{"type":"Feature","properties":{"name":"Large Ferralith Cave (N: 8536, E: 7267)","size":2,"tier":1},"geometry":{"type":"Point","coordinates":[21800,25607]}},{"type":"Feature","properties":{"name":"Ferralith Cave (N: 8575, E: 7538)","size":1,"tier":1},"geometry":{"type":"Point","coordinates":[22614,25725]}},{"type":"Feature","properties":{"name":"Large Pyrelite Cave (N: 8569, E: 5800)","size":2,"tier":2},"geometry":{"type":"Point","coordinates":[17403,25708]}},{"type":"Feature","properties":{"name":"Ferralith Cave (N: 8544, E: 6311)","size":1,"tier":1},"geometry":{"type":"Point","coordinates":[18932,25633]}},{"type":"Feature","properties":{"name":"Large Ferralith Cave (N: 8574, E: 6690)","size":2,"tier":1},"geometry":{"type":"Point","coordinates":[20071,25723]}},{"type":"Feature","properties":{"name":"Ferralith Cave (N: 8552, E: 6989)","size":1,"tier":1},"geometry":{"type":"Point","coordinates":[20968,25657]}},{"type":"Feature","properties":{"name":"Ferralith Cave (N: 8548, E: 5324)","size":1,"tier":1},"geometry":{"type":"Point","coordinates":[15971,25643]}},{"type":"Feature","properties":{"name":"Ferralith Cave (N: 8573, E: 5476)","size":1,"tier":1},"geometry":{"type":"Point","coordinates":[16429,25718]}},{"type":"Feature","properties":{"name":"Ferralith Cave (N: 8566, E: 6918)","size":1,"tier":1},"geometry":{"type":"Point","coordinates":[20754,25697]}},{"type":"Feature","properties":{"name":"Large Ferralith Cave (N: 8570, E: 7185)","size":2,"tier":1},"geometry":{"type":"Point","coordinates":[21555,25709]}},{"type":"Feature","properties":{"name":"Large Ferralith Cave (N: 8567, E: 7398)","size":2,"tier":1},"geometry":{"type":"Point","coordinates":[22194,25700]}},{"type":"Feature","properties":{"name":"Large Ferralith Cave (N: 8592, E: 5652)","size":2,"tier":1},"geometry":{"type":"Point","coordinates":[16955,25776]}},{"type":"Feature","properties":{"name":"Ferralith Cave (N: 8592, E: 6149)","size":1,"tier":1},"geometry":{"type":"Point","coordinates":[18447,25776]}},{"type":"Feature","properties":{"name":"Ferralith Cave (N: 8580, E: 6220)","size":1,"tier":1},"geometry":{"type":"Point","coordinates":[18661,25741]}},{"type":"Feature","properties":{"name":"Large Ferralith Cave (N: 8601, E: 6403)","size":2,"tier":1},"geometry":{"type":"Point","coordinates":[19210,25804]}},{"type":"Feature","properties":{"name":"Ferralith Cave (N: 8583, E: 7491)","size":1,"tier":1},"geometry":{"type":"Point","coordinates":[22473,25748]}},{"type":"Feature","properties":{"name":"Ferralith Cave (N: 8611, E: 5414)","size":1,"tier":1},"geometry":{"type":"Point","coordinates":[16244,25833]}},{"type":"Feature","properties":{"name":"Ferralith Cave (N: 8631, E: 6201)","size":1,"tier":1},"geometry":{"type":"Point","coordinates":[18604,25893]}},{"type":"Feature","properties":{"name":"Large Ferralith Cave (N: 8637, E: 6620)","size":2,"tier":1},"geometry":{"type":"Point","coordinates":[19862,25911]}},{"type":"Feature","properties":{"name":"Ferralith Cave (N: 8618, E: 6968)","size":1,"tier":1},"geometry":{"type":"Point","coordinates":[20904,25854]}},{"type":"Feature","properties":{"name":"Ferralith Cave (N: 8639, E: 7129)","size":1,"tier":1},"geometry":{"type":"Point","coordinates":[21388,25917]}},{"type":"Feature","properties":{"name":"Large Pyrelite Cave (N: 8620, E: 5237)","size":2,"tier":2},"geometry":{"type":"Point","coordinates":[15710,25861]}},{"type":"Feature","properties":{"name":"Ferralith Cave (N: 8620, E: 7285)","size":1,"tier":1},"geometry":{"type":"Point","coordinates":[21855,25861]}},{"type":"Feature","properties":{"name":"Large Ferralith Cave (N: 8629, E: 5546)","size":2,"tier":1},"geometry":{"type":"Point","coordinates":[16640,25886]}},{"type":"Feature","properties":{"name":"Ferralith Cave (N: 8634, E: 6277)","size":1,"tier":1},"geometry":{"type":"Point","coordinates":[18830,25901]}},{"type":"Feature","properties":{"name":"Large Ferralith Cave (N: 8623, E: 6824)","size":2,"tier":1},"geometry":{"type":"Point","coordinates":[20473,25868]}},{"type":"Feature","properties":{"name":"Large Ferralith Cave (N: 8625, E: 7049)","size":2,"tier":1},"geometry":{"type":"Point","coordinates":[21148,25874]}},{"type":"Feature","properties":{"name":"Large Pyrelite Cave (N: 8648, E: 6489)","size":2,"tier":2},"geometry":{"type":"Point","coordinates":[19468,25944]}},{"type":"Feature","properties":{"name":"Ferralith Cave (N: 8666, E: 7247)","size":1,"tier":1},"geometry":{"type":"Point","coordinates":[21741,25998]}},{"type":"Feature","properties":{"name":"Ferralith Cave (N: 8651, E: 7434)","size":1,"tier":1},"geometry":{"type":"Point","coordinates":[22302,25953]}},{"type":"Feature","properties":{"name":"Ferralith Cave (N: 8655, E: 5728)","size":1,"tier":1},"geometry":{"type":"Point","coordinates":[17186,25966]}},{"type":"Feature","properties":{"name":"Large Ferralith Cave (N: 8649, E: 6065)","size":2,"tier":1},"geometry":{"type":"Point","coordinates":[18198,25948]}},{"type":"Feature","properties":{"name":"Ferralith Cave (N: 8662, E: 6915)","size":1,"tier":1},"geometry":{"type":"Point","coordinates":[20745,25987]}},{"type":"Feature","properties":{"name":"Ferralith Cave (N: 8665, E: 7542)","size":1,"tier":1},"geometry":{"type":"Point","coordinates":[22627,25996]}},{"type":"Feature","properties":{"name":"Ferralith Cave (N: 8646, E: 5336)","size":1,"tier":1},"geometry":{"type":"Point","coordinates":[16007,25937]}},{"type":"Feature","properties":{"name":"Ferralith Cave (N: 8653, E: 6152)","size":1,"tier":1},"geometry":{"type":"Point","coordinates":[18458,25958]}},{"type":"Feature","properties":{"name":"Ferralith Cave (N: 8642, E: 6338)","size":1,"tier":1},"geometry":{"type":"Point","coordinates":[19014,25925]}},{"type":"Feature","properties":{"name":"Ferralith Cave (N: 8656, E: 7173)","size":1,"tier":1},"geometry":{"type":"Point","coordinates":[21519,25967]}},{"type":"Feature","properties":{"name":"Ferralith Cave (N: 8646, E: 7500)","size":1,"tier":1},"geometry":{"type":"Point","coordinates":[22498,25937]}},{"type":"Feature","properties":{"name":"Ferralith Cave (N: 8676, E: 5372)","size":1,"tier":1},"geometry":{"type":"Point","coordinates":[16115,26028]}},{"type":"Feature","properties":{"name":"Large Pyrelite Cave (N: 8700, E: 5618)","size":2,"tier":2},"geometry":{"type":"Point","coordinates":[16854,26100]}},{"type":"Feature","properties":{"name":"Ferralith Cave (N: 8682, E: 6190)","size":1,"tier":1},"geometry":{"type":"Point","coordinates":[18570,26046]}},{"type":"Feature","properties":{"name":"Large Ferralith Cave (N: 8703, E: 6722)","size":2,"tier":1},"geometry":{"type":"Point","coordinates":[20168,26109]}},{"type":"Feature","properties":{"name":"Large Ferralith Cave (N: 8672, E: 7347)","size":2,"tier":1},"geometry":{"type":"Point","coordinates":[22040,26016]}},{"type":"Feature","properties":{"name":"Ferralith Cave (N: 8674, E: 5775)","size":1,"tier":1},"geometry":{"type":"Point","coordinates":[17324,26023]}},{"type":"Feature","properties":{"name":"Ferralith Cave (N: 8699, E: 5820)","size":1,"tier":1},"geometry":{"type":"Point","coordinates":[17463,26098]}},{"type":"Feature","properties":{"name":"Ferralith Cave (N: 8703, E: 5299)","size":1,"tier":1},"geometry":{"type":"Point","coordinates":[15897,26108]}},{"type":"Feature","properties":{"name":"Ferralith Cave (N: 8694, E: 6408)","size":1,"tier":1},"geometry":{"type":"Point","coordinates":[19222,26081]}},{"type":"Feature","properties":{"name":"Ferralith Cave (N: 8730, E: 5775)","size":1,"tier":1},"geometry":{"type":"Point","coordinates":[17325,26190]}},{"type":"Feature","properties":{"name":"Large Ferralith Cave (N: 8709, E: 5966)","size":2,"tier":1},"geometry":{"type":"Point","coordinates":[17898,26127]}},{"type":"Feature","properties":{"name":"Ferralith Cave (N: 8730, E: 6219)","size":1,"tier":1},"geometry":{"type":"Point","coordinates":[18656,26190]}},{"type":"Feature","properties":{"name":"Ferralith Cave (N: 8706, E: 6309)","size":1,"tier":1},"geometry":{"type":"Point","coordinates":[18927,26118]}},{"type":"Feature","properties":{"name":"Large Ferralith Cave (N: 8735, E: 7453)","size":2,"tier":1},"geometry":{"type":"Point","coordinates":[22361,26205]}},{"type":"Feature","properties":{"name":"Ferralith Cave (N: 8722, E: 6137)","size":1,"tier":1},"geometry":{"type":"Point","coordinates":[18411,26167]}},{"type":"Feature","properties":{"name":"Ferralith Cave (N: 8730, E: 6802)","size":1,"tier":1},"geometry":{"type":"Point","coordinates":[20406,26191]}},{"type":"Feature","properties":{"name":"Ferralith Cave (N: 8722, E: 7278)","size":1,"tier":1},"geometry":{"type":"Point","coordinates":[21835,26167]}},{"type":"Feature","properties":{"name":"Ferralith Cave (N: 8713, E: 7569)","size":1,"tier":1},"geometry":{"type":"Point","coordinates":[22709,26140]}},{"type":"Feature","properties":{"name":"Ferralith Cave (N: 8733, E: 5235)","size":1,"tier":1},"geometry":{"type":"Point","coordinates":[15705,26198]}},{"type":"Feature","properties":{"name":"Large Pyrelite Cave (N: 8718, E: 5459)","size":2,"tier":2},"geometry":{"type":"Point","coordinates":[16375,26153]}},{"type":"Feature","properties":{"name":"Ferralith Cave (N: 8728, E: 6587)","size":1,"tier":1},"geometry":{"type":"Point","coordinates":[19760,26183]}},{"type":"Feature","properties":{"name":"Ferralith Cave (N: 8722, E: 6636)","size":1,"tier":1},"geometry":{"type":"Point","coordinates":[19907,26165]}},{"type":"Feature","properties":{"name":"Ferralith Cave (N: 8719, E: 6926)","size":1,"tier":1},"geometry":{"type":"Point","coordinates":[20778,26156]}},{"type":"Feature","properties":{"name":"Ferralith Cave (N: 8758, E: 5821)","size":1,"tier":1},"geometry":{"type":"Point","coordinates":[17464,26274]}},{"type":"Feature","properties":{"name":"Ferralith Cave (N: 8750, E: 6480)","size":1,"tier":1},"geometry":{"type":"Point","coordinates":[19439,26250]}},{"type":"Feature","properties":{"name":"Large Pyrelite Cave (N: 8739, E: 7018)","size":2,"tier":2},"geometry":{"type":"Point","coordinates":[21054,26217]}},{"type":"Feature","properties":{"name":"Large Ferralith Cave (N: 8743, E: 7151)","size":2,"tier":1},"geometry":{"type":"Point","coordinates":[21454,26229]}},{"type":"Feature","properties":{"name":"Ferralith Cave (N: 8749, E: 6391)","size":1,"tier":1},"geometry":{"type":"Point","coordinates":[19175,26248]}},{"type":"Feature","properties":{"name":"Ferralith Cave (N: 8749, E: 6530)","size":1,"tier":1},"geometry":{"type":"Point","coordinates":[19591,26248]}},{"type":"Feature","properties":{"name":"Ferralith Cave (N: 8755, E: 6856)","size":1,"tier":1},"geometry":{"type":"Point","coordinates":[20570,26266]}},{"type":"Feature","properties":{"name":"Ferralith Cave (N: 8752, E: 7239)","size":1,"tier":1},"geometry":{"type":"Point","coordinates":[21717,26257]}},{"type":"Feature","properties":{"name":"Ferralith Cave (N: 8740, E: 5338)","size":1,"tier":1},"geometry":{"type":"Point","coordinates":[16014,26219]}},{"type":"Feature","properties":{"name":"Ferralith Cave (N: 8752, E: 5723)","size":1,"tier":1},"geometry":{"type":"Point","coordinates":[17167,26255]}},{"type":"Feature","properties":{"name":"Ferralith Cave (N: 8750, E: 6084)","size":1,"tier":1},"geometry":{"type":"Point","coordinates":[18252,26249]}},{"type":"Feature","properties":{"name":"Ferralith Cave (N: 8757, E: 7540)","size":1,"tier":1},"geometry":{"type":"Point","coordinates":[22620,26270]}},{"type":"Feature","properties":{"name":"Ferralith Cave (N: 8757, E: 7600)","size":1,"tier":1},"geometry":{"type":"Point","coordinates":[22801,26270]}},{"type":"Feature","properties":{"name":"Ferralith Cave (N: 8785, E: 5242)","size":1,"tier":1},"geometry":{"type":"Point","coordinates":[15727,26355]}},{"type":"Feature","properties":{"name":"Ferralith Cave (N: 8796, E: 5363)","size":1,"tier":1},"geometry":{"type":"Point","coordinates":[16090,26388]}},{"type":"Feature","properties":{"name":"Large Ferralith Cave (N: 8782, E: 5557)","size":2,"tier":1},"geometry":{"type":"Point","coordinates":[16671,26346]}},{"type":"Feature","properties":{"name":"Ferralith Cave (N: 8777, E: 6921)","size":1,"tier":1},"geometry":{"type":"Point","coordinates":[20764,26331]}},{"type":"Feature","properties":{"name":"Large Ferralith Cave (N: 8773, E: 7387)","size":2,"tier":1},"geometry":{"type":"Point","coordinates":[22162,26319]}},{"type":"Feature","properties":{"name":"Ferralith Cave (N: 8788, E: 5864)","size":1,"tier":1},"geometry":{"type":"Point","coordinates":[17592,26365]}},{"type":"Feature","properties":{"name":"Ferralith Cave (N: 8781, E: 6222)","size":1,"tier":1},"geometry":{"type":"Point","coordinates":[18669,26344]}},{"type":"Feature","properties":{"name":"Ferralith Cave (N: 8783, E: 6277)","size":1,"tier":1},"geometry":{"type":"Point","coordinates":[18834,26350]}},{"type":"Feature","properties":{"name":"Ferralith Cave (N: 8768, E: 6337)","size":1,"tier":1},"geometry":{"type":"Point","coordinates":[19010,26305]}},{"type":"Feature","properties":{"name":"Ferralith Cave (N: 8768, E: 6433)","size":1,"tier":1},"geometry":{"type":"Point","coordinates":[19299,26305]}},{"type":"Feature","properties":{"name":"Ferralith Cave (N: 8780, E: 6629)","size":1,"tier":1},"geometry":{"type":"Point","coordinates":[19887,26341]}},{"type":"Feature","properties":{"name":"Ferralith Cave (N: 8776, E: 5296)","size":1,"tier":1},"geometry":{"type":"Point","coordinates":[15886,26327]}},{"type":"Feature","properties":{"name":"Ferralith Cave (N: 8775, E: 6021)","size":1,"tier":1},"geometry":{"type":"Point","coordinates":[18064,26324]}},{"type":"Feature","properties":{"name":"Ferralith Cave (N: 8774, E: 7303)","size":1,"tier":1},"geometry":{"type":"Point","coordinates":[21909,26321]}},{"type":"Feature","properties":{"name":"Ferralith Cave (N: 8819, E: 5408)","size":1,"tier":1},"geometry":{"type":"Point","coordinates":[16225,26457]}},{"type":"Feature","properties":{"name":"Large Ferralith Cave (N: 8811, E: 5641)","size":2,"tier":1},"geometry":{"type":"Point","coordinates":[16923,26433]}},{"type":"Feature","properties":{"name":"Large Ferralith Cave (N: 8826, E: 6160)","size":2,"tier":1},"geometry":{"type":"Point","coordinates":[18480,26478]}},{"type":"Feature","properties":{"name":"Ferralith Cave (N: 8803, E: 6549)","size":1,"tier":1},"geometry":{"type":"Point","coordinates":[19647,26409]}},{"type":"Feature","properties":{"name":"Ferralith Cave (N: 8808, E: 6483)","size":1,"tier":1},"geometry":{"type":"Point","coordinates":[19450,26424]}},{"type":"Feature","properties":{"name":"Ferralith Cave (N: 8829, E: 6602)","size":1,"tier":1},"geometry":{"type":"Point","coordinates":[19807,26487]}},{"type":"Feature","properties":{"name":"Ferralith Cave (N: 8829, E: 7321)","size":1,"tier":1},"geometry":{"type":"Point","coordinates":[21965,26487]}},{"type":"Feature","properties":{"name":"Large Ferralith Cave (N: 8827, E: 5946)","size":2,"tier":1},"geometry":{"type":"Point","coordinates":[17841,26482]}},{"type":"Feature","properties":{"name":"Ferralith Cave (N: 8804, E: 6806)","size":1,"tier":1},"geometry":{"type":"Point","coordinates":[20419,26413]}},{"type":"Feature","properties":{"name":"Ferralith Cave (N: 8810, E: 7221)","size":1,"tier":1},"geometry":{"type":"Point","coordinates":[21663,26431]}},{"type":"Feature","properties":{"name":"Ferralith Cave (N: 8807, E: 5751)","size":1,"tier":1},"geometry":{"type":"Point","coordinates":[17254,26420]}},{"type":"Feature","properties":{"name":"Ferralith Cave (N: 8819, E: 5800)","size":1,"tier":1},"geometry":{"type":"Point","coordinates":[17401,26456]}},{"type":"Feature","properties":{"name":"Ferralith Cave (N: 8801, E: 6082)","size":1,"tier":1},"geometry":{"type":"Point","coordinates":[18248,26402]}},{"type":"Feature","properties":{"name":"Ferralith Cave (N: 8819, E: 6880)","size":1,"tier":1},"geometry":{"type":"Point","coordinates":[20642,26456]}},{"type":"Feature","properties":{"name":"Ferralith Cave (N: 8840, E: 6252)","size":1,"tier":1},"geometry":{"type":"Point","coordinates":[18756,26520]}},{"type":"Feature","properties":{"name":"Ferralith Cave (N: 8861, E: 6986)","size":1,"tier":1},"geometry":{"type":"Point","coordinates":[20958,26583]}},{"type":"Feature","properties":{"name":"Ferralith Cave (N: 8855, E: 7126)","size":1,"tier":1},"geometry":{"type":"Point","coordinates":[21380,26565]}},{"type":"Feature","properties":{"name":"Ferralith Cave (N: 8843, E: 7177)","size":1,"tier":1},"geometry":{"type":"Point","coordinates":[21533,26529]}},{"type":"Feature","properties":{"name":"Large Ferralith Cave (N: 8842, E: 7517)","size":2,"tier":1},"geometry":{"type":"Point","coordinates":[22551,26526]}},{"type":"Feature","properties":{"name":"Large Ferralith Cave (N: 8849, E: 7609)","size":2,"tier":1},"geometry":{"type":"Point","coordinates":[22827,26547]}},{"type":"Feature","properties":{"name":"Large Ferralith Cave (N: 8847, E: 5502)","size":2,"tier":1},"geometry":{"type":"Point","coordinates":[16508,26542]}},{"type":"Feature","properties":{"name":"Ferralith Cave (N: 8853, E: 5875)","size":1,"tier":1},"geometry":{"type":"Point","coordinates":[17628,26560]}},{"type":"Feature","properties":{"name":"Large Pyrelite Cave (N: 8833, E: 6718)","size":2,"tier":2},"geometry":{"type":"Point","coordinates":[20155,26500]}},{"type":"Feature","properties":{"name":"Ferralith Cave (N: 8840, E: 7030)","size":1,"tier":1},"geometry":{"type":"Point","coordinates":[21089,26521]}},{"type":"Feature","properties":{"name":"Ferralith Cave (N: 8839, E: 7081)","size":1,"tier":1},"geometry":{"type":"Point","coordinates":[21244,26518]}},{"type":"Feature","properties":{"name":"Ferralith Cave (N: 8836, E: 5713)","size":1,"tier":1},"geometry":{"type":"Point","coordinates":[17138,26507]}},{"type":"Feature","properties":{"name":"Ferralith Cave (N: 8843, E: 6313)","size":1,"tier":1},"geometry":{"type":"Point","coordinates":[18939,26528]}},{"type":"Feature","properties":{"name":"Ferralith Cave (N: 8851, E: 6933)","size":1,"tier":1},"geometry":{"type":"Point","coordinates":[20800,26552]}},{"type":"Feature","properties":{"name":"Ferralith Cave (N: 8860, E: 7281)","size":1,"tier":1},"geometry":{"type":"Point","coordinates":[21841,26579]}},{"type":"Feature","properties":{"name":"Ferralith Cave (N: 8882, E: 6887)","size":1,"tier":1},"geometry":{"type":"Point","coordinates":[20661,26646]}},{"type":"Feature","properties":{"name":"Large Ferralith Cave (N: 8873, E: 7431)","size":2,"tier":1},"geometry":{"type":"Point","coordinates":[22295,26619]}},{"type":"Feature","properties":{"name":"Ferralith Cave (N: 8890, E: 5730)","size":1,"tier":1},"geometry":{"type":"Point","coordinates":[17189,26671]}},{"type":"Feature","properties":{"name":"Large Ferralith Cave (N: 8867, E: 6031)","size":2,"tier":1},"geometry":{"type":"Point","coordinates":[18093,26600]}},{"type":"Feature","properties":{"name":"Large Pyrelite Cave (N: 8878, E: 6416)","size":2,"tier":2},"geometry":{"type":"Point","coordinates":[19246,26633]}},{"type":"Feature","properties":{"name":"Ferralith Cave (N: 8876, E: 6569)","size":1,"tier":1},"geometry":{"type":"Point","coordinates":[19706,26627]}},{"type":"Feature","properties":{"name":"Ferralith Cave (N: 8892, E: 7047)","size":1,"tier":1},"geometry":{"type":"Point","coordinates":[21140,26675]}},{"type":"Feature","properties":{"name":"Ferralith Cave (N: 8876, E: 7213)","size":1,"tier":1},"geometry":{"type":"Point","coordinates":[21639,26627]}},{"type":"Feature","properties":{"name":"Large Ferralith Cave (N: 8901, E: 5644)","size":2,"tier":1},"geometry":{"type":"Point","coordinates":[16933,26703]}},{"type":"Feature","properties":{"name":"Large Ferralith Cave (N: 8904, E: 5817)","size":2,"tier":1},"geometry":{"type":"Point","coordinates":[17451,26712]}},{"type":"Feature","properties":{"name":"Large Ferralith Cave (N: 8917, E: 6499)","size":2,"tier":1},"geometry":{"type":"Point","coordinates":[19498,26751]}},{"type":"Feature","properties":{"name":"Ferralith Cave (N: 8912, E: 6937)","size":1,"tier":1},"geometry":{"type":"Point","coordinates":[20810,26736]}},{"type":"Feature","properties":{"name":"Ferralith Cave (N: 8914, E: 6996)","size":1,"tier":1},"geometry":{"type":"Point","coordinates":[20989,26742]}},{"type":"Feature","properties":{"name":"Ferralith Cave (N: 8917, E: 7369)","size":1,"tier":1},"geometry":{"type":"Point","coordinates":[22109,26751]}},{"type":"Feature","properties":{"name":"Large Pyrelite Cave (N: 8924, E: 5423)","size":2,"tier":2},"geometry":{"type":"Point","coordinates":[16268,26773]}},{"type":"Feature","properties":{"name":"Ferralith Cave (N: 8896, E: 6243)","size":1,"tier":1},"geometry":{"type":"Point","coordinates":[18730,26689]}},{"type":"Feature","properties":{"name":"Ferralith Cave (N: 8910, E: 7143)","size":1,"tier":1},"geometry":{"type":"Point","coordinates":[21429,26731]}},{"type":"Feature","properties":{"name":"Ferralith Cave (N: 8913, E: 7090)","size":1,"tier":1},"geometry":{"type":"Point","coordinates":[21273,26740]}},{"type":"Feature","properties":{"name":"Ferralith Cave (N: 8915, E: 7300)","size":1,"tier":1},"geometry":{"type":"Point","coordinates":[21903,26746]}},{"type":"Feature","properties":{"name":"Ferralith Cave (N: 8917, E: 6313)","size":1,"tier":1},"geometry":{"type":"Point","coordinates":[18940,26750]}},{"type":"Feature","properties":{"name":"Large Ferralith Cave (N: 8912, E: 6649)","size":2,"tier":1},"geometry":{"type":"Point","coordinates":[19947,26735]}},{"type":"Feature","properties":{"name":"Ferralith Cave (N: 8927, E: 7199)","size":1,"tier":1},"geometry":{"type":"Point","coordinates":[21597,26780]}},{"type":"Feature","properties":{"name":"Ferralith Cave (N: 8918, E: 7247)","size":1,"tier":1},"geometry":{"type":"Point","coordinates":[21739,26753]}},{"type":"Feature","properties":{"name":"Ferralith Cave (N: 8938, E: 6726)","size":1,"tier":1},"geometry":{"type":"Point","coordinates":[20177,26814]}},{"type":"Feature","properties":{"name":"Large Ferralith Cave (N: 8957, E: 6134)","size":2,"tier":1},"geometry":{"type":"Point","coordinates":[18405,26872]}},{"type":"Feature","properties":{"name":"Large Ferralith Cave (N: 8937, E: 6814)","size":2,"tier":1},"geometry":{"type":"Point","coordinates":[20445,26812]}},{"type":"Feature","properties":{"name":"Ferralith Cave (N: 8954, E: 7336)","size":1,"tier":1},"geometry":{"type":"Point","coordinates":[22008,26863]}},{"type":"Feature","properties":{"name":"Large Ferralith Cave (N: 8929, E: 7563)","size":2,"tier":1},"geometry":{"type":"Point","coordinates":[22692,26788]}},{"type":"Feature","properties":{"name":"Large Ferralith Cave (N: 8931, E: 5565)","size":2,"tier":1},"geometry":{"type":"Point","coordinates":[16695,26792]}},{"type":"Feature","properties":{"name":"Ferralith Cave (N: 8938, E: 6214)","size":1,"tier":1},"geometry":{"type":"Point","coordinates":[18640,26813]}},{"type":"Feature","properties":{"name":"Ferralith Cave (N: 8933, E: 6575)","size":1,"tier":1},"geometry":{"type":"Point","coordinates":[19727,26798]}},{"type":"Feature","properties":{"name":"Large Ferralith Cave (N: 8980, E: 5882)","size":2,"tier":1},"geometry":{"type":"Point","coordinates":[17646,26940]}},{"type":"Feature","properties":{"name":"Ferralith Cave (N: 8983, E: 6318)","size":1,"tier":1},"geometry":{"type":"Point","coordinates":[18955,26950]}},{"type":"Feature","properties":{"name":"Ferralith Cave (N: 8966, E: 6934)","size":1,"tier":1},"geometry":{"type":"Point","coordinates":[20802,26899]}},{"type":"Feature","properties":{"name":"Ferralith Cave (N: 8966, E: 7629)","size":1,"tier":1},"geometry":{"type":"Point","coordinates":[22888,26899]}},{"type":"Feature","properties":{"name":"Large Ferralith Cave (N: 8978, E: 5699)","size":2,"tier":1},"geometry":{"type":"Point","coordinates":[17096,26933]}},{"type":"Feature","properties":{"name":"Ferralith Cave (N: 8973, E: 7234)","size":1,"tier":1},"geometry":{"type":"Point","coordinates":[21702,26918]}},{"type":"Feature","properties":{"name":"Ferralith Cave (N: 9023, E: 6944)","size":1,"tier":1},"geometry":{"type":"Point","coordinates":[20833,27069]}},{"type":"Feature","properties":{"name":"Ferralith Cave (N: 9011, E: 7350)","size":1,"tier":1},"geometry":{"type":"Point","coordinates":[22052,27033]}},{"type":"Feature","properties":{"name":"Ferralith Cave (N: 9006, E: 6392)","size":1,"tier":1},"geometry":{"type":"Point","coordinates":[19175,27019]}},{"type":"Feature","properties":{"name":"Large Ferralith Cave (N: 8997, E: 7041)","size":2,"tier":1},"geometry":{"type":"Point","coordinates":[21125,26992]}},{"type":"Feature","properties":{"name":"Large Ferralith Cave (N: 8998, E: 7145)","size":2,"tier":1},"geometry":{"type":"Point","coordinates":[21434,26995]}},{"type":"Feature","properties":{"name":"Ferralith Cave (N: 8995, E: 7273)","size":1,"tier":1},"geometry":{"type":"Point","coordinates":[21821,26986]}},{"type":"Feature","properties":{"name":"Ferralith Cave (N: 9020, E: 7620)","size":1,"tier":1},"geometry":{"type":"Point","coordinates":[22861,27061]}},{"type":"Feature","properties":{"name":"Large Pyrelite Cave (N: 9006, E: 5976)","size":2,"tier":2},"geometry":{"type":"Point","coordinates":[17927,27017]}},{"type":"Feature","properties":{"name":"Large Ferralith Cave (N: 9021, E: 6552)","size":2,"tier":1},"geometry":{"type":"Point","coordinates":[19658,27062]}},{"type":"Feature","properties":{"name":"Ferralith Cave (N: 9018, E: 7571)","size":1,"tier":1},"geometry":{"type":"Point","coordinates":[22712,27053]}},{"type":"Feature","properties":{"name":"Ferralith Cave (N: 9026, E: 6077)","size":1,"tier":1},"geometry":{"type":"Point","coordinates":[18230,27078]}},{"type":"Feature","properties":{"name":"Large Emarium Cave (N: 9040, E: 7461)","size":2,"tier":3},"geometry":{"type":"Point","coordinates":[22382,27120]}},{"type":"Feature","properties":{"name":"Large Ferralith Cave (N: 9027, E: 5767)","size":2,"tier":1},"geometry":{"type":"Point","coordinates":[17304,27082]}},{"type":"Feature","properties":{"name":"Large Ferralith Cave (N: 9038, E: 6239)","size":2,"tier":1},"geometry":{"type":"Point","coordinates":[18716,27113]}},{"type":"Feature","properties":{"name":"Large Ferralith Cave (N: 9080, E: 5660)","size":2,"tier":1},"geometry":{"type":"Point","coordinates":[16980,27240]}},{"type":"Feature","properties":{"name":"Large Pyrelite Cave (N: 9084, E: 5845)","size":2,"tier":2},"geometry":{"type":"Point","coordinates":[17535,27252]}},{"type":"Feature","properties":{"name":"Ferralith Cave (N: 9077, E: 6045)","size":1,"tier":1},"geometry":{"type":"Point","coordinates":[18137,27231]}},{"type":"Feature","properties":{"name":"Large Ferralith Cave (N: 9058, E: 6827)","size":2,"tier":1},"geometry":{"type":"Point","coordinates":[20482,27174]}},{"type":"Feature","properties":{"name":"Ferralith Cave (N: 9073, E: 7343)","size":1,"tier":1},"geometry":{"type":"Point","coordinates":[22031,27219]}},{"type":"Feature","properties":{"name":"Ferralith Cave (N: 9063, E: 6986)","size":1,"tier":1},"geometry":{"type":"Point","coordinates":[20960,27190]}},{"type":"Feature","properties":{"name":"Ferralith Cave (N: 9063, E: 7216)","size":1,"tier":1},"geometry":{"type":"Point","coordinates":[21650,27190]}},{"type":"Feature","properties":{"name":"Ferralith Cave (N: 9061, E: 7293)","size":1,"tier":1},"geometry":{"type":"Point","coordinates":[21882,27184]}},{"type":"Feature","properties":{"name":"Large Ferralith Cave (N: 9059, E: 6451)","size":2,"tier":1},"geometry":{"type":"Point","coordinates":[19354,27176]}},{"type":"Feature","properties":{"name":"Ferralith Cave (N: 9108, E: 6288)","size":1,"tier":1},"geometry":{"type":"Point","coordinates":[18864,27324]}},{"type":"Feature","properties":{"name":"Ferralith Cave (N: 9114, E: 6980)","size":1,"tier":1},"geometry":{"type":"Point","coordinates":[20940,27342]}},{"type":"Feature","properties":{"name":"Ferralith Cave (N: 9114, E: 7239)","size":1,"tier":1},"geometry":{"type":"Point","coordinates":[21718,27342]}},{"type":"Feature","properties":{"name":"Large Ferralith Cave (N: 9093, E: 6372)","size":2,"tier":1},"geometry":{"type":"Point","coordinates":[19117,27280]}},{"type":"Feature","properties":{"name":"Ferralith Cave (N: 9119, E: 6882)","size":1,"tier":1},"geometry":{"type":"Point","coordinates":[20647,27358]}},{"type":"Feature","properties":{"name":"Large Ferralith Cave (N: 9094, E: 7056)","size":2,"tier":1},"geometry":{"type":"Point","coordinates":[21168,27283]}},{"type":"Feature","properties":{"name":"Ferralith Cave (N: 9105, E: 6518)","size":1,"tier":1},"geometry":{"type":"Point","coordinates":[19554,27314]}},{"type":"Feature","properties":{"name":"Ferralith Cave (N: 9097, E: 6937)","size":1,"tier":1},"geometry":{"type":"Point","coordinates":[20811,27290]}},{"type":"Feature","properties":{"name":"Ferralith Cave (N: 9135, E: 5752)","size":1,"tier":1},"geometry":{"type":"Point","coordinates":[17256,27405]}},{"type":"Feature","properties":{"name":"Large Ferralith Cave (N: 9143, E: 5964)","size":2,"tier":1},"geometry":{"type":"Point","coordinates":[17893,27429]}},{"type":"Feature","properties":{"name":"Ferralith Cave (N: 9120, E: 7306)","size":1,"tier":1},"geometry":{"type":"Point","coordinates":[21917,27360]}},{"type":"Feature","properties":{"name":"Large Ferralith Cave (N: 9122, E: 7602)","size":2,"tier":1},"geometry":{"type":"Point","coordinates":[22805,27366]}},{"type":"Feature","properties":{"name":"Ferralith Cave (N: 9133, E: 5597)","size":1,"tier":1},"geometry":{"type":"Point","coordinates":[16794,27400]}},{"type":"Feature","properties":{"name":"Ferralith Cave (N: 9144, E: 6468)","size":1,"tier":1},"geometry":{"type":"Point","coordinates":[19405,27433]}},{"type":"Feature","properties":{"name":"Large Ferralith Cave (N: 9121, E: 6150)","size":2,"tier":1},"geometry":{"type":"Point","coordinates":[18451,27362]}},{"type":"Feature","properties":{"name":"Ferralith Cave (N: 9146, E: 6256)","size":1,"tier":1},"geometry":{"type":"Point","coordinates":[18768,27437]}},{"type":"Feature","properties":{"name":"Ferralith Cave (N: 9163, E: 6425)","size":1,"tier":1},"geometry":{"type":"Point","coordinates":[19275,27489]}},{"type":"Feature","properties":{"name":"Large Ferralith Cave (N: 9169, E: 6718)","size":2,"tier":1},"geometry":{"type":"Point","coordinates":[20156,27508]}},{"type":"Feature","properties":{"name":"Large Ferralith Cave (N: 9176, E: 7482)","size":2,"tier":1},"geometry":{"type":"Point","coordinates":[22445,27529]}},{"type":"Feature","properties":{"name":"Ferralith Cave (N: 9162, E: 6311)","size":1,"tier":1},"geometry":{"type":"Point","coordinates":[18931,27485]}},{"type":"Feature","properties":{"name":"Large Ferralith Cave (N: 9156, E: 6798)","size":2,"tier":1},"geometry":{"type":"Point","coordinates":[20392,27467]}},{"type":"Feature","properties":{"name":"Large Emarium Cave (N: 9177, E: 7144)","size":2,"tier":3},"geometry":{"type":"Point","coordinates":[21433,27530]}},{"type":"Feature","properties":{"name":"Large Ferralith Cave (N: 9162, E: 7377)","size":2,"tier":1},"geometry":{"type":"Point","coordinates":[22129,27485]}},{"type":"Feature","properties":{"name":"Ferralith Cave (N: 9185, E: 5699)","size":1,"tier":1},"geometry":{"type":"Point","coordinates":[17099,27556]}},{"type":"Feature","properties":{"name":"Ferralith Cave (N: 9198, E: 6213)","size":1,"tier":1},"geometry":{"type":"Point","coordinates":[18638,27595]}},{"type":"Feature","properties":{"name":"Large Ferralith Cave (N: 9196, E: 6932)","size":2,"tier":1},"geometry":{"type":"Point","coordinates":[20797,27589]}},{"type":"Feature","properties":{"name":"Large Pyrelite Cave (N: 9188, E: 6055)","size":2,"tier":2},"geometry":{"type":"Point","coordinates":[18164,27563]}},{"type":"Feature","properties":{"name":"Large Ferralith Cave (N: 9192, E: 6533)","size":2,"tier":1},"geometry":{"type":"Point","coordinates":[19599,27575]}},{"type":"Feature","properties":{"name":"Large Ferralith Cave (N: 9199, E: 7252)","size":2,"tier":1},"geometry":{"type":"Point","coordinates":[21757,27596]}},{"type":"Feature","properties":{"name":"Ferralith Cave (N: 9217, E: 5778)","size":1,"tier":1},"geometry":{"type":"Point","coordinates":[17336,27652]}},{"type":"Feature","properties":{"name":"Ferralith Cave (N: 9216, E: 6262)","size":1,"tier":1},"geometry":{"type":"Point","coordinates":[18785,27649]}},{"type":"Feature","properties":{"name":"Large Ferralith Cave (N: 9247, E: 7327)","size":2,"tier":1},"geometry":{"type":"Point","coordinates":[21983,27742]}},{"type":"Feature","properties":{"name":"Large Ferralith Cave (N: 9227, E: 5629)","size":2,"tier":1},"geometry":{"type":"Point","coordinates":[16889,27680]}},{"type":"Feature","properties":{"name":"Large Pyrelite Cave (N: 9219, E: 5901)","size":2,"tier":2},"geometry":{"type":"Point","coordinates":[17705,27656]}},{"type":"Feature","properties":{"name":"Ferralith Cave (N: 9246, E: 6453)","size":1,"tier":1},"geometry":{"type":"Point","coordinates":[19357,27737]}},{"type":"Feature","properties":{"name":"Ferralith Cave (N: 9253, E: 5723)","size":1,"tier":1},"geometry":{"type":"Point","coordinates":[17170,27760]}},{"type":"Feature","properties":{"name":"Large Ferralith Cave (N: 9251, E: 6153)","size":2,"tier":1},"geometry":{"type":"Point","coordinates":[18460,27754]}},{"type":"Feature","properties":{"name":"Large Ferralith Cave (N: 9249, E: 6345)","size":2,"tier":1},"geometry":{"type":"Point","coordinates":[19038,27748]}},{"type":"Feature","properties":{"name":"Large Ferralith Cave (N: 9269, E: 6877)","size":2,"tier":1},"geometry":{"type":"Point","coordinates":[20632,27808]}},{"type":"Feature","properties":{"name":"Ferralith Cave (N: 9270, E: 6726)","size":1,"tier":1},"geometry":{"type":"Point","coordinates":[20177,27809]}},{"type":"Feature","properties":{"name":"Ferralith Cave (N: 9274, E: 6785)","size":1,"tier":1},"geometry":{"type":"Point","coordinates":[20353,27821]}},{"type":"Feature","properties":{"name":"Ferralith Cave (N: 9311, E: 5654)","size":1,"tier":1},"geometry":{"type":"Point","coordinates":[16964,27933]}},{"type":"Feature","properties":{"name":"Large Pyrelite Cave (N: 9300, E: 7183)","size":2,"tier":2},"geometry":{"type":"Point","coordinates":[21549,27900]}},{"type":"Feature","properties":{"name":"Ferralith Cave (N: 9294, E: 6223)","size":1,"tier":1},"geometry":{"type":"Point","coordinates":[18669,27883]}},{"type":"Feature","properties":{"name":"Ferralith Cave (N: 9334, E: 6324)","size":1,"tier":1},"geometry":{"type":"Point","coordinates":[18972,28002]}},{"type":"Feature","properties":{"name":"Large Pyrelite Cave (N: 9321, E: 5795)","size":2,"tier":2},"geometry":{"type":"Point","coordinates":[17386,27964]}},{"type":"Feature","properties":{"name":"Ferralith Cave (N: 9313, E: 6274)","size":1,"tier":1},"geometry":{"type":"Point","coordinates":[18825,27940]}},{"type":"Feature","properties":{"name":"Large Pyrelite Cave (N: 9337, E: 6513)","size":2,"tier":2},"geometry":{"type":"Point","coordinates":[19540,28012]}},{"type":"Feature","properties":{"name":"Ferralith Cave (N: 9326, E: 6739)","size":1,"tier":1},"geometry":{"type":"Point","coordinates":[20216,27979]}},{"type":"Feature","properties":{"name":"Ferralith Cave (N: 9342, E: 6805)","size":1,"tier":1},"geometry":{"type":"Point","coordinates":[20414,28027]}},{"type":"Feature","properties":{"name":"Large Emarium Cave (N: 9339, E: 7439)","size":2,"tier":3},"geometry":{"type":"Point","coordinates":[22318,28018]}},{"type":"Feature","properties":{"name":"Large Pyrelite Cave (N: 9328, E: 6006)","size":2,"tier":2},"geometry":{"type":"Point","coordinates":[18016,27983]}},{"type":"Feature","properties":{"name":"Ferralith Cave (N: 9369, E: 5642)","size":1,"tier":1},"geometry":{"type":"Point","coordinates":[16926,28107]}},{"type":"Feature","properties":{"name":"Large Pyrelite Cave (N: 9372, E: 5538)","size":2,"tier":2},"geometry":{"type":"Point","coordinates":[16613,28115]}},{"type":"Feature","properties":{"name":"Large Ferralith Cave (N: 9368, E: 6876)","size":2,"tier":1},"geometry":{"type":"Point","coordinates":[20628,28103]}},{"type":"Feature","properties":{"name":"Large Pyrelite Cave (N: 9396, E: 6195)","size":2,"tier":2},"geometry":{"type":"Point","coordinates":[18586,28188]}},{"type":"Feature","properties":{"name":"Large Emarium Cave (N: 9381, E: 7264)","size":2,"tier":3},"geometry":{"type":"Point","coordinates":[21793,28143]}},{"type":"Feature","properties":{"name":"Large Pyrelite Cave (N: 9388, E: 5868)","size":2,"tier":2},"geometry":{"type":"Point","coordinates":[17604,28165]}},{"type":"Feature","properties":{"name":"Ferralith Cave (N: 9384, E: 6758)","size":1,"tier":1},"geometry":{"type":"Point","coordinates":[20274,28153]}},{"type":"Feature","properties":{"name":"Ferralith Cave (N: 9402, E: 6312)","size":1,"tier":1},"geometry":{"type":"Point","coordinates":[18936,28205]}},{"type":"Feature","properties":{"name":"Large Pyrelite Cave (N: 9405, E: 6665)","size":2,"tier":2},"geometry":{"type":"Point","coordinates":[19997,28214]}},{"type":"Feature","properties":{"name":"Large Emarium Cave (N: 9428, E: 6093)","size":2,"tier":3},"geometry":{"type":"Point","coordinates":[18280,28284]}},{"type":"Feature","properties":{"name":"Large Ferralith Cave (N: 9412, E: 7155)","size":2,"tier":1},"geometry":{"type":"Point","coordinates":[21466,28236]}},{"type":"Feature","properties":{"name":"Large Pyrelite Cave (N: 9435, E: 5776)","size":2,"tier":2},"geometry":{"type":"Point","coordinates":[17330,28306]}},{"type":"Feature","properties":{"name":"Large Ferralith Cave (N: 9453, E: 6874)","size":2,"tier":1},"geometry":{"type":"Point","coordinates":[20624,28359]}},{"type":"Feature","properties":{"name":"Large Emarium Cave (N: 9468, E: 7406)","size":2,"tier":3},"geometry":{"type":"Point","coordinates":[22217,28404]}},{"type":"Feature","properties":{"name":"Ferralith Cave (N: 9453, E: 6749)","size":1,"tier":1},"geometry":{"type":"Point","coordinates":[20249,28360]}},{"type":"Feature","properties":{"name":"Large Rathium Cave (N: 9461, E: 5339)","size":2,"tier":6},"geometry":{"type":"Point","coordinates":[16018,28382]}},{"type":"Feature","properties":{"name":"Ferralith Cave (N: 9441, E: 6373)","size":1,"tier":1},"geometry":{"type":"Point","coordinates":[19120,28322]}},{"type":"Feature","properties":{"name":"Large Pyrelite Cave (N: 9483, E: 5604)","size":2,"tier":2},"geometry":{"type":"Point","coordinates":[16813,28449]}},{"type":"Feature","properties":{"name":"Large Ferralith Cave (N: 9496, E: 5864)","size":2,"tier":1},"geometry":{"type":"Point","coordinates":[17592,28488]}},{"type":"Feature","properties":{"name":"Large Emarium Cave (N: 9499, E: 6548)","size":2,"tier":3},"geometry":{"type":"Point","coordinates":[19644,28497]}},{"type":"Feature","properties":{"name":"Large Pyrelite Cave (N: 9494, E: 6008)","size":2,"tier":2},"geometry":{"type":"Point","coordinates":[18025,28483]}},{"type":"Feature","properties":{"name":"Large Ferralith Cave (N: 9477, E: 6970)","size":2,"tier":1},"geometry":{"type":"Point","coordinates":[20913,28432]}},{"type":"Feature","properties":{"name":"Large Ferralith Cave (N: 9512, E: 7167)","size":2,"tier":1},"geometry":{"type":"Point","coordinates":[21500,28536]}},{"type":"Feature","properties":{"name":"Large Pyrelite Cave (N: 9504, E: 6268)","size":2,"tier":2},"geometry":{"type":"Point","coordinates":[18805,28513]}},{"type":"Feature","properties":{"name":"Large Pyrelite Cave (N: 9524, E: 6657)","size":2,"tier":2},"geometry":{"type":"Point","coordinates":[19972,28573]}},{"type":"Feature","properties":{"name":"Ferralith Cave (N: 9510, E: 7061)","size":1,"tier":1},"geometry":{"type":"Point","coordinates":[21182,28531]}},{"type":"Feature","properties":{"name":"Large Ferralith Cave (N: 9557, E: 5929)","size":2,"tier":1},"geometry":{"type":"Point","coordinates":[17789,28671]}},{"type":"Feature","properties":{"name":"Large Emarium Cave (N: 9563, E: 6451)","size":2,"tier":3},"geometry":{"type":"Point","coordinates":[19355,28689]}},{"type":"Feature","properties":{"name":"Large Ferralith Cave (N: 9537, E: 6916)","size":2,"tier":1},"geometry":{"type":"Point","coordinates":[20748,28611]}},{"type":"Feature","properties":{"name":"Large Emarium Cave (N: 9567, E: 5513)","size":2,"tier":3},"geometry":{"type":"Point","coordinates":[16540,28702]}},{"type":"Feature","properties":{"name":"Ferralith Cave (N: 9552, E: 7021)","size":1,"tier":1},"geometry":{"type":"Point","coordinates":[21063,28655]}},{"type":"Feature","properties":{"name":"Large Emarium Cave (N: 9591, E: 5697)","size":2,"tier":3},"geometry":{"type":"Point","coordinates":[17092,28773]}},{"type":"Feature","properties":{"name":"Ferralith Cave (N: 9579, E: 7086)","size":1,"tier":1},"geometry":{"type":"Point","coordinates":[21261,28738]}},{"type":"Feature","properties":{"name":"Large Ferralith Cave (N: 9586, E: 7379)","size":2,"tier":1},"geometry":{"type":"Point","coordinates":[22137,28759]}},{"type":"Feature","properties":{"name":"Large Emarium Cave (N: 9577, E: 6766)","size":2,"tier":3},"geometry":{"type":"Point","coordinates":[20299,28730]}},{"type":"Feature","properties":{"name":"Ferralith Cave (N: 9608, E: 6992)","size":1,"tier":1},"geometry":{"type":"Point","coordinates":[20976,28825]}},{"type":"Feature","properties":{"name":"Large Emarium Cave (N: 9616, E: 5812)","size":2,"tier":3},"geometry":{"type":"Point","coordinates":[17435,28847]}},{"type":"Feature","properties":{"name":"Large Ferralith Cave (N: 9603, E: 6008)","size":2,"tier":1},"geometry":{"type":"Point","coordinates":[18024,28808]}},{"type":"Feature","properties":{"name":"Large Ferralith Cave (N: 9619, E: 6106)","size":2,"tier":1},"geometry":{"type":"Point","coordinates":[18319,28856]}},{"type":"Feature","properties":{"name":"Large Emarium Cave (N: 9620, E: 6346)","size":2,"tier":3},"geometry":{"type":"Point","coordinates":[19036,28859]}},{"type":"Feature","properties":{"name":"Large Pyrelite Cave (N: 9624, E: 6555)","size":2,"tier":2},"geometry":{"type":"Point","coordinates":[19663,28871]}},{"type":"Feature","properties":{"name":"Large Ferralith Cave (N: 9604, E: 7278)","size":2,"tier":1},"geometry":{"type":"Point","coordinates":[21832,28811]}},{"type":"Feature","properties":{"name":"Large Emarium Cave (N: 9608, E: 7493)","size":2,"tier":3},"geometry":{"type":"Point","coordinates":[22478,28823]}},{"type":"Feature","properties":{"name":"Large Emarium Cave (N: 9658, E: 6855)","size":2,"tier":3},"geometry":{"type":"Point","coordinates":[20565,28974]}},{"type":"Feature","properties":{"name":"Large Emarium Cave (N: 9649, E: 5602)","size":2,"tier":3},"geometry":{"type":"Point","coordinates":[16809,28948]}},{"type":"Feature","properties":{"name":"Large Ferralith Cave (N: 9675, E: 6167)","size":2,"tier":1},"geometry":{"type":"Point","coordinates":[18503,29025]}},{"type":"Feature","properties":{"name":"Large Ferralith Cave (N: 9687, E: 6428)","size":2,"tier":1},"geometry":{"type":"Point","coordinates":[19287,29062]}},{"type":"Feature","properties":{"name":"Large Ferralith Cave (N: 9674, E: 6671)","size":2,"tier":1},"geometry":{"type":"Point","coordinates":[20013,29021]}},{"type":"Feature","properties":{"name":"Large Ferralith Cave (N: 9674, E: 7045)","size":2,"tier":1},"geometry":{"type":"Point","coordinates":[21133,29021]}},{"type":"Feature","properties":{"name":"Large Pyrelite Cave (N: 9715, E: 7347)","size":2,"tier":2},"geometry":{"type":"Point","coordinates":[22042,29145]}},{"type":"Feature","properties":{"name":"Large Emarium Cave (N: 9726, E: 6036)","size":2,"tier":3},"geometry":{"type":"Point","coordinates":[18109,29179]}},{"type":"Feature","properties":{"name":"Large Ferralith Cave (N: 9699, E: 6255)","size":2,"tier":1},"geometry":{"type":"Point","coordinates":[18767,29098]}},{"type":"Feature","properties":{"name":"Large Ferralith Cave (N: 9697, E: 6752)","size":2,"tier":1},"geometry":{"type":"Point","coordinates":[20257,29092]}},{"type":"Feature","properties":{"name":"Large Pyrelite Cave (N: 9721, E: 5903)","size":2,"tier":2},"geometry":{"type":"Point","coordinates":[17711,29162]}},{"type":"Feature","properties":{"name":"Large Ferralith Cave (N: 9718, E: 6609)","size":2,"tier":1},"geometry":{"type":"Point","coordinates":[19825,29153]}},{"type":"Feature","properties":{"name":"Large Emarium Cave (N: 9734, E: 6943)","size":2,"tier":3},"geometry":{"type":"Point","coordinates":[20829,29203]}},{"type":"Feature","properties":{"name":"Large Emarium Cave (N: 9751, E: 7134)","size":2,"tier":3},"geometry":{"type":"Point","coordinates":[21404,29254]}},{"type":"Feature","properties":{"name":"Large Pyrelite Cave (N: 9788, E: 5387)","size":2,"tier":2},"geometry":{"type":"Point","coordinates":[16160,29364]}},{"type":"Feature","properties":{"name":"Large Pyrelite Cave (N: 9791, E: 6415)","size":2,"tier":2},"geometry":{"type":"Point","coordinates":[19245,29373]}},{"type":"Feature","properties":{"name":"Large Ferralith Cave (N: 9788, E: 7532)","size":2,"tier":1},"geometry":{"type":"Point","coordinates":[22596,29364]}},{"type":"Feature","properties":{"name":"Large Pyrelite Cave (N: 9761, E: 6328)","size":2,"tier":2},"geometry":{"type":"Point","coordinates":[18985,29284]}},{"type":"Feature","properties":{"name":"Large Ferralith Cave (N: 9761, E: 6685)","size":2,"tier":1},"geometry":{"type":"Point","coordinates":[20056,29284]}},{"type":"Feature","properties":{"name":"Large Pyrelite Cave (N: 9765, E: 6508)","size":2,"tier":2},"geometry":{"type":"Point","coordinates":[19524,29294]}},{"type":"Feature","properties":{"name":"Large Ferralith Cave (N: 9813, E: 7292)","size":2,"tier":1},"geometry":{"type":"Point","coordinates":[21877,29439]}},{"type":"Feature","properties":{"name":"Large Ferralith Cave (N: 9822, E: 5880)","size":2,"tier":1},"geometry":{"type":"Point","coordinates":[17640,29467]}},{"type":"Feature","properties":{"name":"Large Pyrelite Cave (N: 9808, E: 6205)","size":2,"tier":2},"geometry":{"type":"Point","coordinates":[18615,29425]}},{"type":"Feature","properties":{"name":"Large Emarium Cave (N: 9802, E: 6818)","size":2,"tier":3},"geometry":{"type":"Point","coordinates":[20453,29407]}},{"type":"Feature","properties":{"name":"Large Pyrelite Cave (N: 9812, E: 7041)","size":2,"tier":2},"geometry":{"type":"Point","coordinates":[21123,29437]}},{"type":"Feature","properties":{"name":"Large Pyrelite Cave (N: 9854, E: 6122)","size":2,"tier":2},"geometry":{"type":"Point","coordinates":[18365,29562]}},{"type":"Feature","properties":{"name":"Large Emarium Cave (N: 9827, E: 7426)","size":2,"tier":3},"geometry":{"type":"Point","coordinates":[22279,29481]}},{"type":"Feature","properties":{"name":"Large Pyrelite Cave (N: 9828, E: 5523)","size":2,"tier":2},"geometry":{"type":"Point","coordinates":[16570,29485]}},{"type":"Feature","properties":{"name":"Large Emarium Cave (N: 9838, E: 6600)","size":2,"tier":3},"geometry":{"type":"Point","coordinates":[19799,29515]}},{"type":"Feature","properties":{"name":"Large Pyrelite Cave (N: 9881, E: 5448)","size":2,"tier":2},"geometry":{"type":"Point","coordinates":[16345,29643]}},{"type":"Feature","properties":{"name":"Large Emarium Cave (N: 9858, E: 5987)","size":2,"tier":3},"geometry":{"type":"Point","coordinates":[17962,29574]}},{"type":"Feature","properties":{"name":"Large Pyrelite Cave (N: 9882, E: 6311)","size":2,"tier":2},"geometry":{"type":"Point","coordinates":[18932,29646]}},{"type":"Feature","properties":{"name":"Large Emarium Cave (N: 9865, E: 6947)","size":2,"tier":3},"geometry":{"type":"Point","coordinates":[20841,29595]}},{"type":"Feature","properties":{"name":"Large Pyrelite Cave (N: 9863, E: 6718)","size":2,"tier":2},"geometry":{"type":"Point","coordinates":[20154,29588]}},{"type":"Feature","properties":{"name":"Large Emarium Cave (N: 9879, E: 7204)","size":2,"tier":3},"geometry":{"type":"Point","coordinates":[21614,29636]}},{"type":"Feature","properties":{"name":"Large Rathium Cave (N: 9888, E: 5695)","size":2,"tier":6},"geometry":{"type":"Point","coordinates":[17084,29664]}},{"type":"Feature","properties":{"name":"Large Emarium Cave (N: 9910, E: 6474)","size":2,"tier":3},"geometry":{"type":"Point","coordinates":[19422,29729]}},{"type":"Feature","properties":{"name":"Large Pyrelite Cave (N: 9921, E: 7050)","size":2,"tier":2},"geometry":{"type":"Point","coordinates":[21152,29763]}},{"type":"Feature","properties":{"name":"Large Emarium Cave (N: 9948, E: 6207)","size":2,"tier":3},"geometry":{"type":"Point","coordinates":[18622,29845]}},{"type":"Feature","properties":{"name":"Large Ferralith Cave (N: 9928, E: 7309)","size":2,"tier":1},"geometry":{"type":"Point","coordinates":[21927,29785]}},{"type":"Feature","properties":{"name":"Large Pyrelite Cave (N: 9930, E: 5880)","size":2,"tier":2},"geometry":{"type":"Point","coordinates":[17640,29789]}},{"type":"Feature","properties":{"name":"Large Pyrelite Cave (N: 9986, E: 6334)","size":2,"tier":2},"geometry":{"type":"Point","coordinates":[19001,29958]}},{"type":"Feature","properties":{"name":"Large Emarium Cave (N: 10000, E: 7172)","size":2,"tier":3},"geometry":{"type":"Point","coordinates":[21516,30001]}},{"type":"Feature","properties":{"name":"Large Emarium Cave (N: 9992, E: 6592)","size":2,"tier":3},"geometry":{"type":"Point","coordinates":[19774,29975]}},{"type":"Feature","properties":{"name":"Large Pyrelite Cave (N: 10000, E: 6860)","size":2,"tier":2},"geometry":{"type":"Point","coordinates":[20579,29999]}},{"type":"Feature","properties":{"name":"Large Emarium Cave (N: 10025, E: 6067)","size":2,"tier":3},"geometry":{"type":"Point","coordinates":[18203,30076]}},{"type":"Feature","properties":{"name":"Large Pyrelite Cave (N: 10042, E: 6687)","size":2,"tier":2},"geometry":{"type":"Point","coordinates":[20060,30125]}},{"type":"Feature","properties":{"name":"Large Pyrelite Cave (N: 10021, E: 6956)","size":2,"tier":2},"geometry":{"type":"Point","coordinates":[20870,30062]}},{"type":"Feature","properties":{"name":"Large Pyrelite Cave (N: 10024, E: 7064)","size":2,"tier":2},"geometry":{"type":"Point","coordinates":[21192,30071]}},{"type":"Feature","properties":{"name":"Large Emarium Cave (N: 10048, E: 5895)","size":2,"tier":3},"geometry":{"type":"Point","coordinates":[17684,30144]}},{"type":"Feature","properties":{"name":"Large Emarium Cave (N: 10143, E: 7050)","size":2,"tier":3},"geometry":{"type":"Point","coordinates":[21153,30430]}},{"type":"Feature","properties":{"name":"Large Emarium Cave (N: 10145, E: 6842)","size":2,"tier":3},"geometry":{"type":"Point","coordinates":[20526,30435]}},{"type":"Feature","properties":{"name":"Large Ferralith Cave (N: 8985, E: 6331)","size":2,"tier":1},"geometry":{"type":"Point","coordinates":[18994,26955]}},{"type":"Feature","properties":{"name":"Large Ferralith Cave (N: 8671, E: 6289)","size":2,"tier":1},"geometry":{"type":"Point","coordinates":[18868,26013]}},{"type":"Feature","properties":{"name":"Large Ferralith Cave (N: 8782, E: 6831)","size":2,"tier":1},"geometry":{"type":"Point","coordinates":[20493,26346]}},{"type":"Feature","properties":{"name":"Large Ferralith Cave (N: 8478, E: 6772)","size":2,"tier":1},"geometry":{"type":"Point","coordinates":[20316,25434]}},{"type":"Feature","properties":{"name":"Large Ferralith Cave (N: 7795, E: 9014)","size":2,"tier":1},"geometry":{"type":"Point","coordinates":[27044,23384]}},{"type":"Feature","properties":{"name":"Ferralith Cave (N: 7865, E: 9129)","size":1,"tier":1},"geometry":{"type":"Point","coordinates":[27388,23596]}},{"type":"Feature","properties":{"name":"Ferralith Cave (N: 7859, E: 9073)","size":1,"tier":1},"geometry":{"type":"Point","coordinates":[27219,23576]}},{"type":"Feature","properties":{"name":"Large Elenvar Cave (N: 7921, E: 9874)","size":2,"tier":4},"geometry":{"type":"Point","coordinates":[29624,23763]}},{"type":"Feature","properties":{"name":"Ferralith Cave (N: 7912, E: 9085)","size":1,"tier":1},"geometry":{"type":"Point","coordinates":[27254,23737]}},{"type":"Feature","properties":{"name":"Large Luminite Cave (N: 7918, E: 8281)","size":2,"tier":5},"geometry":{"type":"Point","coordinates":[24841,23753]}},{"type":"Feature","properties":{"name":"Large Ferralith Cave (N: 7947, E: 9004)","size":2,"tier":1},"geometry":{"type":"Point","coordinates":[27013,23842]}},{"type":"Feature","properties":{"name":"Ferralith Cave (N: 7963, E: 9150)","size":1,"tier":1},"geometry":{"type":"Point","coordinates":[27451,23890]}},{"type":"Feature","properties":{"name":"Large Aurumite Cave (N: 7973, E: 9666)","size":2,"tier":7},"geometry":{"type":"Point","coordinates":[28999,23920]}},{"type":"Feature","properties":{"name":"Large Pyrelite Cave (N: 8023, E: 9077)","size":2,"tier":2},"geometry":{"type":"Point","coordinates":[27232,24070]}},{"type":"Feature","properties":{"name":"Ferralith Cave (N: 8008, E: 9227)","size":1,"tier":1},"geometry":{"type":"Point","coordinates":[27681,24025]}},{"type":"Feature","properties":{"name":"Large Luminite Cave (N: 8004, E: 8125)","size":2,"tier":5},"geometry":{"type":"Point","coordinates":[24373,24011]}},{"type":"Feature","properties":{"name":"Large Ferralith Cave (N: 8061, E: 8982)","size":2,"tier":1},"geometry":{"type":"Point","coordinates":[26946,24183]}},{"type":"Feature","properties":{"name":"Large Ferralith Cave (N: 8040, E: 9446)","size":2,"tier":1},"geometry":{"type":"Point","coordinates":[28337,24120]}},{"type":"Feature","properties":{"name":"Large Ferralith Cave (N: 8045, E: 9332)","size":2,"tier":1},"geometry":{"type":"Point","coordinates":[27999,24136]}},{"type":"Feature","properties":{"name":"Ferralith Cave (N: 8060, E: 9244)","size":1,"tier":1},"geometry":{"type":"Point","coordinates":[27731,24179]}},{"type":"Feature","properties":{"name":"Large Elenvar Cave (N: 8079, E: 9951)","size":2,"tier":4},"geometry":{"type":"Point","coordinates":[29854,24238]}},{"type":"Feature","properties":{"name":"Large Pyrelite Cave (N: 8105, E: 9162)","size":2,"tier":2},"geometry":{"type":"Point","coordinates":[27488,24314]}},{"type":"Feature","properties":{"name":"Ferralith Cave (N: 8136, E: 8925)","size":1,"tier":1},"geometry":{"type":"Point","coordinates":[26776,24408]}},{"type":"Feature","properties":{"name":"Large Ferralith Cave (N: 8151, E: 9407)","size":2,"tier":1},"geometry":{"type":"Point","coordinates":[28222,24454]}},{"type":"Feature","properties":{"name":"Large Elenvar Cave (N: 8133, E: 9809)","size":2,"tier":4},"geometry":{"type":"Point","coordinates":[29429,24400]}},{"type":"Feature","properties":{"name":"Large Ferralith Cave (N: 8137, E: 9328)","size":2,"tier":1},"geometry":{"type":"Point","coordinates":[27985,24410]}},{"type":"Feature","properties":{"name":"Ferralith Cave (N: 8172, E: 8871)","size":1,"tier":1},"geometry":{"type":"Point","coordinates":[26612,24516]}},{"type":"Feature","properties":{"name":"Large Luminite Cave (N: 8189, E: 7912)","size":2,"tier":5},"geometry":{"type":"Point","coordinates":[23738,24568]}},{"type":"Feature","properties":{"name":"Large Pyrelite Cave (N: 8168, E: 9054)","size":2,"tier":2},"geometry":{"type":"Point","coordinates":[27162,24505]}},{"type":"Feature","properties":{"name":"Large Luminite Cave (N: 8178, E: 8123)","size":2,"tier":5},"geometry":{"type":"Point","coordinates":[24368,24533]}},{"type":"Feature","properties":{"name":"Large Ferralith Cave (N: 8223, E: 8604)","size":2,"tier":1},"geometry":{"type":"Point","coordinates":[25812,24669]}},{"type":"Feature","properties":{"name":"Ferralith Cave (N: 8195, E: 8938)","size":1,"tier":1},"geometry":{"type":"Point","coordinates":[26814,24585]}},{"type":"Feature","properties":{"name":"Ferralith Cave (N: 8203, E: 9251)","size":1,"tier":1},"geometry":{"type":"Point","coordinates":[27755,24609]}},{"type":"Feature","properties":{"name":"Large Luminite Cave (N: 8200, E: 8302)","size":2,"tier":5},"geometry":{"type":"Point","coordinates":[24906,24599]}},{"type":"Feature","properties":{"name":"Ferralith Cave (N: 8229, E: 8979)","size":1,"tier":1},"geometry":{"type":"Point","coordinates":[26938,24687]}},{"type":"Feature","properties":{"name":"Ferralith Cave (N: 8255, E: 9207)","size":1,"tier":1},"geometry":{"type":"Point","coordinates":[27623,24765]}},{"type":"Feature","properties":{"name":"Large Pyrelite Cave (N: 8250, E: 8749)","size":2,"tier":2},"geometry":{"type":"Point","coordinates":[26246,24749]}},{"type":"Feature","properties":{"name":"Large Ferralith Cave (N: 8278, E: 9097)","size":2,"tier":1},"geometry":{"type":"Point","coordinates":[27292,24834]}},{"type":"Feature","properties":{"name":"Large Ferralith Cave (N: 8256, E: 8869)","size":2,"tier":1},"geometry":{"type":"Point","coordinates":[26606,24769]}},{"type":"Feature","properties":{"name":"Ferralith Cave (N: 8273, E: 8945)","size":1,"tier":1},"geometry":{"type":"Point","coordinates":[26836,24818]}},{"type":"Feature","properties":{"name":"Ferralith Cave (N: 8282, E: 9252)","size":1,"tier":1},"geometry":{"type":"Point","coordinates":[27756,24845]}},{"type":"Feature","properties":{"name":"Large Pyrelite Cave (N: 8288, E: 9675)","size":2,"tier":2},"geometry":{"type":"Point","coordinates":[29024,24863]}},{"type":"Feature","properties":{"name":"Large Elenvar Cave (N: 8286, E: 9866)","size":2,"tier":4},"geometry":{"type":"Point","coordinates":[29597,24857]}},{"type":"Feature","properties":{"name":"Large Ferralith Cave (N: 8289, E: 8531)","size":2,"tier":1},"geometry":{"type":"Point","coordinates":[25593,24866]}},{"type":"Feature","properties":{"name":"Ferralith Cave (N: 8300, E: 9001)","size":1,"tier":1},"geometry":{"type":"Point","coordinates":[27003,24899]}},{"type":"Feature","properties":{"name":"Ferralith Cave (N: 8323, E: 8598)","size":1,"tier":1},"geometry":{"type":"Point","coordinates":[25794,24969]}},{"type":"Feature","properties":{"name":"Large Ferralith Cave (N: 8351, E: 8854)","size":2,"tier":1},"geometry":{"type":"Point","coordinates":[26563,25054]}},{"type":"Feature","properties":{"name":"Ferralith Cave (N: 8326, E: 8950)","size":1,"tier":1},"geometry":{"type":"Point","coordinates":[26851,24979]}},{"type":"Feature","properties":{"name":"Ferralith Cave (N: 8352, E: 9002)","size":1,"tier":1},"geometry":{"type":"Point","coordinates":[27005,25055]}},{"type":"Feature","properties":{"name":"Large Emarium Cave (N: 8334, E: 9573)","size":2,"tier":3},"geometry":{"type":"Point","coordinates":[28719,25001]}},{"type":"Feature","properties":{"name":"Large Ferralith Cave (N: 8364, E: 8444)","size":2,"tier":1},"geometry":{"type":"Point","coordinates":[25332,25092]}},{"type":"Feature","properties":{"name":"Ferralith Cave (N: 8372, E: 9053)","size":1,"tier":1},"geometry":{"type":"Point","coordinates":[27158,25116]}},{"type":"Feature","properties":{"name":"Large Ferralith Cave (N: 8378, E: 9236)","size":2,"tier":1},"geometry":{"type":"Point","coordinates":[27709,25134]}},{"type":"Feature","properties":{"name":"Ferralith Cave (N: 8381, E: 8590)","size":1,"tier":1},"geometry":{"type":"Point","coordinates":[25773,25144]}},{"type":"Feature","properties":{"name":"Large Pyrelite Cave (N: 8383, E: 9729)","size":2,"tier":2},"geometry":{"type":"Point","coordinates":[29188,25150]}},{"type":"Feature","properties":{"name":"Large Luminite Cave (N: 8372, E: 7867)","size":2,"tier":5},"geometry":{"type":"Point","coordinates":[23599,25115]}},{"type":"Feature","properties":{"name":"Ferralith Cave (N: 8387, E: 8923)","size":1,"tier":1},"geometry":{"type":"Point","coordinates":[26771,25161]}},{"type":"Feature","properties":{"name":"Large Ferralith Cave (N: 8400, E: 9145)","size":2,"tier":1},"geometry":{"type":"Point","coordinates":[27436,25200]}},{"type":"Feature","properties":{"name":"Large Ferralith Cave (N: 8411, E: 8519)","size":2,"tier":1},"geometry":{"type":"Point","coordinates":[25560,25234]}},{"type":"Feature","properties":{"name":"Large Luminite Cave (N: 8443, E: 8257)","size":2,"tier":5},"geometry":{"type":"Point","coordinates":[24773,25329]}},{"type":"Feature","properties":{"name":"Large Ferralith Cave (N: 8418, E: 8797)","size":2,"tier":1},"geometry":{"type":"Point","coordinates":[26392,25254]}},{"type":"Feature","properties":{"name":"Ferralith Cave (N: 8436, E: 8877)","size":1,"tier":1},"geometry":{"type":"Point","coordinates":[26632,25309]}},{"type":"Feature","properties":{"name":"Large Ferralith Cave (N: 8436, E: 9332)","size":2,"tier":1},"geometry":{"type":"Point","coordinates":[27996,25307]}},{"type":"Feature","properties":{"name":"Large Elenvar Cave (N: 8453, E: 9918)","size":2,"tier":4},"geometry":{"type":"Point","coordinates":[29754,25359]}},{"type":"Feature","properties":{"name":"Large Ferralith Cave (N: 8449, E: 8668)","size":2,"tier":1},"geometry":{"type":"Point","coordinates":[26006,25348]}},{"type":"Feature","properties":{"name":"Large Luminite Cave (N: 8465, E: 8084)","size":2,"tier":5},"geometry":{"type":"Point","coordinates":[24252,25394]}},{"type":"Feature","properties":{"name":"Ferralith Cave (N: 8460, E: 8917)","size":1,"tier":1},"geometry":{"type":"Point","coordinates":[26750,25379]}},{"type":"Feature","properties":{"name":"Large Pyrelite Cave (N: 8476, E: 9019)","size":2,"tier":2},"geometry":{"type":"Point","coordinates":[27056,25427]}},{"type":"Feature","properties":{"name":"Ferralith Cave (N: 8463, E: 9200)","size":1,"tier":1},"geometry":{"type":"Point","coordinates":[27600,25388]}},{"type":"Feature","properties":{"name":"Large Emarium Cave (N: 8456, E: 9633)","size":2,"tier":3},"geometry":{"type":"Point","coordinates":[28897,25367]}},{"type":"Feature","properties":{"name":"Large Ferralith Cave (N: 8494, E: 8585)","size":2,"tier":1},"geometry":{"type":"Point","coordinates":[25754,25482]}},{"type":"Feature","properties":{"name":"Ferralith Cave (N: 8502, E: 8887)","size":1,"tier":1},"geometry":{"type":"Point","coordinates":[26660,25506]}},{"type":"Feature","properties":{"name":"Ferralith Cave (N: 8486, E: 9266)","size":1,"tier":1},"geometry":{"type":"Point","coordinates":[27797,25458]}},{"type":"Feature","properties":{"name":"Large Elenvar Cave (N: 8506, E: 10079)","size":2,"tier":4},"geometry":{"type":"Point","coordinates":[30238,25518]}},{"type":"Feature","properties":{"name":"Ferralith Cave (N: 8486, E: 8738)","size":1,"tier":1},"geometry":{"type":"Point","coordinates":[26213,25459]}},{"type":"Feature","properties":{"name":"Large Pyrelite Cave (N: 8497, E: 9485)","size":2,"tier":2},"geometry":{"type":"Point","coordinates":[28457,25492]}},{"type":"Feature","properties":{"name":"Large Ferralith Cave (N: 8500, E: 8485)","size":2,"tier":1},"geometry":{"type":"Point","coordinates":[25453,25499]}},{"type":"Feature","properties":{"name":"Ferralith Cave (N: 8536, E: 9094)","size":1,"tier":1},"geometry":{"type":"Point","coordinates":[27283,25608]}},{"type":"Feature","properties":{"name":"Ferralith Cave (N: 8523, E: 8825)","size":1,"tier":1},"geometry":{"type":"Point","coordinates":[26476,25570]}},{"type":"Feature","properties":{"name":"Large Pyrelite Cave (N: 8533, E: 9724)","size":2,"tier":2},"geometry":{"type":"Point","coordinates":[29175,25600]}},{"type":"Feature","properties":{"name":"Ferralith Cave (N: 8541, E: 8950)","size":1,"tier":1},"geometry":{"type":"Point","coordinates":[26851,25622]}},{"type":"Feature","properties":{"name":"Ferralith Cave (N: 8515, E: 9140)","size":1,"tier":1},"geometry":{"type":"Point","coordinates":[27420,25544]}},{"type":"Feature","properties":{"name":"Ferralith Cave (N: 8560, E: 8901)","size":1,"tier":1},"geometry":{"type":"Point","coordinates":[26702,25680]}},{"type":"Feature","properties":{"name":"Large Ferralith Cave (N: 8558, E: 9206)","size":2,"tier":1},"geometry":{"type":"Point","coordinates":[27617,25674]}},{"type":"Feature","properties":{"name":"Ferralith Cave (N: 8564, E: 9292)","size":1,"tier":1},"geometry":{"type":"Point","coordinates":[27876,25692]}},{"type":"Feature","properties":{"name":"Large Luminite Cave (N: 8554, E: 7893)","size":2,"tier":5},"geometry":{"type":"Point","coordinates":[23680,25663]}},{"type":"Feature","properties":{"name":"Ferralith Cave (N: 8551, E: 8782)","size":1,"tier":1},"geometry":{"type":"Point","coordinates":[26347,25654]}},{"type":"Feature","properties":{"name":"Ferralith Cave (N: 8544, E: 9352)","size":1,"tier":1},"geometry":{"type":"Point","coordinates":[28055,25633]}},{"type":"Feature","properties":{"name":"Large Pyrelite Cave (N: 8566, E: 9811)","size":2,"tier":2},"geometry":{"type":"Point","coordinates":[29434,25699]}},{"type":"Feature","properties":{"name":"Ferralith Cave (N: 8567, E: 8641)","size":1,"tier":1},"geometry":{"type":"Point","coordinates":[25924,25700]}},{"type":"Feature","properties":{"name":"Ferralith Cave (N: 8571, E: 8722)","size":1,"tier":1},"geometry":{"type":"Point","coordinates":[26167,25712]}},{"type":"Feature","properties":{"name":"Ferralith Cave (N: 8592, E: 8543)","size":1,"tier":1},"geometry":{"type":"Point","coordinates":[25630,25776]}},{"type":"Feature","properties":{"name":"Ferralith Cave (N: 8577, E: 9407)","size":1,"tier":1},"geometry":{"type":"Point","coordinates":[28222,25731]}},{"type":"Feature","properties":{"name":"Large Pyrelite Cave (N: 8577, E: 9580)","size":2,"tier":2},"geometry":{"type":"Point","coordinates":[28741,25731]}},{"type":"Feature","properties":{"name":"Ferralith Cave (N: 8596, E: 8839)","size":1,"tier":1},"geometry":{"type":"Point","coordinates":[26516,25789]}},{"type":"Feature","properties":{"name":"Ferralith Cave (N: 8602, E: 8951)","size":1,"tier":1},"geometry":{"type":"Point","coordinates":[26853,25807]}},{"type":"Feature","properties":{"name":"Large Pyrelite Cave (N: 8599, E: 8382)","size":2,"tier":2},"geometry":{"type":"Point","coordinates":[25147,25796]}},{"type":"Feature","properties":{"name":"Ferralith Cave (N: 8597, E: 8592)","size":1,"tier":1},"geometry":{"type":"Point","coordinates":[25778,25790]}},{"type":"Feature","properties":{"name":"Large Ferralith Cave (N: 8582, E: 9027)","size":2,"tier":1},"geometry":{"type":"Point","coordinates":[27080,25745]}},{"type":"Feature","properties":{"name":"Ferralith Cave (N: 8618, E: 8799)","size":1,"tier":1},"geometry":{"type":"Point","coordinates":[26396,25854]}},{"type":"Feature","properties":{"name":"Ferralith Cave (N: 8613, E: 8884)","size":1,"tier":1},"geometry":{"type":"Point","coordinates":[26652,25839]}},{"type":"Feature","properties":{"name":"Ferralith Cave (N: 8634, E: 8661)","size":1,"tier":1},"geometry":{"type":"Point","coordinates":[25983,25903]}},{"type":"Feature","properties":{"name":"Large Elenvar Cave (N: 8622, E: 9970)","size":2,"tier":4},"geometry":{"type":"Point","coordinates":[29910,25867]}},{"type":"Feature","properties":{"name":"Large Ferralith Cave (N: 8629, E: 9133)","size":2,"tier":1},"geometry":{"type":"Point","coordinates":[27400,25886]}},{"type":"Feature","properties":{"name":"Large Luminite Cave (N: 8656, E: 8200)","size":2,"tier":5},"geometry":{"type":"Point","coordinates":[24600,25968]}},{"type":"Feature","properties":{"name":"Large Ferralith Cave (N: 8657, E: 9275)","size":2,"tier":1},"geometry":{"type":"Point","coordinates":[27825,25971]}},{"type":"Feature","properties":{"name":"Ferralith Cave (N: 8663, E: 8581)","size":1,"tier":1},"geometry":{"type":"Point","coordinates":[25745,25990]}},{"type":"Feature","properties":{"name":"Ferralith Cave (N: 8653, E: 8929)","size":1,"tier":1},"geometry":{"type":"Point","coordinates":[26789,25960]}},{"type":"Feature","properties":{"name":"Ferralith Cave (N: 8662, E: 8981)","size":1,"tier":1},"geometry":{"type":"Point","coordinates":[26942,25987]}},{"type":"Feature","properties":{"name":"Large Luminite Cave (N: 8663, E: 8023)","size":2,"tier":5},"geometry":{"type":"Point","coordinates":[24070,25988]}},{"type":"Feature","properties":{"name":"Ferralith Cave (N: 8663, E: 8725)","size":1,"tier":1},"geometry":{"type":"Point","coordinates":[26175,25988]}},{"type":"Feature","properties":{"name":"Ferralith Cave (N: 8677, E: 8857)","size":1,"tier":1},"geometry":{"type":"Point","coordinates":[26572,26032]}},{"type":"Feature","properties":{"name":"Ferralith Cave (N: 8692, E: 8802)","size":1,"tier":1},"geometry":{"type":"Point","coordinates":[26406,26077]}},{"type":"Feature","properties":{"name":"Large Ferralith Cave (N: 8674, E: 9389)","size":2,"tier":1},"geometry":{"type":"Point","coordinates":[28167,26023]}},{"type":"Feature","properties":{"name":"Large Pyrelite Cave (N: 8672, E: 9805)","size":2,"tier":2},"geometry":{"type":"Point","coordinates":[29414,26017]}},{"type":"Feature","properties":{"name":"Ferralith Cave (N: 8683, E: 8622)","size":1,"tier":1},"geometry":{"type":"Point","coordinates":[25868,26048]}},{"type":"Feature","properties":{"name":"Large Pyrelite Cave (N: 8704, E: 9696)","size":2,"tier":2},"geometry":{"type":"Point","coordinates":[29087,26111]}},{"type":"Feature","properties":{"name":"Large Elenvar Cave (N: 8674, E: 10121)","size":2,"tier":4},"geometry":{"type":"Point","coordinates":[30361,26021]}},{"type":"Feature","properties":{"name":"Ferralith Cave (N: 8708, E: 8548)","size":1,"tier":1},"geometry":{"type":"Point","coordinates":[25645,26125]}},{"type":"Feature","properties":{"name":"Ferralith Cave (N: 8705, E: 8939)","size":1,"tier":1},"geometry":{"type":"Point","coordinates":[26818,26116]}},{"type":"Feature","properties":{"name":"Ferralith Cave (N: 8729, E: 8886)","size":1,"tier":1},"geometry":{"type":"Point","coordinates":[26660,26188]}},{"type":"Feature","properties":{"name":"Large Ferralith Cave (N: 8714, E: 9200)","size":2,"tier":1},"geometry":{"type":"Point","coordinates":[27600,26143]}},{"type":"Feature","properties":{"name":"Ferralith Cave (N: 8718, E: 8677)","size":1,"tier":1},"geometry":{"type":"Point","coordinates":[26030,26153]}},{"type":"Feature","properties":{"name":"Large Ferralith Cave (N: 8717, E: 9046)","size":2,"tier":1},"geometry":{"type":"Point","coordinates":[27138,26150]}},{"type":"Feature","properties":{"name":"Large Emarium Cave (N: 8717, E: 9486)","size":2,"tier":3},"geometry":{"type":"Point","coordinates":[28459,26150]}},{"type":"Feature","properties":{"name":"Large Elenvar Cave (N: 8752, E: 8413)","size":2,"tier":4},"geometry":{"type":"Point","coordinates":[25239,26256]}},{"type":"Feature","properties":{"name":"Ferralith Cave (N: 8762, E: 8718)","size":1,"tier":1},"geometry":{"type":"Point","coordinates":[26155,26286]}},{"type":"Feature","properties":{"name":"Ferralith Cave (N: 8739, E: 8839)","size":1,"tier":1},"geometry":{"type":"Point","coordinates":[26519,26217]}},{"type":"Feature","properties":{"name":"Ferralith Cave (N: 8743, E: 8766)","size":1,"tier":1},"geometry":{"type":"Point","coordinates":[26300,26230]}},{"type":"Feature","properties":{"name":"Large Pyrelite Cave (N: 8744, E: 9615)","size":2,"tier":2},"geometry":{"type":"Point","coordinates":[28846,26233]}},{"type":"Feature","properties":{"name":"Large Luminite Cave (N: 8783, E: 7811)","size":2,"tier":5},"geometry":{"type":"Point","coordinates":[23435,26349]}},{"type":"Feature","properties":{"name":"Ferralith Cave (N: 8778, E: 8933)","size":1,"tier":1},"geometry":{"type":"Point","coordinates":[26800,26335]}},{"type":"Feature","properties":{"name":"Large Ferralith Cave (N: 8781, E: 9276)","size":2,"tier":1},"geometry":{"type":"Point","coordinates":[27829,26344]}},{"type":"Feature","properties":{"name":"Large Ferralith Cave (N: 8773, E: 8619)","size":2,"tier":1},"geometry":{"type":"Point","coordinates":[25857,26318]}},{"type":"Feature","properties":{"name":"Ferralith Cave (N: 8775, E: 8803)","size":1,"tier":1},"geometry":{"type":"Point","coordinates":[26410,26324]}},{"type":"Feature","properties":{"name":"Ferralith Cave (N: 8783, E: 8873)","size":1,"tier":1},"geometry":{"type":"Point","coordinates":[26621,26348]}},{"type":"Feature","properties":{"name":"Large Ferralith Cave (N: 8789, E: 9100)","size":2,"tier":1},"geometry":{"type":"Point","coordinates":[27300,26366]}},{"type":"Feature","properties":{"name":"Ferralith Cave (N: 8809, E: 9020)","size":1,"tier":1},"geometry":{"type":"Point","coordinates":[27060,26427]}},{"type":"Feature","properties":{"name":"Ferralith Cave (N: 8803, E: 9352)","size":1,"tier":1},"geometry":{"type":"Point","coordinates":[28057,26409]}},{"type":"Feature","properties":{"name":"Large Ferralith Cave (N: 8808, E: 9176)","size":2,"tier":1},"geometry":{"type":"Point","coordinates":[27529,26425]}},{"type":"Feature","properties":{"name":"Large Elenvar Cave (N: 8813, E: 9975)","size":2,"tier":4},"geometry":{"type":"Point","coordinates":[29926,26440]}},{"type":"Feature","properties":{"name":"Ferralith Cave (N: 8803, E: 8762)","size":1,"tier":1},"geometry":{"type":"Point","coordinates":[26288,26408]}},{"type":"Feature","properties":{"name":"Large Pyrelite Cave (N: 8839, E: 7961)","size":2,"tier":2},"geometry":{"type":"Point","coordinates":[23885,26517]}},{"type":"Feature","properties":{"name":"Large Pyrelite Cave (N: 8833, E: 8116)","size":2,"tier":2},"geometry":{"type":"Point","coordinates":[24349,26499]}},{"type":"Feature","properties":{"name":"Large Pyrelite Cave (N: 8844, E: 8225)","size":2,"tier":2},"geometry":{"type":"Point","coordinates":[24675,26532]}},{"type":"Feature","properties":{"name":"Ferralith Cave (N: 8857, E: 8765)","size":1,"tier":1},"geometry":{"type":"Point","coordinates":[26295,26571]}},{"type":"Feature","properties":{"name":"Large Pyrelite Cave (N: 8834, E: 9441)","size":2,"tier":2},"geometry":{"type":"Point","coordinates":[28324,26502]}},{"type":"Feature","properties":{"name":"Ferralith Cave (N: 8855, E: 8962)","size":1,"tier":1},"geometry":{"type":"Point","coordinates":[26889,26566]}},{"type":"Feature","properties":{"name":"Ferralith Cave (N: 8837, E: 8837)","size":1,"tier":1},"geometry":{"type":"Point","coordinates":[26511,26510]}},{"type":"Feature","properties":{"name":"Ferralith Cave (N: 8880, E: 9013)","size":1,"tier":1},"geometry":{"type":"Point","coordinates":[27039,26640]}},{"type":"Feature","properties":{"name":"Ferralith Cave (N: 8873, E: 9070)","size":1,"tier":1},"geometry":{"type":"Point","coordinates":[27210,26619]}},{"type":"Feature","properties":{"name":"Large Ferralith Cave (N: 8868, E: 9262)","size":2,"tier":1},"geometry":{"type":"Point","coordinates":[27786,26604]}},{"type":"Feature","properties":{"name":"Large Pyrelite Cave (N: 8894, E: 8039)","size":2,"tier":2},"geometry":{"type":"Point","coordinates":[24118,26683]}},{"type":"Feature","properties":{"name":"Ferralith Cave (N: 8879, E: 9352)","size":1,"tier":1},"geometry":{"type":"Point","coordinates":[28058,26638]}},{"type":"Feature","properties":{"name":"Large Pyrelite Cave (N: 8865, E: 9673)","size":2,"tier":2},"geometry":{"type":"Point","coordinates":[29022,26596]}},{"type":"Feature","properties":{"name":"Ferralith Cave (N: 8871, E: 8878)","size":1,"tier":1},"geometry":{"type":"Point","coordinates":[26634,26612]}},{"type":"Feature","properties":{"name":"Large Emarium Cave (N: 8870, E: 9804)","size":2,"tier":3},"geometry":{"type":"Point","coordinates":[29410,26609]}},{"type":"Feature","properties":{"name":"Large Ferralith Cave (N: 8919, E: 8319)","size":2,"tier":1},"geometry":{"type":"Point","coordinates":[24958,26757]}},{"type":"Feature","properties":{"name":"Ferralith Cave (N: 8906, E: 9121)","size":1,"tier":1},"geometry":{"type":"Point","coordinates":[27363,26718]}},{"type":"Feature","properties":{"name":"Large Emarium Cave (N: 8924, E: 9519)","size":2,"tier":3},"geometry":{"type":"Point","coordinates":[28558,26773]}},{"type":"Feature","properties":{"name":"Large Ferralith Cave (N: 8918, E: 9203)","size":2,"tier":1},"geometry":{"type":"Point","coordinates":[27607,26753]}},{"type":"Feature","properties":{"name":"Large Pyrelite Cave (N: 8933, E: 8485)","size":2,"tier":2},"geometry":{"type":"Point","coordinates":[25457,26799]}},{"type":"Feature","properties":{"name":"Ferralith Cave (N: 8955, E: 8923)","size":1,"tier":1},"geometry":{"type":"Point","coordinates":[26770,26865]}},{"type":"Feature","properties":{"name":"Ferralith Cave (N: 8941, E: 9018)","size":1,"tier":1},"geometry":{"type":"Point","coordinates":[27055,26823]}},{"type":"Feature","properties":{"name":"Ferralith Cave (N: 8930, E: 9066)","size":1,"tier":1},"geometry":{"type":"Point","coordinates":[27198,26790]}},{"type":"Feature","properties":{"name":"Ferralith Cave (N: 8958, E: 9103)","size":1,"tier":1},"geometry":{"type":"Point","coordinates":[27310,26874]}},{"type":"Feature","properties":{"name":"Large Elenvar Cave (N: 8953, E: 10059)","size":2,"tier":4},"geometry":{"type":"Point","coordinates":[30179,26860]}},{"type":"Feature","properties":{"name":"Ferralith Cave (N: 8956, E: 8186)","size":1,"tier":1},"geometry":{"type":"Point","coordinates":[24558,26867]}},{"type":"Feature","properties":{"name":"Large Ferralith Cave (N: 8952, E: 8834)","size":2,"tier":1},"geometry":{"type":"Point","coordinates":[26502,26855]}},{"type":"Feature","properties":{"name":"Ferralith Cave (N: 8982, E: 9142)","size":1,"tier":1},"geometry":{"type":"Point","coordinates":[27426,26946]}},{"type":"Feature","properties":{"name":"Ferralith Cave (N: 8992, E: 8257)","size":1,"tier":1},"geometry":{"type":"Point","coordinates":[24769,26975]}},{"type":"Feature","properties":{"name":"Ferralith Cave (N: 8966, E: 8971)","size":1,"tier":1},"geometry":{"type":"Point","coordinates":[26912,26897]}},{"type":"Feature","properties":{"name":"Ferralith Cave (N: 9006, E: 8164)","size":1,"tier":1},"geometry":{"type":"Point","coordinates":[24491,27019]}},{"type":"Feature","properties":{"name":"Large Ferralith Cave (N: 8997, E: 8621)","size":2,"tier":1},"geometry":{"type":"Point","coordinates":[25865,26992]}},{"type":"Feature","properties":{"name":"Large Elenvar Cave (N: 9001, E: 9913)","size":2,"tier":4},"geometry":{"type":"Point","coordinates":[29740,27004]}},{"type":"Feature","properties":{"name":"Large Ferralith Cave (N: 9020, E: 8356)","size":2,"tier":1},"geometry":{"type":"Point","coordinates":[25068,27059]}},{"type":"Feature","properties":{"name":"Ferralith Cave (N: 9010, E: 8906)","size":1,"tier":1},"geometry":{"type":"Point","coordinates":[26718,27029]}},{"type":"Feature","properties":{"name":"Large Ferralith Cave (N: 9001, E: 9250)","size":2,"tier":1},"geometry":{"type":"Point","coordinates":[27752,27002]}},{"type":"Feature","properties":{"name":"Ferralith Cave (N: 9015, E: 9329)","size":1,"tier":1},"geometry":{"type":"Point","coordinates":[27989,27044]}},{"type":"Feature","properties":{"name":"Ferralith Cave (N: 9044, E: 8209)","size":1,"tier":1},"geometry":{"type":"Point","coordinates":[24626,27132]}},{"type":"Feature","properties":{"name":"Large Ferralith Cave (N: 9044, E: 8558)","size":2,"tier":1},"geometry":{"type":"Point","coordinates":[25674,27132]}},{"type":"Feature","properties":{"name":"Large Ferralith Cave (N: 9036, E: 8448)","size":2,"tier":1},"geometry":{"type":"Point","coordinates":[25344,27109]}},{"type":"Feature","properties":{"name":"Large Ferralith Cave (N: 9027, E: 9045)","size":2,"tier":1},"geometry":{"type":"Point","coordinates":[27138,27082]}},{"type":"Feature","properties":{"name":"Large Emarium Cave (N: 9047, E: 9466)","size":2,"tier":3},"geometry":{"type":"Point","coordinates":[28399,27142]}},{"type":"Feature","properties":{"name":"Ferralith Cave (N: 9039, E: 8706)","size":1,"tier":1},"geometry":{"type":"Point","coordinates":[26119,27116]}},{"type":"Feature","properties":{"name":"Ferralith Cave (N: 9047, E: 9181)","size":1,"tier":1},"geometry":{"type":"Point","coordinates":[27545,27140]}},{"type":"Feature","properties":{"name":"Ferralith Cave (N: 9072, E: 8271)","size":1,"tier":1},"geometry":{"type":"Point","coordinates":[24813,27217]}},{"type":"Feature","properties":{"name":"Ferralith Cave (N: 9086, E: 9214)","size":1,"tier":1},"geometry":{"type":"Point","coordinates":[27643,27259]}},{"type":"Feature","properties":{"name":"Large Rathium Cave (N: 9075, E: 9685)","size":2,"tier":6},"geometry":{"type":"Point","coordinates":[29057,27226]}},{"type":"Feature","properties":{"name":"Large Luminite Cave (N: 9065, E: 7959)","size":2,"tier":5},"geometry":{"type":"Point","coordinates":[23879,27194]}},{"type":"Feature","properties":{"name":"Ferralith Cave (N: 9083, E: 8655)","size":1,"tier":1},"geometry":{"type":"Point","coordinates":[25966,27248]}},{"type":"Feature","properties":{"name":"Ferralith Cave (N: 9057, E: 9118)","size":1,"tier":1},"geometry":{"type":"Point","coordinates":[27355,27170]}},{"type":"Feature","properties":{"name":"Ferralith Cave (N: 9106, E: 8390)","size":1,"tier":1},"geometry":{"type":"Point","coordinates":[25170,27318]}},{"type":"Feature","properties":{"name":"Large Ferralith Cave (N: 9105, E: 8757)","size":2,"tier":1},"geometry":{"type":"Point","coordinates":[26271,27315]}},{"type":"Feature","properties":{"name":"Ferralith Cave (N: 9106, E: 9173)","size":1,"tier":1},"geometry":{"type":"Point","coordinates":[27519,27318]}},{"type":"Feature","properties":{"name":"Ferralith Cave (N: 9108, E: 8317)","size":1,"tier":1},"geometry":{"type":"Point","coordinates":[24951,27325]}},{"type":"Feature","properties":{"name":"Ferralith Cave (N: 9089, E: 8902)","size":1,"tier":1},"geometry":{"type":"Point","coordinates":[26707,27268]}},{"type":"Feature","properties":{"name":"Ferralith Cave (N: 9116, E: 9085)","size":1,"tier":1},"geometry":{"type":"Point","coordinates":[27256,27349]}},{"type":"Feature","properties":{"name":"Ferralith Cave (N: 9134, E: 8933)","size":1,"tier":1},"geometry":{"type":"Point","coordinates":[26799,27402]}},{"type":"Feature","properties":{"name":"Large Ferralith Cave (N: 9130, E: 8837)","size":2,"tier":1},"geometry":{"type":"Point","coordinates":[26510,27391]}},{"type":"Feature","properties":{"name":"Ferralith Cave (N: 9150, E: 8977)","size":1,"tier":1},"geometry":{"type":"Point","coordinates":[26931,27451]}},{"type":"Feature","properties":{"name":"Ferralith Cave (N: 9129, E: 8215)","size":1,"tier":1},"geometry":{"type":"Point","coordinates":[24647,27386]}},{"type":"Feature","properties":{"name":"Ferralith Cave (N: 9132, E: 8268)","size":1,"tier":1},"geometry":{"type":"Point","coordinates":[24804,27395]}},{"type":"Feature","properties":{"name":"Ferralith Cave (N: 9130, E: 8524)","size":1,"tier":1},"geometry":{"type":"Point","coordinates":[25572,27389]}},{"type":"Feature","properties":{"name":"Large Ferralith Cave (N: 9148, E: 8603)","size":2,"tier":1},"geometry":{"type":"Point","coordinates":[25808,27443]}},{"type":"Feature","properties":{"name":"Ferralith Cave (N: 9173, E: 8364)","size":1,"tier":1},"geometry":{"type":"Point","coordinates":[25093,27519]}},{"type":"Feature","properties":{"name":"Large Elenvar Cave (N: 9171, E: 9839)","size":2,"tier":4},"geometry":{"type":"Point","coordinates":[29518,27513]}},{"type":"Feature","properties":{"name":"Ferralith Cave (N: 9166, E: 8478)","size":1,"tier":1},"geometry":{"type":"Point","coordinates":[25434,27499]}},{"type":"Feature","properties":{"name":"Large Pyrelite Cave (N: 9163, E: 9345)","size":2,"tier":2},"geometry":{"type":"Point","coordinates":[28036,27490]}},{"type":"Feature","properties":{"name":"Ferralith Cave (N: 9178, E: 8143)","size":1,"tier":1},"geometry":{"type":"Point","coordinates":[24427,27533]}},{"type":"Feature","properties":{"name":"Ferralith Cave (N: 9161, E: 9178)","size":1,"tier":1},"geometry":{"type":"Point","coordinates":[27535,27482]}},{"type":"Feature","properties":{"name":"Ferralith Cave (N: 9202, E: 8888)","size":1,"tier":1},"geometry":{"type":"Point","coordinates":[26663,27606]}},{"type":"Feature","properties":{"name":"Large Ferralith Cave (N: 9209, E: 9107)","size":2,"tier":1},"geometry":{"type":"Point","coordinates":[27321,27627]}},{"type":"Feature","properties":{"name":"Ferralith Cave (N: 9213, E: 9233)","size":1,"tier":1},"geometry":{"type":"Point","coordinates":[27701,27639]}},{"type":"Feature","properties":{"name":"Ferralith Cave (N: 9184, E: 8222)","size":1,"tier":1},"geometry":{"type":"Point","coordinates":[24666,27553]}},{"type":"Feature","properties":{"name":"Large Ferralith Cave (N: 9204, E: 8661)","size":2,"tier":1},"geometry":{"type":"Point","coordinates":[25983,27613]}},{"type":"Feature","properties":{"name":"Large Ferralith Cave (N: 9189, E: 8779)","size":2,"tier":1},"geometry":{"type":"Point","coordinates":[26339,27568]}},{"type":"Feature","properties":{"name":"Large Elenvar Cave (N: 9187, E: 9990)","size":2,"tier":4},"geometry":{"type":"Point","coordinates":[29971,27562]}},{"type":"Feature","properties":{"name":"Ferralith Cave (N: 9203, E: 8973)","size":1,"tier":1},"geometry":{"type":"Point","coordinates":[26921,27608]}},{"type":"Feature","properties":{"name":"Large Pyrelite Cave (N: 9235, E: 7910)","size":2,"tier":2},"geometry":{"type":"Point","coordinates":[23730,27705]}},{"type":"Feature","properties":{"name":"Ferralith Cave (N: 9224, E: 8848)","size":1,"tier":1},"geometry":{"type":"Point","coordinates":[26544,27672]}},{"type":"Feature","properties":{"name":"Ferralith Cave (N: 9235, E: 8927)","size":1,"tier":1},"geometry":{"type":"Point","coordinates":[26781,27705]}},{"type":"Feature","properties":{"name":"Large Ferralith Cave (N: 9229, E: 8301)","size":2,"tier":1},"geometry":{"type":"Point","coordinates":[24904,27688]}},{"type":"Feature","properties":{"name":"Ferralith Cave (N: 9217, E: 9023)","size":1,"tier":1},"geometry":{"type":"Point","coordinates":[27071,27652]}},{"type":"Feature","properties":{"name":"Ferralith Cave (N: 9237, E: 9188)","size":1,"tier":1},"geometry":{"type":"Point","coordinates":[27566,27712]}},{"type":"Feature","properties":{"name":"Large Emarium Cave (N: 9239, E: 9477)","size":2,"tier":3},"geometry":{"type":"Point","coordinates":[28434,27718]}},{"type":"Feature","properties":{"name":"Large Ferralith Cave (N: 9230, E: 8549)","size":2,"tier":1},"geometry":{"type":"Point","coordinates":[25645,27689]}},{"type":"Feature","properties":{"name":"Ferralith Cave (N: 9264, E: 8879)","size":1,"tier":1},"geometry":{"type":"Point","coordinates":[26636,27792]}},{"type":"Feature","properties":{"name":"Large Ferralith Cave (N: 9277, E: 8207)","size":2,"tier":1},"geometry":{"type":"Point","coordinates":[24623,27832]}},{"type":"Feature","properties":{"name":"Large Ferralith Cave (N: 9258, E: 8416)","size":2,"tier":1},"geometry":{"type":"Point","coordinates":[25248,27775]}},{"type":"Feature","properties":{"name":"Ferralith Cave (N: 9269, E: 8717)","size":1,"tier":1},"geometry":{"type":"Point","coordinates":[26152,27808]}},{"type":"Feature","properties":{"name":"Ferralith Cave (N: 9271, E: 8987)","size":1,"tier":1},"geometry":{"type":"Point","coordinates":[26963,27814]}},{"type":"Feature","properties":{"name":"Large Pyrelite Cave (N: 9269, E: 9580)","size":2,"tier":2},"geometry":{"type":"Point","coordinates":[28741,27808]}},{"type":"Feature","properties":{"name":"Ferralith Cave (N: 9280, E: 8011)","size":1,"tier":1},"geometry":{"type":"Point","coordinates":[24032,27839]}},{"type":"Feature","properties":{"name":"Large Ferralith Cave (N: 9297, E: 8628)","size":2,"tier":1},"geometry":{"type":"Point","coordinates":[25886,27891]}},{"type":"Feature","properties":{"name":"Ferralith Cave (N: 9293, E: 8782)","size":1,"tier":1},"geometry":{"type":"Point","coordinates":[26348,27879]}},{"type":"Feature","properties":{"name":"Large Pyrelite Cave (N: 9290, E: 9323)","size":2,"tier":2},"geometry":{"type":"Point","coordinates":[27968,27870]}},{"type":"Feature","properties":{"name":"Large Elenvar Cave (N: 9303, E: 9715)","size":2,"tier":4},"geometry":{"type":"Point","coordinates":[29147,27910]}},{"type":"Feature","properties":{"name":"Ferralith Cave (N: 9285, E: 9158)","size":1,"tier":1},"geometry":{"type":"Point","coordinates":[27474,27854]}},{"type":"Feature","properties":{"name":"Ferralith Cave (N: 9323, E: 8142)","size":1,"tier":1},"geometry":{"type":"Point","coordinates":[24428,27969]}},{"type":"Feature","properties":{"name":"Large Ferralith Cave (N: 9318, E: 8533)","size":2,"tier":1},"geometry":{"type":"Point","coordinates":[25598,27954]}},{"type":"Feature","properties":{"name":"Ferralith Cave (N: 9334, E: 8701)","size":1,"tier":1},"geometry":{"type":"Point","coordinates":[26104,28002]}},{"type":"Feature","properties":{"name":"Ferralith Cave (N: 9315, E: 8845)","size":1,"tier":1},"geometry":{"type":"Point","coordinates":[26535,27945]}},{"type":"Feature","properties":{"name":"Ferralith Cave (N: 9321, E: 8897)","size":1,"tier":1},"geometry":{"type":"Point","coordinates":[26691,27963]}},{"type":"Feature","properties":{"name":"Large Ferralith Cave (N: 9326, E: 9094)","size":2,"tier":1},"geometry":{"type":"Point","coordinates":[27283,27979]}},{"type":"Feature","properties":{"name":"Large Ferralith Cave (N: 9341, E: 7938)","size":2,"tier":1},"geometry":{"type":"Point","coordinates":[23816,28022]}},{"type":"Feature","properties":{"name":"Ferralith Cave (N: 9343, E: 8035)","size":1,"tier":1},"geometry":{"type":"Point","coordinates":[24107,28028]}},{"type":"Feature","properties":{"name":"Large Elenvar Cave (N: 9338, E: 9860)","size":2,"tier":4},"geometry":{"type":"Point","coordinates":[29580,28013]}},{"type":"Feature","properties":{"name":"Large Ferralith Cave (N: 9365, E: 7865)","size":2,"tier":1},"geometry":{"type":"Point","coordinates":[23595,28095]}},{"type":"Feature","properties":{"name":"Ferralith Cave (N: 9356, E: 8108)","size":1,"tier":1},"geometry":{"type":"Point","coordinates":[24324,28069]}},{"type":"Feature","properties":{"name":"Large Pyrelite Cave (N: 9361, E: 8299)","size":2,"tier":2},"geometry":{"type":"Point","coordinates":[24900,28084]}},{"type":"Feature","properties":{"name":"Ferralith Cave (N: 9363, E: 8178)","size":1,"tier":1},"geometry":{"type":"Point","coordinates":[24534,28088]}},{"type":"Feature","properties":{"name":"Large Ferralith Cave (N: 9360, E: 8451)","size":2,"tier":1},"geometry":{"type":"Point","coordinates":[25352,28079]}},{"type":"Feature","properties":{"name":"Ferralith Cave (N: 9370, E: 8856)","size":1,"tier":1},"geometry":{"type":"Point","coordinates":[26566,28109]}},{"type":"Feature","properties":{"name":"Large Pyrelite Cave (N: 9402, E: 9338)","size":2,"tier":2},"geometry":{"type":"Point","coordinates":[28013,28206]}},{"type":"Feature","properties":{"name":"Large Pyrelite Cave (N: 9383, E: 9443)","size":2,"tier":2},"geometry":{"type":"Point","coordinates":[28329,28149]}},{"type":"Feature","properties":{"name":"Ferralith Cave (N: 9396, E: 8140)","size":1,"tier":1},"geometry":{"type":"Point","coordinates":[24419,28189]}},{"type":"Feature","properties":{"name":"Ferralith Cave (N: 9402, E: 8515)","size":1,"tier":1},"geometry":{"type":"Point","coordinates":[25545,28207]}},{"type":"Feature","properties":{"name":"Large Ferralith Cave (N: 9402, E: 8625)","size":2,"tier":1},"geometry":{"type":"Point","coordinates":[25875,28207]}},{"type":"Feature","properties":{"name":"Ferralith Cave (N: 9436, E: 8550)","size":1,"tier":1},"geometry":{"type":"Point","coordinates":[25651,28308]}},{"type":"Feature","properties":{"name":"Large Pyrelite Cave (N: 9413, E: 8772)","size":2,"tier":2},"geometry":{"type":"Point","coordinates":[26318,28239]}},{"type":"Feature","properties":{"name":"Large Ferralith Cave (N: 9453, E: 8204)","size":2,"tier":1},"geometry":{"type":"Point","coordinates":[24613,28359]}},{"type":"Feature","properties":{"name":"Large Ferralith Cave (N: 9465, E: 8296)","size":2,"tier":1},"geometry":{"type":"Point","coordinates":[24889,28395]}},{"type":"Feature","properties":{"name":"Ferralith Cave (N: 9468, E: 8888)","size":1,"tier":1},"geometry":{"type":"Point","coordinates":[26663,28404]}},{"type":"Feature","properties":{"name":"Large Ferralith Cave (N: 9454, E: 8017)","size":2,"tier":1},"geometry":{"type":"Point","coordinates":[24051,28363]}},{"type":"Feature","properties":{"name":"Ferralith Cave (N: 9456, E: 8502)","size":1,"tier":1},"geometry":{"type":"Point","coordinates":[25505,28369]}},{"type":"Feature","properties":{"name":"Large Ferralith Cave (N: 9449, E: 7919)","size":2,"tier":1},"geometry":{"type":"Point","coordinates":[23757,28346]}},{"type":"Feature","properties":{"name":"Ferralith Cave (N: 9441, E: 8110)","size":1,"tier":1},"geometry":{"type":"Point","coordinates":[24332,28322]}},{"type":"Feature","properties":{"name":"Large Ferralith Cave (N: 9460, E: 8419)","size":2,"tier":1},"geometry":{"type":"Point","coordinates":[25257,28379]}},{"type":"Feature","properties":{"name":"Ferralith Cave (N: 9469, E: 8952)","size":1,"tier":1},"geometry":{"type":"Point","coordinates":[26856,28406]}},{"type":"Feature","properties":{"name":"Large Emarium Cave (N: 9476, E: 9217)","size":2,"tier":3},"geometry":{"type":"Point","coordinates":[27652,28428]}},{"type":"Feature","properties":{"name":"Large Elenvar Cave (N: 9489, E: 9830)","size":2,"tier":4},"geometry":{"type":"Point","coordinates":[29490,28467]}},{"type":"Feature","properties":{"name":"Large Ferralith Cave (N: 9496, E: 7852)","size":2,"tier":1},"geometry":{"type":"Point","coordinates":[23555,28489]}},{"type":"Feature","properties":{"name":"Large Elenvar Cave (N: 9499, E: 9579)","size":2,"tier":4},"geometry":{"type":"Point","coordinates":[28738,28498]}},{"type":"Feature","properties":{"name":"Large Ferralith Cave (N: 9499, E: 8715)","size":2,"tier":1},"geometry":{"type":"Point","coordinates":[26145,28496]}},{"type":"Feature","properties":{"name":"Ferralith Cave (N: 9495, E: 9008)","size":1,"tier":1},"geometry":{"type":"Point","coordinates":[27026,28484]}},{"type":"Feature","properties":{"name":"Ferralith Cave (N: 9504, E: 8530)","size":1,"tier":1},"geometry":{"type":"Point","coordinates":[25589,28512]}},{"type":"Feature","properties":{"name":"Large Elenvar Cave (N: 9534, E: 9445)","size":2,"tier":4},"geometry":{"type":"Point","coordinates":[28336,28602]}},{"type":"Feature","properties":{"name":"Large Ferralith Cave (N: 9533, E: 7935)","size":2,"tier":1},"geometry":{"type":"Point","coordinates":[23808,28600]}},{"type":"Feature","properties":{"name":"Large Ferralith Cave (N: 9509, E: 8619)","size":2,"tier":1},"geometry":{"type":"Point","coordinates":[25858,28528]}},{"type":"Feature","properties":{"name":"Large Ferralith Cave (N: 9523, E: 8816)","size":2,"tier":1},"geometry":{"type":"Point","coordinates":[26451,28570]}},{"type":"Feature","properties":{"name":"Large Ferralith Cave (N: 9530, E: 8350)","size":2,"tier":1},"geometry":{"type":"Point","coordinates":[25048,28589]}},{"type":"Feature","properties":{"name":"Ferralith Cave (N: 9514, E: 9056)","size":1,"tier":1},"geometry":{"type":"Point","coordinates":[27166,28541]}},{"type":"Feature","properties":{"name":"Large Aurumite Cave (N: 9559, E: 10037)","size":2,"tier":7},"geometry":{"type":"Point","coordinates":[30113,28677]}},{"type":"Feature","properties":{"name":"Large Ferralith Cave (N: 9538, E: 8248)","size":2,"tier":1},"geometry":{"type":"Point","coordinates":[24743,28615]}},{"type":"Feature","properties":{"name":"Large Ferralith Cave (N: 9543, E: 8021)","size":2,"tier":1},"geometry":{"type":"Point","coordinates":[24065,28628]}},{"type":"Feature","properties":{"name":"Large Ferralith Cave (N: 9540, E: 8153)","size":2,"tier":1},"geometry":{"type":"Point","coordinates":[24457,28619]}},{"type":"Feature","properties":{"name":"Ferralith Cave (N: 9555, E: 8536)","size":1,"tier":1},"geometry":{"type":"Point","coordinates":[25609,28664]}},{"type":"Feature","properties":{"name":"Large Ferralith Cave (N: 9562, E: 8953)","size":2,"tier":1},"geometry":{"type":"Point","coordinates":[26857,28685]}},{"type":"Feature","properties":{"name":"Ferralith Cave (N: 9569, E: 9052)","size":1,"tier":1},"geometry":{"type":"Point","coordinates":[27157,28707]}},{"type":"Feature","properties":{"name":"Large Ferralith Cave (N: 9574, E: 8462)","size":2,"tier":1},"geometry":{"type":"Point","coordinates":[25385,28723]}},{"type":"Feature","properties":{"name":"Large Ferralith Cave (N: 9625, E: 7908)","size":2,"tier":1},"geometry":{"type":"Point","coordinates":[23725,28876]}},{"type":"Feature","properties":{"name":"Ferralith Cave (N: 9629, E: 8270)","size":1,"tier":1},"geometry":{"type":"Point","coordinates":[24812,28888]}},{"type":"Feature","properties":{"name":"Ferralith Cave (N: 9621, E: 8395)","size":1,"tier":1},"geometry":{"type":"Point","coordinates":[25187,28864]}},{"type":"Feature","properties":{"name":"Ferralith Cave (N: 9612, E: 9099)","size":1,"tier":1},"geometry":{"type":"Point","coordinates":[27296,28835]}},{"type":"Feature","properties":{"name":"Large Ferralith Cave (N: 9661, E: 8578)","size":2,"tier":1},"geometry":{"type":"Point","coordinates":[25735,28983]}},{"type":"Feature","properties":{"name":"Large Pyrelite Cave (N: 9649, E: 9196)","size":2,"tier":2},"geometry":{"type":"Point","coordinates":[27590,28947]}},{"type":"Feature","properties":{"name":"Large Pyrelite Cave (N: 9655, E: 8070)","size":2,"tier":2},"geometry":{"type":"Point","coordinates":[24211,28966]}},{"type":"Feature","properties":{"name":"Large Ferralith Cave (N: 9652, E: 8836)","size":2,"tier":1},"geometry":{"type":"Point","coordinates":[26508,28957]}},{"type":"Feature","properties":{"name":"Ferralith Cave (N: 9648, E: 8357)","size":1,"tier":1},"geometry":{"type":"Point","coordinates":[25069,28943]}},{"type":"Feature","properties":{"name":"Large Ferralith Cave (N: 9681, E: 8210)","size":2,"tier":1},"geometry":{"type":"Point","coordinates":[24631,29043]}},{"type":"Feature","properties":{"name":"Ferralith Cave (N: 9681, E: 8295)","size":1,"tier":1},"geometry":{"type":"Point","coordinates":[24886,29044]}},{"type":"Feature","properties":{"name":"Large Ferralith Cave (N: 9690, E: 8447)","size":2,"tier":1},"geometry":{"type":"Point","coordinates":[25341,29071]}},{"type":"Feature","properties":{"name":"Large Ferralith Cave (N: 9684, E: 8658)","size":2,"tier":1},"geometry":{"type":"Point","coordinates":[25973,29053]}},{"type":"Feature","properties":{"name":"Large Ferralith Cave (N: 9690, E: 8917)","size":2,"tier":1},"geometry":{"type":"Point","coordinates":[26751,29071]}},{"type":"Feature","properties":{"name":"Large Ferralith Cave (N: 9679, E: 9036)","size":2,"tier":1},"geometry":{"type":"Point","coordinates":[27111,29038]}},{"type":"Feature","properties":{"name":"Large Ferralith Cave (N: 9697, E: 7983)","size":2,"tier":1},"geometry":{"type":"Point","coordinates":[23951,29091]}},{"type":"Feature","properties":{"name":"Large Elenvar Cave (N: 9707, E: 9380)","size":2,"tier":4},"geometry":{"type":"Point","coordinates":[28142,29121]}},{"type":"Feature","properties":{"name":"Ferralith Cave (N: 9710, E: 9115)","size":1,"tier":1},"geometry":{"type":"Point","coordinates":[27345,29131]}},{"type":"Feature","properties":{"name":"Large Aurumite Cave (N: 9706, E: 9830)","size":2,"tier":7},"geometry":{"type":"Point","coordinates":[29491,29119]}},{"type":"Feature","properties":{"name":"Ferralith Cave (N: 9701, E: 8356)","size":1,"tier":1},"geometry":{"type":"Point","coordinates":[25068,29102]}},{"type":"Feature","properties":{"name":"Ferralith Cave (N: 9755, E: 9086)","size":1,"tier":1},"geometry":{"type":"Point","coordinates":[27260,29265]}},{"type":"Feature","properties":{"name":"Ferralith Cave (N: 9748, E: 8985)","size":1,"tier":1},"geometry":{"type":"Point","coordinates":[26954,29245]}},{"type":"Feature","properties":{"name":"Ferralith Cave (N: 9767, E: 8218)","size":1,"tier":1},"geometry":{"type":"Point","coordinates":[24656,29301]}},{"type":"Feature","properties":{"name":"Large Pyrelite Cave (N: 9791, E: 9178)","size":2,"tier":2},"geometry":{"type":"Point","coordinates":[27534,29373]}},{"type":"Feature","properties":{"name":"Ferralith Cave (N: 9769, E: 8054)","size":1,"tier":1},"geometry":{"type":"Point","coordinates":[24164,29308]}},{"type":"Feature","properties":{"name":"Ferralith Cave (N: 9762, E: 8158)","size":1,"tier":1},"geometry":{"type":"Point","coordinates":[24475,29287]}},{"type":"Feature","properties":{"name":"Ferralith Cave (N: 9770, E: 8107)","size":1,"tier":1},"geometry":{"type":"Point","coordinates":[24322,29311]}},{"type":"Feature","properties":{"name":"Ferralith Cave (N: 9778, E: 8274)","size":1,"tier":1},"geometry":{"type":"Point","coordinates":[24821,29333]}},{"type":"Feature","properties":{"name":"Ferralith Cave (N: 9763, E: 8321)","size":1,"tier":1},"geometry":{"type":"Point","coordinates":[24964,29288]}},{"type":"Feature","properties":{"name":"Large Ferralith Cave (N: 9808, E: 8399)","size":2,"tier":1},"geometry":{"type":"Point","coordinates":[25197,29424]}},{"type":"Feature","properties":{"name":"Large Ferralith Cave (N: 9807, E: 8871)","size":2,"tier":1},"geometry":{"type":"Point","coordinates":[26614,29421]}},{"type":"Feature","properties":{"name":"Large Ferralith Cave (N: 9792, E: 8772)","size":2,"tier":1},"geometry":{"type":"Point","coordinates":[26317,29377]}},{"type":"Feature","properties":{"name":"Large Ferralith Cave (N: 9819, E: 8505)","size":2,"tier":1},"geometry":{"type":"Point","coordinates":[25516,29456]}},{"type":"Feature","properties":{"name":"Large Ferralith Cave (N: 9854, E: 8106)","size":2,"tier":1},"geometry":{"type":"Point","coordinates":[24317,29562]}},{"type":"Feature","properties":{"name":"Ferralith Cave (N: 9826, E: 8308)","size":1,"tier":1},"geometry":{"type":"Point","coordinates":[24923,29478]}},{"type":"Feature","properties":{"name":"Large Emarium Cave (N: 9834, E: 9284)","size":2,"tier":3},"geometry":{"type":"Point","coordinates":[27853,29502]}},{"type":"Feature","properties":{"name":"Ferralith Cave (N: 9825, E: 8954)","size":1,"tier":1},"geometry":{"type":"Point","coordinates":[26864,29476]}},{"type":"Feature","properties":{"name":"Large Elenvar Cave (N: 9830, E: 9488)","size":2,"tier":4},"geometry":{"type":"Point","coordinates":[28464,29491]}},{"type":"Feature","properties":{"name":"Ferralith Cave (N: 9877, E: 8973)","size":1,"tier":1},"geometry":{"type":"Point","coordinates":[26921,29631]}},{"type":"Feature","properties":{"name":"Ferralith Cave (N: 9886, E: 8781)","size":1,"tier":1},"geometry":{"type":"Point","coordinates":[26342,29657]}},{"type":"Feature","properties":{"name":"Large Elenvar Cave (N: 9866, E: 9692)","size":2,"tier":4},"geometry":{"type":"Point","coordinates":[29075,29597]}},{"type":"Feature","properties":{"name":"Large Ferralith Cave (N: 9893, E: 8861)","size":2,"tier":1},"geometry":{"type":"Point","coordinates":[26584,29679]}},{"type":"Feature","properties":{"name":"Large Pyrelite Cave (N: 9898, E: 9156)","size":2,"tier":2},"geometry":{"type":"Point","coordinates":[27468,29695]}},{"type":"Feature","properties":{"name":"Ferralith Cave (N: 9910, E: 8720)","size":1,"tier":1},"geometry":{"type":"Point","coordinates":[26159,29729]}},{"type":"Feature","properties":{"name":"Ferralith Cave (N: 9929, E: 8933)","size":1,"tier":1},"geometry":{"type":"Point","coordinates":[26800,29787]}},{"type":"Feature","properties":{"name":"Large Aurumite Cave (N: 9930, E: 9955)","size":2,"tier":7},"geometry":{"type":"Point","coordinates":[29863,29789]}},{"type":"Feature","properties":{"name":"Ferralith Cave (N: 9972, E: 8655)","size":1,"tier":1},"geometry":{"type":"Point","coordinates":[25965,29916]}},{"type":"Feature","properties":{"name":"Ferralith Cave (N: 9977, E: 8888)","size":1,"tier":1},"geometry":{"type":"Point","coordinates":[26666,29931]}},{"type":"Feature","properties":{"name":"Ferralith Cave (N: 9968, E: 8736)","size":1,"tier":1},"geometry":{"type":"Point","coordinates":[26207,29905]}},{"type":"Feature","properties":{"name":"Large Elenvar Cave (N: 9960, E: 9588)","size":2,"tier":4},"geometry":{"type":"Point","coordinates":[28764,29879]}},{"type":"Feature","properties":{"name":"Large Ferralith Cave (N: 10006, E: 8802)","size":2,"tier":1},"geometry":{"type":"Point","coordinates":[26405,30017]}},{"type":"Feature","properties":{"name":"Large Pyrelite Cave (N: 10025, E: 9169)","size":2,"tier":2},"geometry":{"type":"Point","coordinates":[27509,30075]}},{"type":"Feature","properties":{"name":"Large Elenvar Cave (N: 10027, E: 9365)","size":2,"tier":4},"geometry":{"type":"Point","coordinates":[28095,30080]}},{"type":"Feature","properties":{"name":"Large Elenvar Cave (N: 10123, E: 9473)","size":2,"tier":4},"geometry":{"type":"Point","coordinates":[28420,30369]}},{"type":"Feature","properties":{"name":"Large Ferralith Cave (N: 9303, E: 8748)","size":2,"tier":1},"geometry":{"type":"Point","coordinates":[26245,27909]}},{"type":"Feature","properties":{"name":"Large Ferralith Cave (N: 9149, E: 8489)","size":2,"tier":1},"geometry":{"type":"Point","coordinates":[25468,27447]}},{"type":"Feature","properties":{"name":"Large Ferralith Cave (N: 8851, E: 8954)","size":2,"tier":1},"geometry":{"type":"Point","coordinates":[26863,26553]}},{"type":"Feature","properties":{"name":"Large Ferralith Cave (N: 8636, E: 8707)","size":2,"tier":1},"geometry":{"type":"Point","coordinates":[26121,25908]}}]